userId,interaction_network,degree
U1,"['U4931', 'U7638', 'U150', 'U6069']",4
U2,"['U4533', 'U8969', 'U13572', 'U5166']",4
U3,"['U4319', 'U5653', 'U4886', 'U4175']",4
U4,"['U10574', 'U10727', 'U4616']",3
U5,"['U5903', 'U4232', 'U2856']",3
U6,"['U10980', 'U12090', 'U2502', 'U522', 'U3406', 'U7414', 'U1348', 'U12881']",8
U7,"['U2392', 'U59', 'U3762', 'U12075']",4
U8,"['U4227', 'U9996']",2
U9,"['U7251', 'U3436', 'U14174', 'U7406', 'U12254', 'U11930', 'U14265', 'U12762']",8
U10,"['U11603', 'U12125']",2
U11,"['U3182', 'U7473', 'U7369']",3
U12,"['U13305', 'U615', 'U4886', 'U11702', 'U5790']",5
U13,"['U4053', 'U5435', 'U5323']",3
U14,"['U9067', 'U10542']",2
U15,"['U4396', 'U13849', 'U8207', 'U7872', 'U13040', 'U10236']",6
U16,"['U626', 'U11232', 'U9895', 'U3849']",4
U17,"['U7411', 'U3287', 'U13558', 'U6582', 'U12942']",5
U18,"['U3586', 'U12145', 'U7021', 'U3189', 'U11134', 'U13028', 'U7737', 'U5071', 'U14161']",9
U19,"['U7599', 'U4374', 'U12377', 'U7802', 'U3141', 'U846', 'U236']",7
U20,"['U14306', 'U12699']",2
U21,"['U12652', 'U5151', 'U10379', 'U8623']",4
U22,"['U14030', 'U3644', 'U3165']",3
U23,"['U4070', 'U4230', 'U11022', 'U1078', 'U13079']",5
U24,"['U13760', 'U2964', 'U8652', 'U13783', 'U11931']",5
U25,"['U560', 'U9333', 'U6340', 'U2541', 'U8434', 'U1196', 'U1636']",7
U26,"['U10234', 'U2349', 'U10515', 'U3814', 'U1614', 'U13543']",6
U27,"['U12796', 'U12492', 'U78', 'U10225', 'U6519']",5
U28,"['U14713', 'U4823', 'U12091', 'U13156', 'U8246']",5
U29,"['U135', 'U13254', 'U513', 'U6485']",4
U30,"['U5524', 'U11623', 'U9604', 'U483', 'U11928', 'U2612', 'U5649']",7
U31,['U2140'],1
U32,"['U10042', 'U6543', 'U10186']",3
U33,"['U3364', 'U4627', 'U7070', 'U414']",4
U34,"['U12755', 'U7762']",2
U35,"['U11704', 'U12859', 'U2000', 'U11789', 'U12666']",5
U36,"['U127', 'U1645', 'U8276', 'U6214', 'U9103', 'U6006', 'U4741']",7
U37,"['U2287', 'U9561', 'U1363']",3
U38,"['U2981', 'U2049', 'U740', 'U11086', 'U7924', 'U4325', 'U9787']",7
U39,"['U10463', 'U2218', 'U4587', 'U14876', 'U12246']",5
U40,"['U7602', 'U7513', 'U5064', 'U14162', 'U5326']",5
U41,"['U10876', 'U8578', 'U10308', 'U4738', 'U3857']",5
U42,"['U10260', 'U5216', 'U12759', 'U8070', 'U4269']",5
U43,"['U12718', 'U2214', 'U3249', 'U2256', 'U2662', 'U97']",6
U44,"['U11751', 'U5898', 'U6839']",3
U45,"['U4181', 'U7326', 'U14273', 'U426', 'U6363']",5
U46,"['U14622', 'U4483', 'U12049', 'U5116', 'U6746']",5
U47,"['U2153', 'U5040', 'U127', 'U4716', 'U9027', 'U6849', 'U1505', 'U6164']",8
U48,"['U2434', 'U10448', 'U10605', 'U14495', 'U12315', 'U13466', 'U8013', 'U3343']",8
U49,"['U11686', 'U6677', 'U2441', 'U6992', 'U13034', 'U14093', 'U14454']",7
U50,"['U7135', 'U3095', 'U5850']",3
U51,"['U665', 'U5190', 'U4813']",3
U52,"['U14091', 'U7672', 'U12054', 'U7887', 'U12211', 'U6167', 'U1020']",7
U53,"['U7146', 'U13667', 'U13104', 'U5901']",4
U54,"['U1293', 'U6963', 'U1676', 'U8660', 'U9746', 'U11777']",6
U55,"['U525', 'U9866']",2
U56,"['U13323', 'U11108']",2
U57,"['U9488', 'U3193', 'U14146', 'U8918', 'U1328', 'U9606', 'U9163', 'U9199']",8
U58,"['U8655', 'U10140', 'U1037', 'U5066', 'U11307']",5
U59,"['U13184', 'U8858', 'U2026']",3
U60,"['U694', 'U13097', 'U9256', 'U2264', 'U624']",5
U61,"['U5813', 'U4670', 'U4766', 'U13505', 'U3970', 'U11027', 'U1346', 'U9410']",8
U62,"['U11768', 'U8378', 'U783', 'U11987', 'U7872', 'U2728', 'U873', 'U10416', 'U43']",9
U63,"['U3559', 'U1196', 'U11858']",3
U64,"['U3086', 'U12755', 'U11463']",3
U65,"['U14924', 'U2215', 'U13009', 'U8719', 'U10950', 'U9407']",6
U66,['U6581'],1
U67,"['U5463', 'U842', 'U6446', 'U8358', 'U12300']",5
U68,"['U9792', 'U77', 'U5140', 'U9714', 'U14656']",5
U69,"['U12793', 'U8415', 'U7109', 'U9442']",4
U70,['U12392'],1
U71,['U1640'],1
U72,"['U12434', 'U3682', 'U2955', 'U14377', 'U11805', 'U14667', 'U3282', 'U1336']",8
U73,"['U4725', 'U246', 'U1225', 'U7340', 'U2475']",5
U74,"['U8171', 'U12524', 'U11607', 'U2544']",4
U75,"['U5976', 'U3086', 'U548', 'U2795', 'U13206', 'U8277', 'U2663', 'U5157']",8
U76,"['U8223', 'U3787', 'U7567', 'U3643', 'U1782']",5
U77,"['U3898', 'U8104', 'U7948', 'U13156', 'U249', 'U2592']",6
U78,"['U13678', 'U9059', 'U842', 'U11022']",4
U79,"['U1484', 'U7576', 'U11004', 'U632', 'U10949', 'U4163']",6
U80,"['U14436', 'U13532', 'U4027', 'U5962']",4
U81,['U11846'],1
U82,"['U14022', 'U14419', 'U5857', 'U4676', 'U11253', 'U4178', 'U11578']",7
U83,"['U4845', 'U10049', 'U8869', 'U14598', 'U14295', 'U10429']",6
U84,"['U9192', 'U14467', 'U6959', 'U3718', 'U10023']",5
U85,"['U8822', 'U3486', 'U6485', 'U9159']",4
U86,"['U3282', 'U7892', 'U4042', 'U6948', 'U11742', 'U2104', 'U5031', 'U12167']",8
U87,"['U2679', 'U11587', 'U10057', 'U14598']",4
U88,"['U11022', 'U2557', 'U5461', 'U2670']",4
U89,"['U4528', 'U8453']",2
U90,"['U1073', 'U3627', 'U6720', 'U2125', 'U7086', 'U1714', 'U885']",7
U91,"['U8662', 'U14654', 'U5008', 'U2997', 'U10286', 'U3695', 'U11915']",7
U92,"['U4189', 'U407', 'U1504', 'U14405']",4
U93,"['U3637', 'U14054', 'U13956', 'U5323', 'U1422', 'U1485']",6
U94,"['U1121', 'U10204', 'U6208']",3
U95,"['U5278', 'U2793', 'U12586', 'U6371']",4
U96,"['U2265', 'U5665', 'U14591', 'U4369']",4
U97,"['U6552', 'U3256', 'U539', 'U1753', 'U2779', 'U8725', 'U5674']",7
U98,"['U2967', 'U14943', 'U7479', 'U14191', 'U3614']",5
U99,"['U2536', 'U4835', 'U1892']",3
U100,"['U235', 'U12567', 'U3860', 'U4221', 'U9488', 'U10168']",6
U101,"['U3960', 'U10416', 'U9614']",3
U102,"['U1127', 'U8810']",2
U103,"['U11578', 'U12717']",2
U104,"['U5142', 'U8483', 'U14228', 'U2535']",4
U105,"['U11774', 'U7818']",2
U106,"['U14051', 'U2692', 'U6892', 'U1076', 'U10511']",5
U107,"['U5822', 'U1121', 'U14756']",3
U108,"['U14164', 'U1122', 'U6762', 'U4040']",4
U109,"['U3916', 'U14966']",2
U110,"['U6565', 'U10514']",2
U111,"['U4214', 'U1211', 'U12919']",3
U112,"['U1151', 'U535']",2
U113,"['U4535', 'U10525', 'U10544', 'U3436', 'U6080']",5
U114,"['U5210', 'U13862', 'U1645', 'U6498']",4
U115,"['U7356', 'U5111', 'U6603', 'U5209', 'U1101', 'U6912', 'U3092']",7
U116,"['U2558', 'U13536', 'U5110', 'U4616']",4
U117,"['U12541', 'U14661', 'U2256', 'U14850', 'U13564']",5
U118,"['U9671', 'U13853']",2
U119,"['U10453', 'U9898', 'U2426']",3
U120,"['U13377', 'U4389', 'U5077', 'U5894', 'U10621', 'U9271', 'U11256']",7
U121,"['U12199', 'U5327', 'U2816', 'U5361', 'U14762', 'U9122']",6
U122,"['U7401', 'U8440', 'U12700']",3
U123,"['U10808', 'U982', 'U7681']",3
U124,"['U6526', 'U716', 'U4718', 'U8522']",4
U125,"['U12908', 'U4873', 'U4927']",3
U126,"['U3442', 'U9529', 'U5070', 'U3743', 'U6716', 'U13039', 'U2119']",7
U127,"['U10044', 'U13391', 'U9375', 'U3250', 'U2076']",5
U128,"['U10487', 'U120', 'U7908', 'U2436', 'U2510', 'U8263', 'U8856', 'U5271', 'U10208']",9
U129,"['U10966', 'U7909', 'U10738', 'U8825']",4
U130,"['U11392', 'U6185', 'U7974']",3
U131,"['U13888', 'U7673', 'U7150', 'U5494']",4
U132,"['U7121', 'U7923', 'U8925', 'U4954', 'U13367']",5
U133,"['U3609', 'U1625', 'U3384', 'U11549', 'U3269', 'U12288', 'U9394', 'U6370']",8
U134,"['U6160', 'U12219', 'U8504', 'U7414']",4
U135,"['U5134', 'U1498', 'U13526']",3
U136,"['U12595', 'U8680', 'U378']",3
U137,"['U3824', 'U5650', 'U10478', 'U12814', 'U8920', 'U2311', 'U10364', 'U8459', 'U1669']",9
U138,"['U9880', 'U6813', 'U7997', 'U370']",4
U139,"['U83', 'U4290', 'U2271', 'U11628']",4
U140,"['U13254', 'U14945', 'U8028', 'U9540', 'U6146', 'U14065', 'U9490', 'U551']",8
U141,"['U10262', 'U4482', 'U10020', 'U11192', 'U10856', 'U14722']",6
U142,"['U12146', 'U9649', 'U4951', 'U9195', 'U8754', 'U4602']",6
U143,"['U13618', 'U7612', 'U1123', 'U2467']",4
U144,"['U7784', 'U6408', 'U9202', 'U5225', 'U8032', 'U5011']",6
U145,"['U7516', 'U1791', 'U4165', 'U8826', 'U2079']",5
U146,"['U5082', 'U12136']",2
U147,['U6773'],1
U148,"['U3288', 'U1668', 'U2289', 'U3919']",4
U149,"['U9044', 'U7922', 'U9016', 'U12385']",4
U150,"['U2525', 'U13543', 'U5472']",3
U151,['U1673'],1
U152,"['U13146', 'U9565', 'U12000', 'U2390', 'U1284', 'U708', 'U2198', 'U2992']",8
U153,"['U790', 'U4256', 'U13120', 'U12659', 'U11106', 'U1878', 'U1113']",7
U154,['U11731'],1
U155,"['U10347', 'U4507', 'U8524', 'U7894']",4
U156,"['U8856', 'U14786', 'U11474', 'U3621', 'U7881', 'U4384', 'U9099']",7
U157,"['U13528', 'U495', 'U3649', 'U7992', 'U11545']",5
U158,"['U7582', 'U11734', 'U6139', 'U11518']",4
U159,"['U9673', 'U12673', 'U14276', 'U948', 'U7146', 'U11954', 'U12016']",7
U160,"['U12064', 'U8011', 'U12531', 'U5343', 'U2338']",5
U161,['U7926'],1
U162,"['U4763', 'U13072', 'U14906', 'U8710']",4
U163,"['U8982', 'U9594', 'U11293']",3
U164,"['U1832', 'U8600', 'U155', 'U13744', 'U11378', 'U2933']",6
U165,"['U11996', 'U12964', 'U9986', 'U7620', 'U11111', 'U12638', 'U7881']",7
U166,"['U6253', 'U14162', 'U8331']",3
U167,"['U7110', 'U14826', 'U8047', 'U5800', 'U7476', 'U2131']",6
U168,"['U8982', 'U6809', 'U13572', 'U9685', 'U10888', 'U3364']",6
U169,"['U1130', 'U2254', 'U1402', 'U11392', 'U2099']",5
U170,"['U10839', 'U1951', 'U3943']",3
U171,"['U9248', 'U4055']",2
U172,"['U688', 'U11493', 'U9881', 'U11688', 'U1622', 'U8540', 'U8501']",7
U173,"['U8065', 'U8120', 'U13129', 'U14426', 'U3124', 'U10631', 'U7886', 'U10705']",8
U174,"['U9309', 'U1733', 'U1134', 'U2675', 'U417', 'U13766', 'U8103']",7
U175,"['U5102', 'U9322', 'U10384', 'U9615']",4
U176,"['U1967', 'U5312', 'U2836', 'U7058', 'U13010', 'U4779']",6
U177,"['U8353', 'U1598', 'U3789', 'U11479', 'U7727', 'U4649', 'U2647', 'U7862']",8
U178,"['U10102', 'U1245', 'U4387', 'U4610']",4
U179,"['U6760', 'U14202', 'U12285']",3
U180,"['U7130', 'U8955', 'U187']",3
U181,"['U4520', 'U9949', 'U8194', 'U5828']",4
U182,"['U14972', 'U6795', 'U8433', 'U5976']",4
U183,"['U14655', 'U4013', 'U12138', 'U2034', 'U4899', 'U11816']",6
U184,"['U2480', 'U14766', 'U9369', 'U14466', 'U12313', 'U3765']",6
U185,"['U14342', 'U6079', 'U11626', 'U11023', 'U8546', 'U164', 'U14731', 'U7858', 'U8000']",9
U186,"['U1466', 'U10460', 'U14480', 'U3080']",4
U187,"['U12854', 'U11659', 'U5840', 'U7772', 'U7168']",5
U188,"['U2486', 'U3883', 'U1520', 'U7135']",4
U189,"['U14593', 'U4408', 'U8380']",3
U190,"['U2867', 'U1912', 'U9811', 'U11987', 'U14262']",5
U191,"['U6513', 'U2334', 'U1935', 'U11784']",4
U192,"['U4848', 'U536', 'U14204', 'U4415', 'U12828', 'U6244']",6
U193,"['U8336', 'U9588']",2
U194,"['U14456', 'U9916', 'U2363', 'U4299', 'U480', 'U14842', 'U12295']",7
U195,"['U9738', 'U1398', 'U10792', 'U7993', 'U10462', 'U10614']",6
U196,"['U8028', 'U14415', 'U7041', 'U5080', 'U14953', 'U12036']",6
U197,"['U14197', 'U7824']",2
U198,"['U12271', 'U14734', 'U1600']",3
U199,"['U6394', 'U200', 'U12047', 'U4076', 'U1745', 'U11870', 'U1090', 'U13932', 'U698']",9
U200,"['U11398', 'U4472', 'U5297']",3
U201,"['U9726', 'U10595']",2
U202,"['U10469', 'U8811', 'U62', 'U12182', 'U12935']",5
U203,"['U4753', 'U5776']",2
U204,"['U7450', 'U9296', 'U13649', 'U3208', 'U13459', 'U14209']",6
U205,"['U8481', 'U1451', 'U7776', 'U1548']",4
U206,"['U2652', 'U5064', 'U6423', 'U14860']",4
U207,"['U10024', 'U14078', 'U1554', 'U1169']",4
U208,"['U6275', 'U5467']",2
U209,"['U13668', 'U1973', 'U12620', 'U1103', 'U12890']",5
U210,"['U12614', 'U12851', 'U9445', 'U12112', 'U5648']",5
U211,"['U11770', 'U3030', 'U10995']",3
U212,"['U1261', 'U13218', 'U10338', 'U5380', 'U8847']",5
U213,"['U7826', 'U13004', 'U4817']",3
U214,"['U11640', 'U14539', 'U2867', 'U7440', 'U12363']",5
U215,"['U3985', 'U11801', 'U263', 'U9', 'U13387']",5
U216,"['U5755', 'U4205', 'U6071', 'U9407', 'U6356']",5
U217,"['U11786', 'U1211', 'U7990', 'U9792', 'U8103']",5
U218,"['U12637', 'U964', 'U10029', 'U7268']",4
U219,"['U4551', 'U12012', 'U4256', 'U7073', 'U9995', 'U3953', 'U4707', 'U291']",8
U220,"['U6788', 'U11092', 'U12050']",3
U221,"['U9594', 'U376', 'U387', 'U6210', 'U168']",5
U222,"['U4782', 'U13849', 'U14701', 'U12204', 'U8557', 'U8100']",6
U223,"['U1859', 'U608', 'U7884', 'U12237', 'U891', 'U11392', 'U6340']",7
U224,"['U11513', 'U422', 'U13149', 'U9977', 'U2345']",5
U225,"['U13224', 'U8782', 'U2449', 'U7529', 'U2598']",5
U226,['U6895'],1
U227,"['U14813', 'U1173', 'U14434', 'U12705']",4
U228,"['U271', 'U9004', 'U1002', 'U5467']",4
U229,[],0
U230,"['U734', 'U437', 'U1929', 'U4733', 'U8477', 'U3734', 'U1318']",7
U231,"['U2728', 'U8364', 'U9793']",3
U232,"['U10486', 'U9509', 'U263']",3
U233,"['U10802', 'U4942', 'U10323', 'U2434', 'U2544', 'U7027', 'U11567']",7
U234,"['U11010', 'U2245', 'U292', 'U11124', 'U10600']",5
U235,"['U9061', 'U4563']",2
U236,"['U12519', 'U14148', 'U6077', 'U8747', 'U14638', 'U3340']",6
U237,"['U5834', 'U13593', 'U13176', 'U306', 'U1290']",5
U238,"['U5374', 'U4942', 'U10656', 'U5519']",4
U239,"['U1558', 'U12460', 'U14330', 'U14951', 'U6438', 'U8643']",6
U240,"['U14617', 'U11493', 'U7292', 'U11481', 'U14976', 'U3454', 'U10156', 'U7000', 'U14805']",9
U241,"['U11835', 'U12977', 'U12746', 'U419', 'U14593', 'U6331', 'U11739']",7
U242,"['U13430', 'U489', 'U8259', 'U5175', 'U2645']",5
U243,"['U4261', 'U5821', 'U8402', 'U8625']",4
U244,"['U5447', 'U3054']",2
U245,"['U9507', 'U13439', 'U14858', 'U11864']",4
U246,"['U243', 'U3588', 'U13780', 'U7228']",4
U247,"['U6802', 'U8633', 'U5833']",3
U248,"['U1254', 'U7534', 'U9102']",3
U249,"['U13051', 'U10074', 'U10196']",3
U250,"['U5917', 'U10657', 'U12142', 'U1460', 'U781']",5
U251,"['U13965', 'U2637', 'U13370', 'U11952', 'U3258', 'U311']",6
U252,"['U6232', 'U12362', 'U13265']",3
U253,"['U14051', 'U4550', 'U1036']",3
U254,"['U11037', 'U11098', 'U5133']",3
U255,"['U2686', 'U7230', 'U9962', 'U9679']",4
U256,"['U12612', 'U2602', 'U13522', 'U13697', 'U7664']",5
U257,"['U11685', 'U534', 'U11083', 'U11679', 'U459']",5
U258,"['U99', 'U683', 'U9238', 'U4194', 'U14601', 'U6994']",6
U259,['U10670'],1
U260,"['U6821', 'U6395', 'U1122', 'U1396']",4
U261,"['U6730', 'U8336', 'U7691', 'U1657', 'U12454', 'U13220', 'U13199', 'U1526', 'U342', 'U1578']",10
U262,"['U4247', 'U7040', 'U12457', 'U6112', 'U13191', 'U11289']",6
U263,"['U5638', 'U9402', 'U10425', 'U5531']",4
U264,"['U5451', 'U4309', 'U3315', 'U168', 'U9163']",5
U265,"['U3644', 'U6029']",2
U266,"['U10425', 'U5730']",2
U267,"['U6792', 'U10116', 'U2378', 'U12012', 'U2828']",5
U268,"['U3092', 'U11408', 'U6527', 'U9518', 'U129', 'U13446', 'U4635', 'U1297']",8
U269,"['U5202', 'U5845']",2
U270,"['U1215', 'U2263', 'U14927', 'U7899', 'U10058', 'U6751', 'U3617', 'U4114']",8
U271,"['U3024', 'U6972', 'U10082', 'U10994', 'U6496', 'U14385', 'U6321']",7
U272,"['U2876', 'U11456', 'U14870', 'U2554', 'U6587', 'U14343', 'U1550']",7
U273,"['U11282', 'U4796', 'U9030']",3
U274,"['U4630', 'U6065', 'U911']",3
U275,"['U6588', 'U8841', 'U3139', 'U12387']",4
U276,"['U364', 'U6452', 'U561', 'U10845', 'U7873']",5
U277,"['U733', 'U9437', 'U1938', 'U13692', 'U8888']",5
U278,"['U1928', 'U8427', 'U1032', 'U901', 'U10948', 'U12726', 'U9592']",7
U279,['U9578'],1
U280,"['U1497', 'U4784', 'U1079', 'U13278']",4
U281,"['U251', 'U7245', 'U10492', 'U1302', 'U3103']",5
U282,[],0
U283,"['U13110', 'U179', 'U12621', 'U1414', 'U9118']",5
U284,"['U13535', 'U1099', 'U2559', 'U9326', 'U11980', 'U1103']",6
U285,"['U10882', 'U12929', 'U14896', 'U6583', 'U10754', 'U5814', 'U9124', 'U4124', 'U5954', 'U9796']",10
U286,"['U6334', 'U1483', 'U9158', 'U9541']",4
U287,"['U13570', 'U8937', 'U1060', 'U11595', 'U3146', 'U5049', 'U7720', 'U1315']",8
U288,"['U2124', 'U4290', 'U14598']",3
U289,['U7367'],1
U290,"['U8522', 'U11922', 'U13791']",3
U291,"['U6517', 'U14075', 'U12492', 'U11110', 'U239']",5
U292,"['U351', 'U3916']",2
U293,"['U11179', 'U11547', 'U6460', 'U7323', 'U12443', 'U7609', 'U10569']",7
U294,"['U13434', 'U10723', 'U8304', 'U13577']",4
U295,"['U440', 'U6892', 'U7149', 'U12919', 'U11954', 'U7440', 'U3244', 'U14168']",8
U296,"['U3437', 'U3457', 'U1249', 'U5019']",4
U297,['U887'],1
U298,"['U13766', 'U9378', 'U1185', 'U1033']",4
U299,"['U12041', 'U8946', 'U4959', 'U2399', 'U2423', 'U1364']",6
U300,"['U2748', 'U14204', 'U12733', 'U5129', 'U13302']",5
U301,"['U14917', 'U13539', 'U2486', 'U12843', 'U13657', 'U9729', 'U5309']",7
U302,"['U3038', 'U4305']",2
U303,"['U1222', 'U13331', 'U11709']",3
U304,"['U6446', 'U2120', 'U8212', 'U10907', 'U11137', 'U12115']",6
U305,['U10550'],1
U306,['U12233'],1
U307,"['U707', 'U8933', 'U3166', 'U7309', 'U8732', 'U6908']",6
U308,"['U2051', 'U10955', 'U339', 'U12264']",4
U309,"['U10575', 'U1863', 'U13527', 'U13423']",4
U310,"['U9793', 'U5323', 'U8361', 'U2010']",4
U311,"['U5203', 'U8854', 'U14993', 'U10068']",4
U312,"['U12931', 'U6215', 'U6657']",3
U313,"['U7431', 'U9913', 'U11338', 'U9959', 'U12513', 'U9198']",6
U314,"['U6594', 'U584', 'U4417', 'U570', 'U12543', 'U4115', 'U4119', 'U6806']",8
U315,"['U14363', 'U14083', 'U1038', 'U9048', 'U1964', 'U9403', 'U12454', 'U9664', 'U13918']",9
U316,"['U7513', 'U3132', 'U10262', 'U9791', 'U7162', 'U6198', 'U10716']",7
U317,"['U1713', 'U8449', 'U4818', 'U10326', 'U922', 'U4773', 'U5310']",7
U318,"['U2487', 'U11483', 'U11372', 'U5943']",4
U319,"['U9236', 'U5451', 'U1878', 'U2554', 'U1208', 'U13955', 'U7827', 'U12927', 'U73']",9
U320,"['U13326', 'U3325', 'U2827', 'U2372', 'U5487', 'U7093', 'U10538', 'U5831']",8
U321,"['U940', 'U9032', 'U14691', 'U2608', 'U528', 'U6576', 'U8278', 'U10832', 'U7558']",9
U322,"['U13033', 'U1757', 'U2736']",3
U323,"['U4986', 'U3237']",2
U324,"['U13143', 'U3784', 'U3981']",3
U325,"['U8587', 'U3363', 'U4130', 'U7151']",4
U326,"['U14964', 'U12038', 'U12508', 'U3920', 'U4636', 'U6200', 'U2790']",7
U327,"['U2445', 'U9633', 'U14888']",3
U328,"['U13530', 'U14145', 'U9097', 'U10294', 'U14077', 'U9986', 'U3489']",7
U329,"['U7741', 'U4674', 'U2364', 'U14529']",4
U330,"['U1373', 'U11666']",2
U331,"['U5924', 'U10599', 'U8455', 'U9992', 'U13557', 'U7564']",6
U332,"['U7961', 'U8000', 'U9437', 'U6896', 'U9091']",5
U333,"['U11134', 'U2736']",2
U334,"['U4633', 'U12182', 'U11453', 'U5077']",4
U335,"['U4984', 'U6326', 'U4819']",3
U336,"['U5455', 'U4896', 'U5900', 'U13016']",4
U337,"['U13049', 'U10322', 'U10357']",3
U338,"['U11745', 'U12887', 'U6868', 'U10069', 'U7833', 'U11250', 'U3532']",7
U339,"['U10660', 'U12491', 'U11359', 'U1941']",4
U340,"['U10904', 'U14282', 'U14517', 'U4229', 'U3118']",5
U341,"['U4674', 'U7586']",2
U342,"['U569', 'U14553', 'U7022']",3
U343,"['U5909', 'U653', 'U3986', 'U5089']",4
U344,"['U1592', 'U5082']",2
U345,"['U11387', 'U3451', 'U499', 'U10410', 'U8340', 'U4090']",6
U346,"['U13931', 'U2073', 'U5151', 'U665', 'U984']",5
U347,"['U10697', 'U6820', 'U9310', 'U1607', 'U1935', 'U8944']",6
U348,"['U9320', 'U1482', 'U8557', 'U8270']",4
U349,"['U7181', 'U13470', 'U2971', 'U5457', 'U5033']",5
U350,"['U6040', 'U316', 'U12739', 'U7745']",4
U351,"['U14379', 'U13242', 'U7402', 'U9499', 'U6518', 'U11153', 'U14750', 'U5421']",8
U352,"['U10982', 'U14840', 'U1635', 'U4705']",4
U353,"['U4222', 'U11628', 'U11179', 'U11458', 'U11163']",5
U354,['U11487'],1
U355,"['U2403', 'U6452', 'U4645', 'U2691', 'U3071']",5
U356,"['U10031', 'U3175', 'U3289', 'U12821', 'U8673']",5
U357,"['U14923', 'U2580', 'U7766', 'U8125', 'U2376', 'U8048']",6
U358,"['U1828', 'U8420', 'U12116', 'U1471', 'U3783', 'U433', 'U3400', 'U1430']",8
U359,"['U5579', 'U1342']",2
U360,"['U14470', 'U5469', 'U1998', 'U5544', 'U6360', 'U8172', 'U3678']",7
U361,"['U13244', 'U8632']",2
U362,"['U13020', 'U6001', 'U8246']",3
U363,"['U424', 'U14517', 'U11282', 'U13954']",4
U364,"['U7006', 'U13999', 'U6630', 'U11080']",4
U365,"['U6838', 'U13383', 'U12391', 'U14356', 'U4724', 'U1144', 'U10535']",7
U366,"['U14611', 'U10635']",2
U367,"['U7657', 'U14682', 'U9674', 'U5844', 'U10610', 'U10695']",6
U368,"['U12765', 'U6546', 'U8544']",3
U369,"['U4306', 'U10149', 'U13524', 'U1053', 'U5747', 'U13262', 'U2106', 'U2108']",8
U370,"['U4869', 'U1382', 'U13042', 'U6076']",4
U371,"['U13426', 'U1831', 'U9154', 'U9367', 'U11154', 'U433', 'U4099']",7
U372,"['U3543', 'U6187', 'U2617', 'U4814', 'U9283', 'U5904', 'U4616', 'U8732']",8
U373,"['U11788', 'U8620']",2
U374,"['U8003', 'U8721', 'U1914']",3
U375,"['U10928', 'U6451', 'U1438', 'U8320', 'U10370', 'U9517', 'U2322']",7
U376,"['U8052', 'U4041', 'U3191', 'U10242', 'U7576', 'U7214', 'U2883']",7
U377,"['U13396', 'U4319', 'U9919', 'U1081']",4
U378,"['U9750', 'U3869', 'U3444', 'U7919', 'U11465']",5
U379,"['U4311', 'U9973', 'U4799', 'U1003']",4
U380,"['U1850', 'U3774', 'U6558', 'U2946', 'U961', 'U6703', 'U206']",7
U381,"['U14372', 'U10677', 'U10847', 'U3902', 'U5039', 'U9286']",6
U382,"['U7140', 'U10846', 'U12254', 'U10087', 'U617', 'U2485']",6
U383,"['U4617', 'U666', 'U3887']",3
U384,['U10576'],1
U385,"['U3120', 'U6766', 'U3245', 'U492']",4
U386,"['U3990', 'U11420', 'U11858', 'U5649']",4
U387,"['U1096', 'U1968']",2
U388,"['U10989', 'U11907', 'U7941', 'U9063', 'U5471', 'U6194', 'U3314', 'U10647', 'U10827', 'U13742']",10
U389,"['U11502', 'U3662', 'U12971', 'U13984']",4
U390,"['U10105', 'U1177', 'U872', 'U4495', 'U7945', 'U4549', 'U8001', 'U7096']",8
U391,"['U1335', 'U7972', 'U12094', 'U5107']",4
U392,"['U4923', 'U9387', 'U10838', 'U2114', 'U5906', 'U6700']",6
U393,"['U9970', 'U9797']",2
U394,"['U4678', 'U8267', 'U8787', 'U581', 'U5056']",5
U395,"['U12772', 'U13700', 'U6903', 'U8596', 'U3894']",5
U396,"['U13960', 'U1554']",2
U397,"['U11252', 'U240', 'U6755', 'U6992']",4
U398,"['U1503', 'U11743', 'U14515', 'U12717', 'U2508']",5
U399,"['U886', 'U4362', 'U3219', 'U93', 'U2078', 'U12698', 'U8724']",7
U400,"['U9123', 'U14539', 'U3298', 'U7688']",4
U401,"['U137', 'U8762', 'U10689', 'U13039']",4
U402,"['U12638', 'U11328', 'U12380', 'U4979']",4
U403,"['U8158', 'U8059', 'U519', 'U13268', 'U7797']",5
U404,"['U6983', 'U4851', 'U14206', 'U14222', 'U3749']",5
U405,"['U14863', 'U13411', 'U12384', 'U3450', 'U8976']",5
U406,"['U8320', 'U3191', 'U214', 'U1931', 'U14243', 'U185', 'U9218', 'U5447']",8
U407,"['U2734', 'U2454', 'U2084', 'U6713', 'U2830', 'U4454', 'U12095']",7
U408,"['U10308', 'U14167', 'U2949', 'U7205', 'U14456', 'U4237', 'U4825']",7
U409,"['U2776', 'U11222', 'U4786', 'U9550', 'U4723']",5
U410,"['U2361', 'U12475', 'U8303', 'U12841', 'U10406', 'U8002', 'U12267', 'U1066']",8
U411,"['U8030', 'U9962', 'U12598', 'U6785', 'U2735', 'U5663', 'U6385']",7
U412,"['U3872', 'U1435', 'U7997', 'U13713', 'U8046']",5
U413,"['U12510', 'U2376', 'U2371', 'U9524', 'U11556', 'U6690']",6
U414,"['U13807', 'U7395', 'U7342', 'U1130', 'U6274']",5
U415,"['U6699', 'U7257', 'U13575']",3
U416,"['U14589', 'U9410', 'U9388', 'U8563', 'U10231']",5
U417,"['U2619', 'U6579', 'U10981', 'U8637', 'U12080', 'U10088', 'U2830', 'U8422']",8
U418,"['U5547', 'U7040', 'U8207', 'U13097']",4
U419,"['U14161', 'U5610', 'U12186', 'U14636', 'U8369']",5
U420,"['U4257', 'U336', 'U11995', 'U858', 'U3619', 'U815', 'U5064', 'U6143']",8
U421,"['U329', 'U8106', 'U7889', 'U8741', 'U11863']",5
U422,"['U4836', 'U7409', 'U13760', 'U11962', 'U9285']",5
U423,['U1298'],1
U424,"['U1239', 'U12807']",2
U425,"['U6692', 'U9362', 'U10921']",3
U426,"['U4236', 'U10644', 'U3414', 'U13206', 'U12466']",5
U427,"['U7402', 'U9750', 'U3782']",3
U428,"['U11037', 'U13943', 'U14585', 'U6118']",4
U429,"['U11496', 'U471', 'U1012']",3
U430,"['U6064', 'U3643', 'U3979', 'U14930', 'U2090', 'U2990', 'U1873', 'U11258', 'U913', 'U4221']",10
U431,"['U14821', 'U2246', 'U2283', 'U2069', 'U7881']",5
U432,"['U9277', 'U11872', 'U5139', 'U1499', 'U1203']",5
U433,"['U14388', 'U4514']",2
U434,['U7641'],1
U435,['U12464'],1
U436,"['U14314', 'U10698', 'U5491', 'U521', 'U4608']",5
U437,"['U6784', 'U8853', 'U9526']",3
U438,"['U13968', 'U10152', 'U4188', 'U9325', 'U12892']",5
U439,"['U10038', 'U566', 'U12530']",3
U440,"['U6298', 'U10586', 'U7760', 'U6249', 'U5051']",5
U441,"['U8929', 'U6830', 'U3003']",3
U442,"['U9089', 'U13787']",2
U443,['U13551'],1
U444,"['U6629', 'U1043', 'U1455', 'U4249']",4
U445,"['U13511', 'U8188', 'U7130', 'U13841', 'U3864', 'U11671']",6
U446,"['U12410', 'U4510', 'U918', 'U7257', 'U9029']",5
U447,"['U6828', 'U560', 'U14421', 'U10927', 'U255', 'U5374']",6
U448,"['U435', 'U9712', 'U6322', 'U1013', 'U11694']",5
U449,"['U9711', 'U2451', 'U5483', 'U2441', 'U3714', 'U7147', 'U12791', 'U2046']",8
U450,"['U4096', 'U6757', 'U5083', 'U9078', 'U10027', 'U13145', 'U7907']",7
U451,"['U5919', 'U6501', 'U59', 'U9834', 'U6732', 'U3003', 'U4309', 'U14833', 'U4243', 'U13617']",10
U452,"['U5598', 'U1686', 'U9932', 'U9175', 'U249', 'U6029', 'U4546', 'U7381']",8
U453,"['U1493', 'U11691', 'U11429', 'U744']",4
U454,"['U9862', 'U3777', 'U3096', 'U6956', 'U10543', 'U14803', 'U693']",7
U455,"['U7420', 'U10089', 'U2788', 'U13171']",4
U456,"['U13567', 'U13075', 'U2995']",3
U457,"['U5691', 'U10708']",2
U458,"['U13811', 'U8549', 'U9351', 'U2496', 'U10625', 'U8993', 'U14685', 'U9']",8
U459,"['U5122', 'U7476', 'U10030', 'U9166', 'U5874']",5
U460,"['U5401', 'U1083', 'U8817', 'U5919']",4
U461,"['U5343', 'U6468', 'U9275', 'U13606', 'U620', 'U11264', 'U1900', 'U8636']",8
U462,"['U7085', 'U340', 'U7326', 'U8605', 'U13783', 'U5263']",6
U463,"['U7550', 'U7206', 'U5283', 'U8235', 'U5560', 'U11862']",6
U464,"['U884', 'U406', 'U7738', 'U7364']",4
U465,"['U10798', 'U8896', 'U11366', 'U7809', 'U6939', 'U3778', 'U10675', 'U2094']",8
U466,"['U6993', 'U9189', 'U4045', 'U6781', 'U14134']",5
U467,"['U11562', 'U4035', 'U12685', 'U6526']",4
U468,"['U1064', 'U14060', 'U10464', 'U12715']",4
U469,"['U2615', 'U8956', 'U1611', 'U659']",4
U470,['U7834'],1
U471,"['U561', 'U14829', 'U301', 'U9968', 'U693']",5
U472,"['U13962', 'U11077', 'U7607', 'U3670', 'U7828']",5
U473,"['U14512', 'U3314', 'U14001']",3
U474,"['U4774', 'U3063', 'U4488', 'U13082', 'U7769', 'U9973', 'U10079', 'U11194']",8
U475,"['U8465', 'U3086', 'U3692', 'U13619']",4
U476,"['U12530', 'U14627', 'U6971', 'U4407', 'U11417']",5
U477,"['U5311', 'U6912', 'U14441']",3
U478,"['U13981', 'U9463', 'U10856', 'U12139', 'U10684', 'U7958', 'U3842']",7
U479,['U7285'],1
U480,"['U10094', 'U10438', 'U9533', 'U6201', 'U3494']",5
U481,"['U13110', 'U1090', 'U2073', 'U231', 'U10598', 'U6757']",6
U482,"['U249', 'U12355', 'U7648']",3
U483,"['U9395', 'U4236', 'U3192']",3
U484,"['U13627', 'U4320', 'U11007', 'U6854', 'U9747', 'U6171', 'U1144']",7
U485,['U2780'],1
U486,"['U7417', 'U2059', 'U5823', 'U2866']",4
U487,"['U13960', 'U4995', 'U5371', 'U4595', 'U6012', 'U937']",6
U488,"['U2339', 'U10548', 'U13386', 'U9088', 'U7271', 'U13937']",6
U489,"['U13589', 'U9764', 'U9187']",3
U490,"['U3109', 'U4843']",2
U491,"['U8505', 'U7839', 'U11682', 'U2722']",4
U492,"['U3160', 'U14134', 'U2905', 'U8830', 'U6484', 'U5559', 'U8082', 'U112', 'U8799']",9
U493,"['U10176', 'U2440', 'U11732']",3
U494,"['U3335', 'U10054', 'U11421', 'U12842']",4
U495,"['U10029', 'U3104', 'U9292', 'U4188', 'U12114']",5
U496,"['U9046', 'U14590']",2
U497,"['U5942', 'U6604']",2
U498,"['U9891', 'U2151', 'U1382', 'U9731']",4
U499,"['U10601', 'U5300']",2
U500,"['U3096', 'U5582', 'U13889', 'U10898', 'U14351', 'U3585', 'U5423']",7
U501,"['U595', 'U7096', 'U8889', 'U10032', 'U12229', 'U13432']",6
U502,"['U5902', 'U6767', 'U8854', 'U13283', 'U2700', 'U1109']",6
U503,"['U3588', 'U4267', 'U13761', 'U5143']",4
U504,"['U8775', 'U133', 'U11764', 'U10971', 'U4750']",5
U505,"['U13262', 'U7951', 'U11594', 'U13735', 'U2192', 'U4465']",6
U506,"['U10231', 'U5424', 'U12707', 'U13518', 'U11685', 'U9899', 'U3018', 'U10729', 'U3416', 'U6526']",10
U507,"['U6982', 'U11664', 'U11413', 'U10201']",4
U508,"['U13248', 'U10373', 'U10456', 'U9043', 'U5018', 'U1668', 'U14481', 'U1687']",8
U509,"['U6854', 'U7665']",2
U510,"['U9852', 'U6809', 'U7539', 'U12566', 'U14255', 'U9703']",6
U511,['U11451'],1
U512,"['U9890', 'U7343', 'U12811', 'U6516', 'U2331']",5
U513,"['U563', 'U11918', 'U576', 'U4525', 'U14476', 'U11454', 'U3198']",7
U514,"['U9366', 'U6893', 'U4237', 'U4329', 'U3446']",5
U515,"['U1362', 'U421', 'U1705', 'U4242', 'U1825', 'U12899', 'U7270', 'U10637']",8
U516,"['U6043', 'U13489']",2
U517,"['U6848', 'U3655', 'U402', 'U14491', 'U13556', 'U13910', 'U4601', 'U5737', 'U14138']",9
U518,"['U13241', 'U4040']",2
U519,"['U11286', 'U14870', 'U6274', 'U2418']",4
U520,"['U11010', 'U4461', 'U8257']",3
U521,"['U3628', 'U11955']",2
U522,"['U13417', 'U2767']",2
U523,"['U12020', 'U12150', 'U175', 'U8682', 'U5055']",5
U524,"['U9045', 'U12771', 'U10837', 'U12258', 'U12174', 'U12483', 'U11192', 'U7890', 'U1050', 'U10100', 'U7159', 'U1837']",12
U525,"['U13710', 'U986', 'U3250', 'U432', 'U8099', 'U5035']",6
U526,"['U10776', 'U11477', 'U4400', 'U13944', 'U7046']",5
U527,['U13812'],1
U528,"['U1803', 'U13935', 'U2786', 'U10178']",4
U529,"['U6034', 'U918', 'U6175', 'U13748', 'U5000']",5
U530,"['U3656', 'U1869', 'U5134', 'U5124', 'U8420', 'U2412', 'U8689', 'U10764', 'U5477']",9
U531,"['U13078', 'U11563', 'U9361', 'U10858']",4
U532,"['U10132', 'U3753', 'U14461']",3
U533,"['U12258', 'U7022', 'U6545', 'U6691', 'U10372', 'U1321']",6
U534,"['U10815', 'U5765', 'U5064', 'U235', 'U5887', 'U3900', 'U207', 'U1553', 'U8732', 'U3944']",10
U535,"['U4593', 'U2010', 'U14269', 'U11904', 'U22']",5
U536,"['U9806', 'U4700', 'U13979', 'U7732']",4
U537,"['U5239', 'U3482', 'U7882', 'U11021', 'U1360', 'U1453']",6
U538,"['U1793', 'U6720', 'U14337', 'U7108', 'U10273', 'U4390']",6
U539,"['U9041', 'U11608', 'U12240', 'U3856']",4
U540,"['U11425', 'U14674', 'U12089', 'U609', 'U533', 'U10493']",6
U541,"['U6095', 'U12175']",2
U542,"['U2741', 'U9509', 'U9656', 'U8159', 'U10926', 'U10915']",6
U543,"['U8882', 'U1401']",2
U544,"['U4840', 'U9480', 'U1229', 'U8767', 'U13392', 'U12699', 'U14006']",7
U545,"['U2615', 'U648']",2
U546,"['U11751', 'U1822', 'U12116']",3
U547,"['U2656', 'U12669', 'U7725', 'U11488']",4
U548,"['U11950', 'U13666', 'U1862', 'U8392', 'U1532', 'U5722']",6
U549,"['U6372', 'U11369', 'U2714']",3
U550,"['U2890', 'U6753', 'U5520', 'U7968']",4
U551,"['U12432', 'U4866', 'U13727', 'U2755']",4
U552,"['U5875', 'U12581', 'U3073', 'U7506']",4
U553,"['U198', 'U9780', 'U7456', 'U6461']",4
U554,"['U8', 'U7585', 'U9273', 'U14115']",4
U555,"['U1907', 'U586', 'U376', 'U9718', 'U3309', 'U9079', 'U7490', 'U1791', 'U286']",9
U556,"['U1153', 'U2049', 'U3535']",3
U557,"['U6969', 'U13690']",2
U558,"['U14720', 'U11503', 'U10409', 'U1219', 'U6510']",5
U559,"['U7954', 'U11355', 'U7634', 'U8053', 'U7814', 'U659', 'U12502']",7
U560,"['U10320', 'U241', 'U12536', 'U187', 'U13072']",5
U561,"['U8740', 'U14940', 'U1695']",3
U562,"['U9204', 'U1685', 'U503', 'U10999', 'U10819', 'U2832']",6
U563,"['U63', 'U14485', 'U11314']",3
U564,"['U368', 'U349', 'U7311']",3
U565,"['U6997', 'U440']",2
U566,"['U7438', 'U242', 'U7878', 'U12500', 'U3844', 'U6013', 'U9382']",7
U567,"['U5687', 'U9279', 'U7327', 'U1453']",4
U568,"['U2165', 'U3273']",2
U569,"['U14877', 'U2079']",2
U570,"['U12724', 'U10825', 'U2536', 'U365', 'U9499', 'U9596', 'U4053', 'U14475']",8
U571,"['U2100', 'U4570', 'U12056']",3
U572,"['U2878', 'U7755', 'U875', 'U4440', 'U11275', 'U2510', 'U11936', 'U1927']",8
U573,"['U10234', 'U5295', 'U9015']",3
U574,"['U12131', 'U4556', 'U9631', 'U14588', 'U10151', 'U4063', 'U9297']",7
U575,"['U226', 'U12441', 'U3514', 'U8025', 'U7048', 'U11734']",6
U576,"['U4038', 'U5763', 'U10392', 'U9200', 'U14104']",5
U577,"['U1393', 'U14815', 'U2506', 'U2461', 'U2597']",5
U578,['U1636'],1
U579,"['U2920', 'U10017', 'U2622']",3
U580,"['U7655', 'U5240', 'U5281', 'U1093']",4
U581,"['U2158', 'U8323', 'U8064', 'U11583', 'U13286']",5
U582,"['U465', 'U11163', 'U14958', 'U5541', 'U2255', 'U9620']",6
U583,"['U7575', 'U14058', 'U4518', 'U12578']",4
U584,"['U14526', 'U13396', 'U7106', 'U7268', 'U11818', 'U6406', 'U11859', 'U6492']",8
U585,"['U10406', 'U3376', 'U122']",3
U586,"['U10837', 'U9205', 'U8951']",3
U587,"['U8841', 'U12755', 'U1677', 'U5332', 'U4460', 'U8561', 'U9831', 'U8352']",8
U588,"['U2277', 'U6734']",2
U589,"['U7682', 'U3864', 'U7562']",3
U590,"['U9301', 'U12024', 'U10774', 'U2141', 'U3220']",5
U591,"['U13644', 'U7851', 'U14938', 'U6357', 'U5744']",5
U592,"['U13648', 'U3073', 'U11390', 'U2168', 'U12768', 'U5492', 'U11755', 'U14751']",8
U593,"['U2815', 'U406', 'U5198']",3
U594,"['U5504', 'U14088', 'U11209', 'U3985', 'U738', 'U9809', 'U1413']",7
U595,"['U3017', 'U1891']",2
U596,"['U1671', 'U11467', 'U1080']",3
U597,"['U14951', 'U4236', 'U14376', 'U9298']",4
U598,"['U9499', 'U1038', 'U5932', 'U11921', 'U14084', 'U4710', 'U13249']",7
U599,"['U10591', 'U13215']",2
U600,"['U7853', 'U11814', 'U11216', 'U3264', 'U8653']",5
U601,[],0
U602,['U5276'],1
U603,"['U6230', 'U12629', 'U14829']",3
U604,"['U11449', 'U2322', 'U3500', 'U2851']",4
U605,"['U13056', 'U8985', 'U5115', 'U11564', 'U7833', 'U4914', 'U8091', 'U2511', 'U12125', 'U1742', 'U2550']",11
U606,"['U4295', 'U1683']",2
U607,"['U4318', 'U8090', 'U14512', 'U14824', 'U14127', 'U5207', 'U14197', 'U11339', 'U14470']",9
U608,"['U14637', 'U1576', 'U14123', 'U6085', 'U5041', 'U11002', 'U4127']",7
U609,"['U5484', 'U7036', 'U349']",3
U610,"['U8835', 'U4198', 'U4757', 'U10058', 'U12186', 'U1088', 'U7308', 'U823', 'U12906', 'U4185']",10
U611,"['U3587', 'U8162']",2
U612,"['U6891', 'U1539', 'U4459', 'U10114', 'U2268', 'U7688']",6
U613,"['U14944', 'U14258', 'U4618', 'U14051']",4
U614,"['U8694', 'U3815', 'U3681', 'U1987', 'U8881']",5
U615,"['U13589', 'U4666', 'U10374', 'U14243']",4
U616,"['U7179', 'U3181', 'U12743', 'U12219', 'U619']",5
U617,"['U7195', 'U13604', 'U4612', 'U14370']",4
U618,"['U13737', 'U6877', 'U827', 'U5828', 'U9330']",5
U619,"['U2307', 'U10573', 'U10950', 'U6273']",4
U620,"['U6864', 'U5865', 'U2568', 'U6297', 'U11096', 'U4923']",6
U621,"['U2247', 'U1751', 'U8930']",3
U622,"['U6546', 'U7172', 'U6717']",3
U623,"['U13646', 'U10945', 'U9363', 'U9875', 'U10157', 'U2287']",6
U624,"['U8485', 'U10127', 'U7968', 'U308', 'U197']",5
U625,"['U7553', 'U1639']",2
U626,"['U3058', 'U13668', 'U1148', 'U12852', 'U12165', 'U14822', 'U988']",7
U627,"['U6552', 'U2202', 'U762']",3
U628,"['U10854', 'U956', 'U4263', 'U264']",4
U629,"['U8842', 'U3099', 'U11295', 'U13800', 'U9540', 'U4122', 'U7360']",7
U630,"['U7528', 'U9947', 'U1915', 'U8658', 'U14023', 'U13679']",6
U631,"['U1952', 'U11521', 'U14609']",3
U632,"['U7846', 'U2545']",2
U633,"['U10395', 'U7100']",2
U634,"['U4088', 'U4254', 'U12492', 'U1347']",4
U635,"['U5390', 'U8464', 'U4748', 'U6189']",4
U636,"['U14019', 'U2769', 'U408', 'U10700', 'U9174', 'U8795', 'U775']",7
U637,"['U13806', 'U10596', 'U10015', 'U9690', 'U4053']",5
U638,"['U8754', 'U69', 'U12498']",3
U639,"['U11686', 'U10516', 'U14215', 'U6708']",4
U640,"['U60', 'U5068', 'U6994', 'U7591', 'U22']",5
U641,"['U12188', 'U14698', 'U9238', 'U13499', 'U13303', 'U10816', 'U12497', 'U5109', 'U2135']",9
U642,"['U8154', 'U4456', 'U3722', 'U8265']",4
U643,"['U9632', 'U4165', 'U1', 'U5678', 'U3595']",5
U644,"['U706', 'U10454', 'U14906', 'U1569', 'U6124', 'U9848', 'U12311']",7
U645,['U12172'],1
U646,"['U3702', 'U7865', 'U9129', 'U9183', 'U12688', 'U11447']",6
U647,"['U2959', 'U1585', 'U5392']",3
U648,"['U4903', 'U9056', 'U13336', 'U2323', 'U1540']",5
U649,"['U11840', 'U12714', 'U13736', 'U3213', 'U8210']",5
U650,"['U7289', 'U13876', 'U4662', 'U1285', 'U14261']",5
U651,"['U2999', 'U7140', 'U12119']",3
U652,"['U5801', 'U3710', 'U1564']",3
U653,"['U44', 'U14415', 'U11548', 'U13007', 'U13568', 'U7552', 'U330']",7
U654,"['U5661', 'U11625', 'U1579', 'U2146', 'U14252', 'U13336', 'U14273']",7
U655,"['U11452', 'U7823', 'U2270']",3
U656,"['U11027', 'U9141', 'U5768', 'U3401', 'U3860']",5
U657,"['U7461', 'U8050']",2
U658,"['U11186', 'U6103', 'U4088', 'U14529']",4
U659,"['U1713', 'U6754', 'U3628', 'U4578']",4
U660,"['U14085', 'U12140', 'U2551']",3
U661,"['U2160', 'U14529', 'U869', 'U3213', 'U10937', 'U6843']",6
U662,"['U2890', 'U13031', 'U5790', 'U4111', 'U7366']",5
U663,"['U11376', 'U10235']",2
U664,"['U3537', 'U1363', 'U8337', 'U13922', 'U1154', 'U8495']",6
U665,"['U7098', 'U1372']",2
U666,"['U955', 'U14104', 'U7858', 'U7193', 'U11206']",5
U667,"['U8769', 'U4719', 'U8482']",3
U668,"['U6458', 'U3962', 'U6084', 'U5219', 'U5195']",5
U669,['U13871'],1
U670,"['U3760', 'U11028', 'U6527', 'U4276', 'U5416', 'U4286', 'U2171', 'U11717', 'U11307']",9
U671,"['U9581', 'U10571', 'U10694', 'U1309']",4
U672,"['U5000', 'U6033', 'U9091', 'U12662', 'U14528']",5
U673,"['U12221', 'U1636', 'U14318', 'U13142', 'U6160', 'U1394']",6
U674,"['U4244', 'U6335', 'U10941', 'U8434', 'U13942', 'U2543', 'U569', 'U3121', 'U3714']",9
U675,"['U9930', 'U14148', 'U8450', 'U6251', 'U571', 'U13388', 'U6365', 'U396']",8
U676,"['U13685', 'U8965', 'U5797', 'U12679', 'U3435', 'U2626', 'U12566']",7
U677,"['U9455', 'U5759']",2
U678,"['U4792', 'U3229', 'U3662', 'U7497', 'U2371', 'U4421']",6
U679,"['U4865', 'U414']",2
U680,"['U6515', 'U4047', 'U11909', 'U11490', 'U13618', 'U7108', 'U12394']",7
U681,"['U11386', 'U2404', 'U6003']",3
U682,"['U14927', 'U2921', 'U13536', 'U14277', 'U13243', 'U1059', 'U1174']",7
U683,"['U242', 'U5831', 'U4119', 'U10648']",4
U684,"['U4317', 'U3964', 'U1124']",3
U685,['U10574'],1
U686,"['U714', 'U13768', 'U5877', 'U7910', 'U7506']",5
U687,"['U10098', 'U10733']",2
U688,"['U12721', 'U4250', 'U3409', 'U14608', 'U11095', 'U236']",6
U689,"['U1671', 'U1340', 'U825', 'U291']",4
U690,"['U3703', 'U4057', 'U5638', 'U10043']",4
U691,"['U2157', 'U9031', 'U3690', 'U10980', 'U8104', 'U8438', 'U3083']",7
U692,"['U6543', 'U3437', 'U7430', 'U9425']",4
U693,"['U10946', 'U8751', 'U7124', 'U3033', 'U10205']",5
U694,"['U3004', 'U7869', 'U11628', 'U258', 'U10445', 'U9178']",6
U695,"['U5291', 'U5385', 'U9219', 'U4573', 'U14064', 'U13921', 'U14941']",7
U696,"['U5193', 'U6924']",2
U697,"['U14948', 'U8335', 'U6380', 'U9258', 'U1715']",5
U698,"['U1735', 'U8549', 'U4527', 'U13252']",4
U699,"['U11357', 'U3385', 'U2331', 'U1004', 'U14466', 'U1024', 'U9010', 'U6698', 'U4370', 'U12198']",10
U700,"['U1015', 'U6015', 'U6138', 'U9938', 'U7055', 'U2675', 'U383', 'U5058']",8
U701,"['U335', 'U3033', 'U8277', 'U737', 'U12495', 'U2504']",6
U702,['U14775'],1
U703,"['U14751', 'U10387', 'U8906']",3
U704,"['U11209', 'U9829', 'U283']",3
U705,"['U10236', 'U9455', 'U6923']",3
U706,"['U5068', 'U8719']",2
U707,"['U11040', 'U543', 'U4203', 'U13454', 'U5601']",5
U708,"['U485', 'U1634', 'U6949', 'U7906', 'U12610', 'U2100', 'U22']",7
U709,"['U12079', 'U2432', 'U4425', 'U13214']",4
U710,"['U7253', 'U11241']",2
U711,"['U13032', 'U12282', 'U4685', 'U5236']",4
U712,"['U8394', 'U6009', 'U3175', 'U6011']",4
U713,"['U12628', 'U8750', 'U12245']",3
U714,"['U8730', 'U4659']",2
U715,"['U8424', 'U5975', 'U12899', 'U6042', 'U11383']",5
U716,"['U9375', 'U10920', 'U6194', 'U333', 'U13409', 'U4210', 'U6236', 'U5354', 'U3099', 'U7564', 'U9309']",11
U717,"['U8543', 'U2238', 'U5605', 'U1404', 'U3297', 'U4711', 'U7601', 'U12296', 'U14830']",9
U718,"['U2597', 'U5941']",2
U719,"['U13423', 'U6820', 'U12672', 'U13682', 'U13290']",5
U720,"['U3871', 'U412']",2
U721,"['U6144', 'U14669', 'U4449', 'U3799', 'U6281', 'U13401', 'U11706', 'U3710']",8
U722,"['U13912', 'U5480', 'U7013', 'U14353', 'U7356', 'U9928', 'U4743']",7
U723,"['U11784', 'U875']",2
U724,"['U5161', 'U2889', 'U10722', 'U10226', 'U2376']",5
U725,"['U9937', 'U3873', 'U11527']",3
U726,"['U13852', 'U1467']",2
U727,"['U4978', 'U6291', 'U7045', 'U13312', 'U9801']",5
U728,"['U8305', 'U1977']",2
U729,"['U14967', 'U10849', 'U389', 'U87']",4
U730,"['U4575', 'U1437', 'U3798', 'U42', 'U6646', 'U7290']",6
U731,"['U10093', 'U8107', 'U1494', 'U9848']",4
U732,"['U3265', 'U5153', 'U4403', 'U5987', 'U5785', 'U14020']",6
U733,"['U14135', 'U1896', 'U1903', 'U13526', 'U9764', 'U6645']",6
U734,"['U2209', 'U14486', 'U11715', 'U11575', 'U298']",5
U735,"['U1787', 'U448', 'U3102', 'U10780', 'U5650']",5
U736,"['U5499', 'U844', 'U13534', 'U1968', 'U3738']",5
U737,"['U12078', 'U11989', 'U13983', 'U8697', 'U6024']",5
U738,"['U10669', 'U5012', 'U11965', 'U6479', 'U13857']",5
U739,"['U14786', 'U11683', 'U1525', 'U135', 'U229', 'U2336', 'U9068', 'U5270']",8
U740,"['U1900', 'U9290']",2
U741,"['U1985', 'U11527', 'U6926']",3
U742,"['U4937', 'U3130', 'U1770', 'U8865', 'U8850']",5
U743,"['U6298', 'U2991']",2
U744,"['U6671', 'U4605', 'U3631', 'U6057']",4
U745,"['U14771', 'U7875', 'U13845', 'U11842', 'U4993', 'U14714', 'U14918']",7
U746,['U13425'],1
U747,"['U6173', 'U106', 'U1693']",3
U748,"['U9840', 'U5896', 'U8783', 'U9994', 'U10049']",5
U749,"['U146', 'U10960', 'U11361', 'U10225']",4
U750,"['U4550', 'U8255', 'U4587', 'U3196']",4
U751,"['U4684', 'U8533']",2
U752,"['U13171', 'U5162', 'U14628']",3
U753,"['U11769', 'U1584', 'U2056', 'U7359', 'U3834', 'U5616', 'U9738', 'U4598']",8
U754,"['U4735', 'U4347', 'U4782', 'U9752', 'U7999']",5
U755,"['U5142', 'U1647', 'U8121']",3
U756,"['U4045', 'U6441', 'U14413', 'U11584']",4
U757,"['U3589', 'U7873', 'U7807', 'U14929', 'U3982']",5
U758,"['U4369', 'U4433', 'U5367']",3
U759,"['U5747', 'U11112', 'U5413', 'U12938', 'U4681', 'U10421']",6
U760,"['U9727', 'U6183', 'U3126', 'U14178']",4
U761,"['U6492', 'U14575', 'U7121', 'U9246', 'U12120']",5
U762,"['U5971', 'U14944', 'U4369', 'U3508', 'U6442']",5
U763,"['U8315', 'U11877', 'U11686', 'U10433', 'U6110']",5
U764,"['U10023', 'U11137', 'U14485', 'U9118', 'U14271', 'U5501']",6
U765,"['U13032', 'U11038', 'U1216', 'U10601']",4
U766,"['U11984', 'U10944', 'U7010', 'U5310']",4
U767,"['U5988', 'U3596', 'U14575', 'U4338', 'U6930']",5
U768,"['U2555', 'U1772', 'U9327', 'U4362', 'U2147', 'U127', 'U3836']",7
U769,"['U14027', 'U6570', 'U5599', 'U670', 'U10602', 'U11568']",6
U770,"['U6172', 'U11344', 'U3617', 'U4633']",4
U771,"['U7519', 'U1075']",2
U772,"['U11188', 'U824', 'U11937', 'U12834']",4
U773,"['U14585', 'U10968', 'U11799', 'U14509', 'U5780', 'U1830', 'U9758']",7
U774,"['U10759', 'U10689', 'U8317', 'U5916', 'U10970', 'U9921', 'U9390', 'U4356', 'U12150']",9
U775,['U12585'],1
U776,"['U4862', 'U9748', 'U11911', 'U5315', 'U385', 'U14144']",6
U777,"['U11563', 'U8832', 'U986', 'U4121', 'U13383']",5
U778,"['U7671', 'U12063', 'U6511', 'U11036', 'U11366']",5
U779,"['U2235', 'U4921', 'U5299', 'U3537']",4
U780,"['U12337', 'U9413', 'U5454', 'U5434', 'U12729']",5
U781,"['U7213', 'U1699']",2
U782,"['U4714', 'U9318', 'U11383', 'U6998', 'U1989', 'U2261', 'U11137', 'U9985']",8
U783,"['U3659', 'U11777', 'U6304']",3
U784,"['U12786', 'U4316', 'U7523', 'U10626']",4
U785,"['U6272', 'U4479', 'U6524', 'U8964', 'U13502', 'U1271', 'U8287', 'U1415']",8
U786,"['U8416', 'U7218', 'U12081', 'U1515']",4
U787,"['U9147', 'U3229', 'U7909']",3
U788,"['U5802', 'U5271', 'U13539', 'U8209']",4
U789,"['U2194', 'U3926', 'U9009']",3
U790,"['U6819', 'U5339', 'U8053', 'U5295', 'U10108']",5
U791,"['U8709', 'U4541', 'U6128']",3
U792,"['U13634', 'U6483', 'U1204', 'U14957', 'U758']",5
U793,"['U8286', 'U6792', 'U14971', 'U8027']",4
U794,"['U12356', 'U5322', 'U6032', 'U8865', 'U618']",5
U795,"['U6581', 'U3166', 'U13773']",3
U796,"['U10920', 'U968']",2
U797,"['U7732', 'U1060', 'U12211', 'U11453', 'U2109', 'U8810', 'U10422']",7
U798,"['U12369', 'U13573', 'U14362', 'U2366']",4
U799,"['U6463', 'U3426']",2
U800,"['U5737', 'U13443', 'U11612', 'U10073']",4
U801,"['U7969', 'U11957', 'U12413', 'U1755']",4
U802,"['U12371', 'U6356', 'U1656', 'U14970', 'U12211', 'U1709']",6
U803,"['U13686', 'U1840']",2
U804,"['U6685', 'U10104']",2
U805,"['U5947', 'U12191', 'U13807', 'U1000', 'U9410']",5
U806,"['U13244', 'U9401', 'U1464', 'U3177', 'U4125']",5
U807,"['U4530', 'U3669', 'U5735', 'U7069']",4
U808,"['U3869', 'U6824', 'U7712', 'U3022']",4
U809,"['U4000', 'U4904', 'U9628']",3
U810,"['U3982', 'U358', 'U7656', 'U6049', 'U10836']",5
U811,"['U3654', 'U5739', 'U13217', 'U2537']",4
U812,['U7264'],1
U813,"['U9469', 'U4609']",2
U814,"['U7165', 'U6083', 'U2257', 'U14025']",4
U815,"['U10940', 'U2956', 'U5021', 'U10238', 'U3116', 'U10739']",6
U816,"['U14045', 'U8846', 'U11408', 'U9505', 'U10665', 'U10173']",6
U817,"['U14497', 'U2629', 'U8967']",3
U818,"['U11946', 'U7316', 'U11497', 'U11928']",4
U819,"['U5163', 'U4761', 'U4534', 'U5131', 'U4210', 'U13426']",6
U820,[],0
U821,"['U10617', 'U8600', 'U4766', 'U10264', 'U9694', 'U13209']",6
U822,"['U5648', 'U9987', 'U14787']",3
U823,"['U9032', 'U5741', 'U13370', 'U6066', 'U5588']",5
U824,"['U8577', 'U8375', 'U11181', 'U6302', 'U6760']",5
U825,[],0
U826,"['U5621', 'U14238', 'U5899', 'U14134', 'U14491', 'U14065', 'U1434']",7
U827,"['U6478', 'U8936', 'U4532', 'U14399', 'U1611']",5
U828,"['U11405', 'U1462', 'U11390']",3
U829,"['U4111', 'U5515', 'U6728', 'U14027', 'U2762', 'U1114', 'U7217', 'U982']",8
U830,"['U9951', 'U1119', 'U10814', 'U1377']",4
U831,"['U12942', 'U3899', 'U14992', 'U1227']",4
U832,"['U10739', 'U13122', 'U3245', 'U7175', 'U12463']",5
U833,"['U10623', 'U3044', 'U6171', 'U13163', 'U4550']",5
U834,"['U11431', 'U11312', 'U14571']",3
U835,"['U9899', 'U9369', 'U14680']",3
U836,"['U3305', 'U8812']",2
U837,"['U13239', 'U8258', 'U1876', 'U7082', 'U9354', 'U4152', 'U10905', 'U477']",8
U838,"['U2915', 'U11120', 'U13764']",3
U839,"['U3103', 'U227']",2
U840,"['U4090', 'U6078', 'U8206', 'U1861', 'U6727', 'U8401', 'U5247']",7
U841,"['U8677', 'U2251', 'U2349', 'U1233', 'U238', 'U3650', 'U5583', 'U3501', 'U9451', 'U8994']",10
U842,"['U10364', 'U5131', 'U11271', 'U5106']",4
U843,"['U5897', 'U3020', 'U1936', 'U5913', 'U6828', 'U9487', 'U1545']",7
U844,"['U6390', 'U11934']",2
U845,"['U9662', 'U13105', 'U3165', 'U5666', 'U1495']",5
U846,"['U643', 'U14156', 'U6483', 'U4025', 'U12231', 'U10436']",6
U847,"['U3551', 'U2106', 'U9022']",3
U848,"['U13678', 'U7020', 'U4822', 'U9169', 'U11667']",5
U849,"['U1387', 'U8355']",2
U850,"['U2317', 'U11782', 'U10125']",3
U851,"['U2023', 'U11693', 'U7616', 'U8529']",4
U852,"['U9227', 'U8800']",2
U853,"['U2091', 'U7235', 'U3144', 'U9615', 'U7538', 'U1332', 'U4332', 'U2779', 'U7373']",9
U854,"['U2498', 'U8982']",2
U855,"['U14854', 'U2177', 'U6413', 'U5791', 'U9085', 'U7958']",6
U856,"['U14711', 'U4333', 'U432', 'U13970']",4
U857,"['U6540', 'U14417']",2
U858,"['U4540', 'U11748', 'U6316', 'U6372', 'U8900', 'U2472']",6
U859,"['U929', 'U6452', 'U5385', 'U2373']",4
U860,"['U7200', 'U7266', 'U8593', 'U3555', 'U13512']",5
U861,"['U10190', 'U433', 'U8406', 'U13561']",4
U862,"['U8932', 'U1086', 'U9203', 'U1579', 'U1305', 'U12220', 'U2905']",7
U863,"['U2246', 'U4624', 'U3596', 'U2777']",4
U864,"['U1057', 'U13101', 'U10696', 'U8009']",4
U865,"['U758', 'U1829', 'U9033']",3
U866,"['U7621', 'U7875', 'U13680', 'U6271', 'U12685']",5
U867,"['U9167', 'U399', 'U3691', 'U8727', 'U7206']",5
U868,"['U3707', 'U5741', 'U3168', 'U773', 'U12471']",5
U869,['U4487'],1
U870,['U11477'],1
U871,"['U12796', 'U13325', 'U13566', 'U1329']",4
U872,"['U7677', 'U11612', 'U9405']",3
U873,"['U5145', 'U6145']",2
U874,"['U2540', 'U10174', 'U5850', 'U9112', 'U11111', 'U10502', 'U6212', 'U1375']",8
U875,"['U4364', 'U11397', 'U14116', 'U11800']",4
U876,"['U2799', 'U9668', 'U2586', 'U7787', 'U11282', 'U762']",6
U877,"['U2303', 'U13085', 'U6471', 'U5535', 'U4482']",5
U878,"['U1377', 'U2946', 'U7883', 'U2961']",4
U879,"['U6218', 'U11432', 'U731', 'U3913', 'U849']",5
U880,"['U14946', 'U13549', 'U11707', 'U9730', 'U6346', 'U13590', 'U14051']",7
U881,"['U518', 'U5932', 'U422', 'U10703', 'U9162', 'U14296']",6
U882,"['U11003', 'U13071', 'U14598', 'U1430', 'U6560']",5
U883,['U13756'],1
U884,"['U2537', 'U8544']",2
U885,['U14510'],1
U886,"['U3758', 'U14205', 'U8314']",3
U887,"['U8780', 'U5859']",2
U888,"['U10542', 'U2919', 'U11980', 'U4428', 'U12574']",5
U889,"['U1059', 'U2617']",2
U890,"['U8853', 'U2601', 'U11666']",3
U891,"['U9352', 'U1730', 'U9971', 'U13787', 'U8769']",5
U892,"['U8949', 'U7858', 'U8589', 'U11586', 'U10828']",5
U893,"['U12405', 'U2157', 'U13454']",3
U894,"['U2400', 'U797', 'U10951', 'U2180', 'U6727']",5
U895,"['U7830', 'U5057', 'U4549', 'U2434', 'U11559']",5
U896,"['U2354', 'U5605', 'U7638', 'U9656', 'U2741', 'U4710', 'U8228']",7
U897,"['U7736', 'U4854']",2
U898,"['U11426', 'U11653', 'U6159']",3
U899,['U3231'],1
U900,"['U10190', 'U5029', 'U2702', 'U10301', 'U789']",5
U901,"['U2714', 'U2483', 'U14781']",3
U902,"['U4167', 'U8780', 'U13465']",3
U903,"['U4006', 'U2912', 'U5666', 'U8822', 'U4144', 'U10095']",6
U904,"['U14254', 'U12727', 'U10902', 'U14877']",4
U905,"['U7516', 'U3858', 'U7623', 'U3796', 'U6969', 'U4296', 'U6068']",7
U906,"['U987', 'U12870', 'U485', 'U8872', 'U8885', 'U651', 'U11456', 'U4929']",8
U907,"['U9984', 'U6141', 'U14022', 'U8931']",4
U908,"['U12914', 'U8261', 'U13359', 'U9947']",4
U909,"['U13709', 'U7112', 'U1764', 'U7136', 'U13941']",5
U910,"['U1019', 'U12089', 'U6108', 'U12840', 'U8753']",5
U911,"['U5531', 'U12189']",2
U912,"['U3805', 'U14343', 'U1699', 'U8506', 'U11977']",5
U913,"['U3857', 'U11912', 'U10007', 'U6930', 'U12349', 'U6434']",6
U914,"['U13330', 'U2625', 'U4033', 'U12202', 'U5122']",5
U915,"['U7146', 'U9121', 'U4949', 'U6810', 'U3225', 'U7692']",6
U916,"['U2661', 'U11948', 'U9418', 'U13205', 'U11874']",5
U917,"['U7585', 'U10443', 'U5850']",3
U918,[],0
U919,"['U13215', 'U11806', 'U11979']",3
U920,"['U5011', 'U9652']",2
U921,"['U6067', 'U10544', 'U2689']",3
U922,"['U10105', 'U4186', 'U3468', 'U7392', 'U2416', 'U12515', 'U2785', 'U827']",8
U923,"['U2141', 'U10670', 'U9688', 'U14119', 'U2029', 'U7643']",6
U924,"['U5945', 'U14681', 'U3181', 'U3059', 'U9140']",5
U925,"['U3012', 'U8078', 'U5796', 'U322', 'U11506']",5
U926,"['U13349', 'U11219', 'U4590', 'U5992', 'U12776', 'U3060']",6
U927,"['U7000', 'U6003', 'U3498']",3
U928,"['U13865', 'U6367', 'U12596', 'U12930', 'U384']",5
U929,"['U2014', 'U10174', 'U12252', 'U11750', 'U12408', 'U4534', 'U14565']",7
U930,"['U7527', 'U6756', 'U8409', 'U277', 'U11391', 'U12450', 'U6933']",7
U931,"['U11040', 'U5301', 'U8270', 'U7198']",4
U932,"['U13409', 'U6711', 'U10943', 'U14606', 'U8012', 'U3263', 'U12937']",7
U933,"['U8230', 'U10089', 'U2425', 'U9815']",4
U934,"['U14281', 'U6451', 'U648', 'U9427']",4
U935,"['U12020', 'U9978', 'U13750', 'U6622', 'U13294', 'U1956']",6
U936,"['U13287', 'U4161', 'U10095', 'U8519']",4
U937,"['U11298', 'U1705', 'U1117', 'U8534']",4
U938,"['U9527', 'U9313', 'U1854', 'U10957', 'U318']",5
U939,"['U1703', 'U7684', 'U4508', 'U8004', 'U6146', 'U823', 'U9572']",7
U940,"['U10477', 'U5776', 'U230', 'U1928']",4
U941,"['U3749', 'U5166', 'U5377', 'U1577', 'U1124', 'U6302', 'U9009']",7
U942,"['U13174', 'U12923', 'U2268', 'U14612']",4
U943,"['U7293', 'U1393', 'U3781']",3
U944,"['U6424', 'U1450', 'U8917', 'U14694', 'U6388', 'U9427']",6
U945,"['U13879', 'U116', 'U222']",3
U946,"['U9840', 'U10579', 'U329', 'U8195', 'U6019']",5
U947,"['U9773', 'U13101', 'U13357', 'U14243']",4
U948,"['U8189', 'U14728']",2
U949,"['U11143', 'U303']",2
U950,"['U2780', 'U11481', 'U4836', 'U6446']",4
U951,"['U8589', 'U2919', 'U11810', 'U12226', 'U1779']",5
U952,"['U5333', 'U5954', 'U8993', 'U1156', 'U12652']",5
U953,"['U4595', 'U13067', 'U6102', 'U7850', 'U4064', 'U4510', 'U9084']",7
U954,"['U7784', 'U11691', 'U8977', 'U2680', 'U8888', 'U11224', 'U5692', 'U5594']",8
U955,"['U12236', 'U7858', 'U11602', 'U5455', 'U2340']",5
U956,"['U1988', 'U13198', 'U6009', 'U1640', 'U9983']",5
U957,"['U14871', 'U9418', 'U5678', 'U2026', 'U14234', 'U5433', 'U8100', 'U3307']",8
U958,['U8913'],1
U959,"['U3242', 'U2880', 'U2779', 'U12347', 'U9473', 'U10048', 'U7880', 'U6209']",8
U960,"['U4559', 'U13087', 'U10360', 'U6342']",4
U961,"['U14965', 'U7483']",2
U962,"['U5959', 'U8640', 'U1948', 'U6394', 'U1877', 'U14001', 'U2618', 'U11902', 'U8708']",9
U963,"['U6962', 'U13168', 'U3771', 'U12218', 'U9763', 'U8595', 'U5081']",7
U964,"['U6913', 'U8968', 'U12894', 'U1103', 'U10781', 'U8921']",6
U965,"['U14078', 'U12052']",2
U966,"['U9802', 'U7242', 'U9837', 'U13090', 'U4165', 'U78', 'U2398', 'U14235', 'U2252']",9
U967,"['U14185', 'U10143', 'U3173', 'U12662', 'U7488', 'U5358', 'U4640']",7
U968,"['U14297', 'U1349', 'U6054']",3
U969,"['U4236', 'U10016']",2
U970,"['U10246', 'U8471']",2
U971,"['U9275', 'U11966', 'U11473', 'U11941', 'U1648', 'U991', 'U5155']",7
U972,"['U13137', 'U14737', 'U1745', 'U5264']",4
U973,"['U346', 'U1514', 'U14659', 'U3080']",4
U974,"['U2180', 'U11468', 'U690', 'U8610', 'U12822']",5
U975,"['U12601', 'U5985', 'U8946', 'U11071']",4
U976,"['U3267', 'U7365', 'U4129', 'U12964', 'U10472', 'U9743', 'U8356', 'U12653', 'U10882', 'U2891', 'U12615', 'U2233']",12
U977,"['U4316', 'U11345', 'U7840', 'U11670', 'U6212']",5
U978,"['U3156', 'U1114', 'U11681', 'U4464']",4
U979,"['U10650', 'U252', 'U14312', 'U3866']",4
U980,"['U11075', 'U10167', 'U5133', 'U11578', 'U11447']",5
U981,"['U11325', 'U13470', 'U259', 'U7715', 'U9247']",5
U982,[],0
U983,"['U12625', 'U5050', 'U2384', 'U196', 'U9615', 'U11403']",6
U984,"['U8188', 'U10352', 'U8556']",3
U985,"['U1592', 'U7613', 'U3978']",3
U986,"['U375', 'U13221', 'U4256', 'U11265']",4
U987,"['U8170', 'U4519']",2
U988,"['U12203', 'U4135']",2
U989,"['U13843', 'U11126', 'U14129', 'U9518', 'U10655', 'U3153', 'U8616']",7
U990,"['U11968', 'U8375', 'U5426', 'U11704', 'U3146', 'U4373', 'U6067']",7
U991,"['U10898', 'U7072', 'U14408', 'U2281', 'U9906', 'U8725']",6
U992,"['U777', 'U1217', 'U845', 'U10259', 'U3746']",5
U993,"['U13128', 'U7133', 'U9739', 'U11186']",4
U994,"['U3026', 'U6136', 'U13719', 'U11088']",4
U995,"['U3361', 'U8686', 'U14761']",3
U996,"['U10501', 'U5489', 'U4472', 'U6294', 'U5692']",5
U997,"['U9636', 'U4782', 'U6349']",3
U998,"['U3044', 'U10892', 'U8392', 'U12370']",4
U999,"['U7959', 'U3279', 'U14596', 'U10700', 'U9479', 'U4350', 'U14230', 'U3012']",8
U1000,"['U3400', 'U13247', 'U475', 'U2480']",4
U1001,"['U10997', 'U870']",2
U1002,"['U8065', 'U13663', 'U8385', 'U10820', 'U13111']",5
U1003,['U358'],1
U1004,"['U5089', 'U3472']",2
U1005,"['U9962', 'U8141', 'U4350', 'U10436', 'U2604', 'U6713']",6
U1006,"['U10990', 'U13482', 'U3440', 'U13047', 'U3928']",5
U1007,"['U14228', 'U8304']",2
U1008,"['U4206', 'U8649']",2
U1009,"['U9531', 'U9448', 'U4751']",3
U1010,"['U2150', 'U6918', 'U2873', 'U3517', 'U11609']",5
U1011,"['U9024', 'U11471', 'U1712', 'U13050']",4
U1012,"['U2186', 'U5172', 'U6575']",3
U1013,"['U6674', 'U14815', 'U10533', 'U5400', 'U4598', 'U10135', 'U3042']",7
U1014,"['U3628', 'U10156', 'U13808']",3
U1015,"['U13194', 'U14112', 'U4735', 'U11511']",4
U1016,"['U13011', 'U6996', 'U5931', 'U418', 'U7778', 'U14842']",6
U1017,"['U5990', 'U3975', 'U2063', 'U6227', 'U11839', 'U6052', 'U11632', 'U9730', 'U13658', 'U2367']",10
U1018,"['U6200', 'U13929', 'U5427', 'U11808', 'U425', 'U12763']",6
U1019,"['U11967', 'U3625', 'U13422', 'U8826', 'U1191', 'U2643']",6
U1020,"['U3229', 'U7911', 'U410', 'U4731', 'U11589']",5
U1021,"['U5277', 'U11021', 'U4150', 'U9192']",4
U1022,"['U13637', 'U9619', 'U1566']",3
U1023,"['U10159', 'U11177', 'U3940', 'U4928', 'U3552', 'U1252']",6
U1024,"['U645', 'U12660', 'U4836', 'U10644']",4
U1025,"['U330', 'U5756', 'U12829', 'U9619', 'U13122', 'U2460', 'U14269', 'U2121']",8
U1026,"['U11163', 'U12443', 'U10725', 'U6289', 'U128', 'U9757', 'U4726', 'U13029']",8
U1027,"['U797', 'U5866', 'U8840', 'U14124', 'U10616']",5
U1028,"['U5034', 'U3150', 'U12496', 'U8120', 'U13155']",5
U1029,"['U806', 'U8590', 'U14339', 'U7781', 'U9082', 'U8417']",6
U1030,"['U9065', 'U1382', 'U13057', 'U4626']",4
U1031,"['U11725', 'U7831', 'U12000']",3
U1032,"['U12488', 'U1401', 'U7495', 'U417', 'U6974', 'U14057', 'U943', 'U1395', 'U9927']",9
U1033,"['U1180', 'U9445', 'U12170', 'U11676', 'U4124', 'U13337']",6
U1034,"['U11703', 'U11467', 'U635', 'U8475', 'U5195']",5
U1035,"['U5548', 'U5704', 'U197', 'U13146', 'U8565', 'U4674', 'U5007']",7
U1036,"['U11975', 'U6996']",2
U1037,"['U5318', 'U7471', 'U6062', 'U4216', 'U2551', 'U14672', 'U11983']",7
U1038,"['U3063', 'U808', 'U6287', 'U5845', 'U6590']",5
U1039,"['U4061', 'U10077', 'U10321']",3
U1040,"['U332', 'U7241', 'U1881']",3
U1041,"['U8315', 'U7052', 'U8851', 'U3120', 'U14928']",5
U1042,"['U14678', 'U5979', 'U223', 'U1139', 'U10612', 'U10169']",6
U1043,"['U3713', 'U5043', 'U3897', 'U5794', 'U6897']",5
U1044,"['U364', 'U14500', 'U1947']",3
U1045,['U12711'],1
U1046,"['U5743', 'U10621', 'U9837', 'U6299']",4
U1047,"['U7043', 'U6022', 'U7228', 'U9559', 'U5417']",5
U1048,"['U11918', 'U11858']",2
U1049,"['U2347', 'U7136', 'U13880', 'U14382', 'U6670']",5
U1050,"['U8393', 'U8429']",2
U1051,"['U12770', 'U1019']",2
U1052,"['U10788', 'U12666', 'U1384', 'U13286']",4
U1053,"['U7273', 'U378', 'U4989', 'U193', 'U4329']",5
U1054,"['U12033', 'U12954', 'U3388', 'U4911', 'U10075', 'U14706']",6
U1055,"['U14073', 'U7278', 'U10234', 'U12818']",4
U1056,"['U6169', 'U8742']",2
U1057,"['U3920', 'U10801', 'U761', 'U11551']",4
U1058,"['U14912', 'U4445', 'U642']",3
U1059,"['U904', 'U6073', 'U14732', 'U10736', 'U4553', 'U8094']",6
U1060,"['U9950', 'U4198', 'U8126', 'U11663', 'U8690', 'U12162', 'U1863', 'U4202']",8
U1061,"['U2145', 'U5618', 'U9326']",3
U1062,"['U5822', 'U10517', 'U5976', 'U6303']",4
U1063,"['U7031', 'U3465', 'U6307', 'U14441']",4
U1064,"['U9026', 'U12223', 'U8631', 'U8524', 'U3521', 'U10210']",6
U1065,"['U8939', 'U735', 'U1040', 'U5641', 'U12384', 'U1104']",6
U1066,"['U11717', 'U3565']",2
U1067,"['U6723', 'U3841', 'U5251', 'U2034', 'U10829']",5
U1068,"['U3705', 'U5877', 'U11046']",3
U1069,['U13801'],1
U1070,"['U9857', 'U5338', 'U6980', 'U14929', 'U5812']",5
U1071,"['U1474', 'U2046', 'U794', 'U647']",4
U1072,"['U14782', 'U1233']",2
U1073,"['U1564', 'U14808', 'U3012', 'U13281', 'U4498']",5
U1074,"['U9605', 'U10397', 'U606']",3
U1075,"['U10782', 'U12968', 'U9648', 'U11763', 'U12137', 'U10345']",6
U1076,"['U13667', 'U14137', 'U6093', 'U1033']",4
U1077,"['U6965', 'U13310', 'U4421', 'U3776']",4
U1078,"['U9025', 'U11592', 'U14952', 'U7857']",4
U1079,"['U10372', 'U13280', 'U472']",3
U1080,"['U14813', 'U4834', 'U1660', 'U14756']",4
U1081,"['U1173', 'U6728', 'U3068', 'U7082', 'U9311', 'U2377']",6
U1082,"['U11790', 'U13183', 'U1629', 'U9152']",4
U1083,"['U1296', 'U13953', 'U6767', 'U11838', 'U8606', 'U4943', 'U8287', 'U5537', 'U6108']",9
U1084,"['U11273', 'U14014']",2
U1085,"['U2062', 'U13595', 'U10835', 'U4100', 'U5909', 'U7306']",6
U1086,"['U4773', 'U13192', 'U839', 'U441', 'U852']",5
U1087,"['U8783', 'U1567', 'U13064', 'U1327', 'U7471', 'U10657', 'U6288', 'U14605', 'U2923', 'U14718']",10
U1088,"['U5773', 'U5729', 'U14920', 'U5741']",4
U1089,"['U13818', 'U12929', 'U11556', 'U11545', 'U1484', 'U9099', 'U7249', 'U11930', 'U13546', 'U12235']",10
U1090,"['U1299', 'U11239', 'U13535', 'U13694']",4
U1091,"['U7224', 'U14349', 'U3306', 'U4801', 'U11114', 'U1664', 'U7804', 'U4235']",8
U1092,"['U5674', 'U601', 'U11894', 'U1670', 'U5693', 'U5983', 'U2784', 'U1277']",8
U1093,"['U10251', 'U14324']",2
U1094,"['U14409', 'U789', 'U6372']",3
U1095,"['U7575', 'U2525', 'U8304', 'U13768', 'U14104']",5
U1096,"['U8835', 'U7050']",2
U1097,"['U7596', 'U9261', 'U2029', 'U12633', 'U168', 'U13880']",6
U1098,[],0
U1099,"['U14501', 'U13971', 'U2748', 'U7979', 'U1878', 'U12357']",6
U1100,"['U12134', 'U10585', 'U6629', 'U14478', 'U7506']",5
U1101,"['U770', 'U6164', 'U14304', 'U5140', 'U3040', 'U12280', 'U2439', 'U3652', 'U8059']",9
U1102,"['U10243', 'U3696', 'U3173', 'U6873', 'U3692', 'U3016']",6
U1103,"['U13037', 'U4986', 'U9163', 'U1731', 'U10875', 'U12489']",6
U1104,"['U13477', 'U10258', 'U5476', 'U4956', 'U8220', 'U12713']",6
U1105,"['U12659', 'U6480', 'U5569', 'U3187']",4
U1106,"['U13342', 'U5668', 'U12533', 'U11740', 'U1744', 'U1681', 'U14000', 'U12441']",8
U1107,"['U2369', 'U10674', 'U340', 'U11015']",4
U1108,"['U8915', 'U2583']",2
U1109,"['U8697', 'U11767']",2
U1110,"['U2323', 'U2368', 'U215', 'U8439', 'U10170', 'U5098', 'U484', 'U12031']",8
U1111,"['U198', 'U310', 'U11222', 'U14167', 'U2965', 'U5314', 'U3785', 'U8853', 'U6015', 'U10478']",10
U1112,"['U8391', 'U858', 'U2373']",3
U1113,"['U9719', 'U2211', 'U2961', 'U10607', 'U5506', 'U7442']",6
U1114,"['U4689', 'U9104']",2
U1115,"['U5693', 'U3694', 'U9063', 'U4526', 'U3819']",5
U1116,"['U1368', 'U9536']",2
U1117,"['U13945', 'U13894', 'U8012']",3
U1118,"['U4524', 'U1255', 'U1338']",3
U1119,"['U3305', 'U11461', 'U12850']",3
U1120,"['U1572', 'U10673']",2
U1121,"['U3222', 'U6181', 'U14783', 'U11395', 'U11895', 'U13061']",6
U1122,"['U13947', 'U11879', 'U6467', 'U4372', 'U11019', 'U2589']",6
U1123,"['U4197', 'U639', 'U4558', 'U5710', 'U10571', 'U9130', 'U229']",7
U1124,"['U2571', 'U1535', 'U4143', 'U6433']",4
U1125,"['U9216', 'U10653', 'U4623', 'U1049']",4
U1126,"['U3813', 'U1844', 'U11641', 'U11680', 'U13720', 'U6315', 'U6132', 'U9961', 'U13983']",9
U1127,"['U7557', 'U7867', 'U6075', 'U9565', 'U9210', 'U3265']",6
U1128,"['U7978', 'U12583', 'U11420', 'U1876', 'U7723']",5
U1129,"['U14582', 'U6311', 'U11476']",3
U1130,"['U6076', 'U3123', 'U5721', 'U7471']",4
U1131,"['U10219', 'U14592', 'U9717', 'U8705', 'U1618', 'U14691', 'U6486', 'U9122']",8
U1132,"['U14606', 'U6163', 'U3246', 'U9838']",4
U1133,"['U14261', 'U13041', 'U14524', 'U7210', 'U12734', 'U14067']",6
U1134,"['U6484', 'U5520']",2
U1135,"['U5233', 'U7048', 'U6925']",3
U1136,"['U4661', 'U12575', 'U5193', 'U6007', 'U13026', 'U3125', 'U11157', 'U8112']",8
U1137,"['U8685', 'U233', 'U1179', 'U3543', 'U9372', 'U3127']",6
U1138,"['U2865', 'U10975', 'U3064', 'U9971', 'U1553', 'U14005']",6
U1139,"['U11183', 'U7665', 'U14400', 'U12175', 'U3082', 'U1733']",6
U1140,"['U7958', 'U8002', 'U14808', 'U11692', 'U11031', 'U14637', 'U3012']",7
U1141,"['U5242', 'U12234', 'U4627']",3
U1142,[],0
U1143,"['U12531', 'U8657']",2
U1144,"['U12144', 'U6536', 'U9253', 'U240']",4
U1145,"['U5007', 'U3855', 'U13195', 'U7603', 'U10442']",5
U1146,"['U6170', 'U2343', 'U4546']",3
U1147,"['U8168', 'U10804', 'U13630', 'U5261', 'U7534', 'U2028']",6
U1148,"['U14366', 'U1510', 'U12162']",3
U1149,"['U5966', 'U14312']",2
U1150,"['U737', 'U4075', 'U6675', 'U14335', 'U5160']",5
U1151,"['U8080', 'U5051', 'U14156', 'U10287', 'U4945', 'U8910']",6
U1152,"['U1273', 'U6098', 'U1203', 'U6048', 'U6363', 'U12205']",6
U1153,"['U91', 'U13625']",2
U1154,"['U9684', 'U1671', 'U10462', 'U894']",4
U1155,"['U13980', 'U2947', 'U10230', 'U6423']",4
U1156,"['U5338', 'U4292', 'U12273', 'U6960', 'U3360']",5
U1157,['U5404'],1
U1158,"['U13185', 'U8559', 'U10905', 'U14621']",4
U1159,"['U6290', 'U6083', 'U13571', 'U1436', 'U9409', 'U1863', 'U10088']",7
U1160,"['U14261', 'U12567', 'U10884', 'U13141', 'U9846', 'U9097']",6
U1161,"['U1918', 'U2873']",2
U1162,"['U7874', 'U13852', 'U14862', 'U14481']",4
U1163,"['U5923', 'U5675', 'U2859', 'U2014']",4
U1164,"['U8946', 'U7920', 'U4156', 'U11163']",4
U1165,"['U9640', 'U3332', 'U2067', 'U13806', 'U10436', 'U1633', 'U7708']",7
U1166,"['U12293', 'U4052', 'U14788', 'U11800']",4
U1167,"['U11716', 'U14392', 'U336', 'U13213', 'U12059', 'U1743']",6
U1168,"['U14946', 'U3531', 'U7127', 'U6341', 'U2375', 'U72', 'U5411']",7
U1169,"['U8187', 'U12023', 'U8133', 'U539', 'U3197', 'U1532']",6
U1170,"['U6114', 'U4051']",2
U1171,"['U13784', 'U1888', 'U13460']",3
U1172,"['U4544', 'U960', 'U3521', 'U2649']",4
U1173,"['U13302', 'U13945', 'U14577', 'U2011']",4
U1174,"['U1446', 'U493', 'U13196', 'U14095', 'U12240', 'U3236', 'U9359']",7
U1175,"['U11648', 'U5634', 'U8457', 'U5375', 'U9645', 'U2442']",6
U1176,"['U4929', 'U13527', 'U10793', 'U2085', 'U1845']",5
U1177,"['U13576', 'U11206', 'U4415', 'U9613']",4
U1178,"['U3462', 'U5319', 'U13749']",3
U1179,['U3994'],1
U1180,"['U6727', 'U3960', 'U9851', 'U9982']",4
U1181,"['U5279', 'U13381', 'U13867', 'U9058']",4
U1182,"['U5764', 'U3783', 'U9082', 'U13889']",4
U1183,"['U218', 'U86', 'U14890']",3
U1184,"['U3234', 'U13010']",2
U1185,"['U5565', 'U448', 'U830', 'U376', 'U14361', 'U8835']",6
U1186,"['U12014', 'U6841', 'U14216', 'U7139', 'U11419']",5
U1187,"['U1416', 'U4421', 'U2699', 'U5915']",4
U1188,"['U4184', 'U6738', 'U10132', 'U1447']",4
U1189,"['U11200', 'U5605', 'U8233', 'U9705', 'U14102', 'U4925']",6
U1190,"['U6133', 'U13000', 'U5507', 'U13159', 'U484', 'U1704', 'U12518', 'U9078']",8
U1191,"['U12516', 'U9677']",2
U1192,"['U9208', 'U1430', 'U12101']",3
U1193,"['U12769', 'U11440', 'U4475', 'U13948', 'U11524']",5
U1194,"['U8788', 'U7863', 'U5285', 'U4477']",4
U1195,"['U6982', 'U8769', 'U14716']",3
U1196,"['U11551', 'U10958', 'U10527', 'U9548']",4
U1197,"['U1733', 'U8329']",2
U1198,"['U10381', 'U8498']",2
U1199,"['U13587', 'U1289', 'U4895', 'U4369', 'U7641', 'U11415']",6
U1200,"['U3774', 'U4974', 'U468', 'U834']",4
U1201,"['U2411', 'U1146', 'U6849']",3
U1202,"['U11964', 'U13100', 'U6579', 'U4391', 'U7370', 'U5263', 'U8851', 'U21']",8
U1203,"['U1537', 'U3486']",2
U1204,"['U6522', 'U8532']",2
U1205,"['U2564', 'U834', 'U10347', 'U7463']",4
U1206,"['U4875', 'U12305']",2
U1207,"['U10345', 'U10133', 'U6463']",3
U1208,"['U5664', 'U12043', 'U581', 'U3492', 'U5388', 'U9732', 'U8100', 'U2709', 'U5003']",9
U1209,"['U1727', 'U5127', 'U11582', 'U11646']",4
U1210,"['U4730', 'U8465', 'U750', 'U348', 'U8898', 'U7165', 'U9534']",7
U1211,"['U4494', 'U11815', 'U11461']",3
U1212,"['U13617', 'U12047', 'U2234', 'U7094']",4
U1213,"['U14784', 'U12023', 'U10978']",3
U1214,"['U5054', 'U10927', 'U12563', 'U2998']",4
U1215,"['U7468', 'U4414', 'U7919', 'U8618', 'U3644', 'U14314']",6
U1216,"['U11229', 'U12356', 'U10277']",3
U1217,"['U13269', 'U11968', 'U14771', 'U6334', 'U7439']",5
U1218,"['U6956', 'U11452', 'U11573', 'U14269', 'U9555']",5
U1219,"['U3164', 'U11190', 'U6160', 'U128']",4
U1220,"['U6009', 'U2872', 'U10160', 'U4882', 'U14632', 'U8606']",6
U1221,"['U11903', 'U14045', 'U9822', 'U7157', 'U5356']",5
U1222,"['U14413', 'U12640', 'U340', 'U14877', 'U2072', 'U5773', 'U6569']",7
U1223,"['U8992', 'U13442', 'U1896', 'U4856', 'U876', 'U10674', 'U5453', 'U6653']",8
U1224,"['U9327', 'U2298', 'U3546', 'U11295', 'U11747', 'U2006', 'U4860']",7
U1225,"['U1508', 'U13405', 'U5125', 'U1721']",4
U1226,"['U6836', 'U7417', 'U12437', 'U9982']",4
U1227,"['U11778', 'U4555', 'U9896', 'U12179', 'U4222', 'U10183', 'U2211']",7
U1228,"['U837', 'U12855', 'U3168']",3
U1229,"['U1353', 'U6581', 'U4003', 'U11336', 'U661', 'U1824', 'U10786']",7
U1230,"['U3422', 'U11229', 'U9184', 'U6156']",4
U1231,"['U4057', 'U2761', 'U7668']",3
U1232,['U14866'],1
U1233,"['U9569', 'U11002', 'U4799', 'U3962', 'U10042', 'U9679', 'U7214', 'U8901']",8
U1234,"['U8940', 'U9673', 'U3535', 'U6782', 'U11303', 'U10863', 'U431', 'U13316']",8
U1235,"['U6807', 'U3072', 'U6063', 'U10532', 'U14090', 'U10863', 'U12262']",7
U1236,"['U9242', 'U13231', 'U695', 'U11045']",4
U1237,"['U12269', 'U13202', 'U12730', 'U4102']",4
U1238,"['U8264', 'U12031', 'U7299', 'U14494']",4
U1239,"['U990', 'U7938', 'U311', 'U6058']",4
U1240,"['U5930', 'U8482', 'U11197', 'U6995']",4
U1241,"['U2183', 'U2582', 'U5936', 'U12691', 'U2748', 'U14989', 'U9635', 'U12093', 'U11497']",9
U1242,['U10459'],1
U1243,"['U14949', 'U3024', 'U14291', 'U7369', 'U4307', 'U6769', 'U9427', 'U10306']",8
U1244,"['U13276', 'U13756', 'U2612', 'U2036']",4
U1245,"['U12322', 'U12097', 'U2050', 'U7175', 'U4426', 'U5591']",6
U1246,"['U3087', 'U14842', 'U2674', 'U14866', 'U11553']",5
U1247,"['U9120', 'U5254', 'U592', 'U2140', 'U12812', 'U12531', 'U11008', 'U10177', 'U3666']",9
U1248,"['U8437', 'U9288', 'U8128', 'U2505', 'U8754', 'U4567', 'U13901']",7
U1249,"['U6008', 'U11353', 'U12392', 'U4218', 'U9655', 'U10541']",6
U1250,"['U9271', 'U13966', 'U10586', 'U13859', 'U2446', 'U11151', 'U3573', 'U8566']",8
U1251,"['U14429', 'U7178', 'U7788']",3
U1252,"['U5078', 'U5060', 'U13684', 'U7556', 'U11531', 'U3933', 'U6181']",7
U1253,"['U3485', 'U1179', 'U10234', 'U14148', 'U156']",5
U1254,"['U12988', 'U5878', 'U7349', 'U9776', 'U3236', 'U9999', 'U2073']",7
U1255,"['U13512', 'U10428', 'U7949', 'U9322', 'U778', 'U7820', 'U10814']",7
U1256,"['U7481', 'U3520', 'U219', 'U6216', 'U13418', 'U3162']",6
U1257,"['U8531', 'U1249', 'U5875', 'U8227', 'U8854', 'U8696', 'U13693', 'U12522']",8
U1258,"['U10020', 'U2031', 'U3862']",3
U1259,"['U3577', 'U8554', 'U2119', 'U6374', 'U1398', 'U295', 'U6407', 'U5008', 'U7498', 'U2032', 'U8396', 'U3258', 'U9613']",13
U1260,"['U1280', 'U5236', 'U14777', 'U10403', 'U12428', 'U9299', 'U14764']",7
U1261,"['U14194', 'U7920']",2
U1262,"['U14323', 'U10096', 'U9514', 'U7326', 'U7469', 'U632']",6
U1263,"['U1526', 'U3719', 'U2363', 'U1679', 'U6037', 'U5055']",6
U1264,"['U10225', 'U6042', 'U7143', 'U10263', 'U10368', 'U5695']",6
U1265,"['U9393', 'U14316', 'U9393', 'U3050', 'U10123', 'U13666']",6
U1266,"['U11848', 'U9280', 'U2409', 'U6576', 'U9835', 'U4111']",6
U1267,"['U2316', 'U8521', 'U9514', 'U4322', 'U5639', 'U14632', 'U1522']",7
U1268,"['U9050', 'U11669', 'U14803', 'U11324', 'U6108', 'U3871', 'U7519']",7
U1269,"['U1809', 'U14333', 'U4640', 'U13298', 'U1760', 'U2400', 'U2633', 'U12192', 'U5795', 'U12557']",10
U1270,"['U7364', 'U12344', 'U10087', 'U1628', 'U13496']",5
U1271,"['U646', 'U14035']",2
U1272,"['U13587', 'U3670', 'U3561', 'U4917']",4
U1273,"['U6019', 'U1052']",2
U1274,"['U1542', 'U13539', 'U6495', 'U10213', 'U1588', 'U8038']",6
U1275,"['U11515', 'U6711', 'U2199', 'U3754', 'U9184']",5
U1276,"['U13482', 'U9970', 'U10543', 'U2308']",4
U1277,"['U12096', 'U8726', 'U6464', 'U13286', 'U10698', 'U11971', 'U11674', 'U14856']",8
U1278,"['U183', 'U1055']",2
U1279,"['U12658', 'U2802', 'U13043']",3
U1280,"['U9400', 'U11867', 'U10267', 'U6133', 'U1743', 'U10551', 'U2032', 'U892']",8
U1281,"['U6532', 'U12631', 'U9452', 'U13054']",4
U1282,"['U5968', 'U5218', 'U188', 'U7960', 'U14421']",5
U1283,"['U690', 'U12573', 'U13200', 'U4791']",4
U1284,"['U11029', 'U1568', 'U14308']",3
U1285,"['U8773', 'U9534', 'U2177', 'U8036', 'U11530', 'U6960', 'U8928']",7
U1286,"['U5498', 'U5074', 'U8805', 'U14118', 'U12556', 'U8040']",6
U1287,"['U14455', 'U11524', 'U1229', 'U3676', 'U14487', 'U1159']",6
U1288,"['U9412', 'U8275']",2
U1289,"['U2133', 'U11179', 'U14018']",3
U1290,"['U1414', 'U2092', 'U6954']",3
U1291,"['U8511', 'U9457']",2
U1292,"['U5566', 'U11646', 'U13274', 'U12475', 'U14234', 'U9962']",6
U1293,"['U6030', 'U8041', 'U11631', 'U338', 'U12934']",5
U1294,"['U13849', 'U9290', 'U2108', 'U11342', 'U1643']",5
U1295,"['U4369', 'U4482', 'U3067', 'U12784', 'U13586']",5
U1296,"['U8524', 'U4886', 'U9191']",3
U1297,"['U14655', 'U2556', 'U14402', 'U12093', 'U9764', 'U2981', 'U14176']",7
U1298,"['U9474', 'U209', 'U3144', 'U3935', 'U13725', 'U5396']",6
U1299,"['U10966', 'U11880', 'U6872', 'U2066', 'U4688', 'U4604', 'U5683']",7
U1300,"['U12427', 'U4227', 'U11251']",3
U1301,"['U7133', 'U4301', 'U4000', 'U3654']",4
U1302,"['U6647', 'U7797', 'U6145']",3
U1303,"['U6202', 'U406', 'U6808', 'U5526']",4
U1304,"['U3553', 'U2630', 'U6462', 'U12352', 'U10771', 'U1607']",6
U1305,['U13564'],1
U1306,"['U5840', 'U10899', 'U12737']",3
U1307,"['U5165', 'U6606', 'U2097']",3
U1308,"['U1947', 'U6110', 'U3295', 'U9752', 'U4566', 'U2571', 'U3253', 'U10184']",8
U1309,"['U1799', 'U12404', 'U13296', 'U4987', 'U10140']",5
U1310,"['U5236', 'U3170', 'U14535', 'U731', 'U8131']",5
U1311,"['U2335', 'U13925', 'U14534', 'U7976']",4
U1312,"['U1663', 'U13668', 'U14743', 'U4785', 'U5345', 'U12717', 'U5300', 'U14710', 'U2009']",9
U1313,"['U3063', 'U12595', 'U2224', 'U12366', 'U14306', 'U6451']",6
U1314,"['U7046', 'U11081']",2
U1315,"['U7411', 'U1178']",2
U1316,"['U7684', 'U13293']",2
U1317,"['U4521', 'U5332', 'U8017', 'U4291']",4
U1318,"['U6584', 'U14863', 'U5283', 'U14497', 'U1784', 'U3244']",6
U1319,"['U3234', 'U4955', 'U8707', 'U11872', 'U2584']",5
U1320,"['U8101', 'U5570', 'U5525', 'U3466', 'U8104', 'U1543', 'U1687']",7
U1321,"['U4263', 'U7195', 'U4934', 'U9293', 'U10822', 'U2194']",6
U1322,"['U14001', 'U11759', 'U4906']",3
U1323,"['U2586', 'U1160', 'U5598', 'U11122', 'U2948', 'U3928', 'U5868']",7
U1324,"['U1506', 'U13270', 'U14801', 'U5166', 'U9732', 'U4730']",6
U1325,"['U1964', 'U11247', 'U4988', 'U6931']",4
U1326,"['U3951', 'U3319', 'U6046', 'U1356']",4
U1327,"['U2519', 'U6877', 'U14538']",3
U1328,"['U3188', 'U6574', 'U4611', 'U13057', 'U4162', 'U2900']",6
U1329,"['U11983', 'U5803', 'U13998', 'U9117', 'U3745', 'U14140', 'U1724', 'U5633', 'U11658', 'U4231']",10
U1330,"['U11897', 'U3976', 'U5453', 'U2572', 'U13496', 'U12499']",6
U1331,"['U10123', 'U8024', 'U7484', 'U3186']",4
U1332,"['U2075', 'U6696', 'U8605', 'U11028']",4
U1333,"['U2909', 'U4699']",2
U1334,"['U14940', 'U4859', 'U14516', 'U8239']",4
U1335,"['U14458', 'U1140', 'U6251', 'U14942']",4
U1336,"['U4127', 'U3524', 'U11810', 'U4463', 'U14110']",5
U1337,"['U6862', 'U5006', 'U13776', 'U10529']",4
U1338,"['U2407', 'U1485', 'U1229']",3
U1339,['U6609'],1
U1340,"['U12007', 'U6731', 'U11773', 'U6073', 'U4082']",5
U1341,"['U14680', 'U10906', 'U12740', 'U11236', 'U14255', 'U11535', 'U5746']",7
U1342,"['U4036', 'U13869', 'U11626']",3
U1343,"['U1311', 'U1279', 'U7302']",3
U1344,"['U10158', 'U6905', 'U6117', 'U13902']",4
U1345,"['U2167', 'U12824', 'U7446', 'U12371', 'U8712', 'U12578']",6
U1346,"['U1377', 'U8705', 'U6935', 'U4420', 'U14255', 'U6475', 'U5156', 'U1116', 'U7515', 'U12316']",10
U1347,"['U3055', 'U2080', 'U3137', 'U1400']",4
U1348,"['U11302', 'U6011', 'U1773']",3
U1349,"['U524', 'U11945', 'U4548', 'U3623', 'U480']",5
U1350,[],0
U1351,"['U9952', 'U8436', 'U9758', 'U6789']",4
U1352,"['U1233', 'U3692', 'U2227', 'U13427']",4
U1353,"['U11900', 'U13423', 'U3806', 'U7153', 'U1675', 'U14775', 'U7766']",7
U1354,"['U11324', 'U9881', 'U10776', 'U4003', 'U13777']",5
U1355,"['U9873', 'U12213', 'U11653', 'U250']",4
U1356,"['U8909', 'U790', 'U6451']",3
U1357,"['U3930', 'U13207', 'U9925', 'U11245', 'U5076']",5
U1358,"['U10615', 'U14908', 'U14774', 'U3515', 'U3299', 'U4281', 'U7524']",7
U1359,"['U14322', 'U5164']",2
U1360,"['U2151', 'U13797', 'U14279', 'U11352']",4
U1361,"['U7678', 'U10934', 'U14981', 'U2378']",4
U1362,"['U13505', 'U10525', 'U1701', 'U7588', 'U7779', 'U2158', 'U6400', 'U6882']",8
U1363,"['U250', 'U869', 'U12159', 'U2344', 'U10517', 'U4000']",6
U1364,"['U10010', 'U10071']",2
U1365,"['U655', 'U9447', 'U7774', 'U14532', 'U7536', 'U5023', 'U6438']",7
U1366,"['U7022', 'U9442', 'U14400', 'U11888']",4
U1367,"['U6842', 'U12708']",2
U1368,"['U8933', 'U6774', 'U724', 'U5437']",4
U1369,"['U12240', 'U10171', 'U2457', 'U5337']",4
U1370,"['U9737', 'U12707', 'U10939', 'U12391', 'U349']",5
U1371,"['U9075', 'U11679', 'U4439']",3
U1372,"['U13830', 'U7654', 'U11845', 'U5901']",4
U1373,"['U8140', 'U4921', 'U10147', 'U7983', 'U10865']",5
U1374,"['U13589', 'U9801', 'U2539', 'U6999', 'U6808', 'U1763', 'U4703']",7
U1375,"['U8982', 'U5818', 'U2449', 'U9667', 'U5969', 'U9758']",6
U1376,['U1931'],1
U1377,"['U5615', 'U12320', 'U7165', 'U12687', 'U4924']",5
U1378,"['U1347', 'U7144', 'U9070']",3
U1379,"['U7639', 'U7146', 'U3658', 'U6377', 'U844', 'U10464']",6
U1380,"['U1174', 'U11006', 'U11251', 'U11628', 'U10188', 'U9255', 'U14935', 'U5964', 'U3194']",9
U1381,"['U11023', 'U6974', 'U13784', 'U2383', 'U10365', 'U9431', 'U8849', 'U4510']",8
U1382,"['U3158', 'U8782', 'U797', 'U1392', 'U5368', 'U5948', 'U12257', 'U6566']",8
U1383,"['U10093', 'U4437', 'U780', 'U3042', 'U13439', 'U9742', 'U13920', 'U7905']",8
U1384,"['U842', 'U8720', 'U3896', 'U9865', 'U10900', 'U11106']",6
U1385,"['U5857', 'U1824', 'U4649', 'U11773', 'U7051', 'U9726', 'U8362']",7
U1386,"['U11967', 'U7115']",2
U1387,"['U4434', 'U11440', 'U11904', 'U8530', 'U11613']",5
U1388,"['U14558', 'U11431', 'U9861', 'U10601', 'U1873', 'U5350', 'U8618']",7
U1389,"['U7807', 'U12760']",2
U1390,"['U3730', 'U9305', 'U10906', 'U11225', 'U518']",5
U1391,"['U3044', 'U3903', 'U7601', 'U296', 'U9146', 'U14415', 'U9868']",7
U1392,"['U7386', 'U1611']",2
U1393,"['U10312', 'U4603', 'U3870', 'U12297', 'U4725', 'U6371', 'U14622']",7
U1394,"['U2763', 'U7614', 'U4000', 'U10759', 'U1732']",5
U1395,"['U7097', 'U7736', 'U5864', 'U2781', 'U13673', 'U8608', 'U5476', 'U8166', 'U6862']",9
U1396,"['U14359', 'U6877', 'U6839']",3
U1397,"['U2187', 'U4547', 'U9709', 'U8778']",4
U1398,"['U723', 'U7250', 'U3460', 'U13744', 'U3496', 'U9106', 'U4472', 'U8351']",8
U1399,"['U5082', 'U2324', 'U14282', 'U3093', 'U6927']",5
U1400,['U2537'],1
U1401,"['U14674', 'U9745', 'U10170', 'U12376', 'U6035']",5
U1402,['U10117'],1
U1403,"['U6581', 'U10330', 'U1530', 'U4942']",4
U1404,"['U7500', 'U14768', 'U13388', 'U10043', 'U11965']",5
U1405,"['U12795', 'U7487', 'U10197', 'U7866', 'U7561', 'U14066']",6
U1406,"['U11734', 'U4173', 'U5046', 'U13036', 'U2785']",5
U1407,"['U11773', 'U6793', 'U7167', 'U10794']",4
U1408,['U10816'],1
U1409,"['U2214', 'U8368', 'U12958', 'U7078']",4
U1410,"['U11667', 'U7147', 'U11359', 'U6021', 'U7131', 'U14939', 'U12666']",7
U1411,"['U1332', 'U7516', 'U14937', 'U12639', 'U13671', 'U4585', 'U5583', 'U9066']",8
U1412,"['U11320', 'U3469', 'U8745']",3
U1413,"['U10416', 'U1260', 'U13069', 'U2195']",4
U1414,"['U838', 'U10292']",2
U1415,"['U3312', 'U11267', 'U14431', 'U5288']",4
U1416,"['U12135', 'U7720', 'U12742', 'U692', 'U13422', 'U6621', 'U816', 'U14097']",8
U1417,"['U12283', 'U5201', 'U5102', 'U11498', 'U8595', 'U3979', 'U2648']",7
U1418,"['U7080', 'U14206', 'U14893']",3
U1419,"['U9224', 'U9575', 'U9719', 'U2951', 'U787', 'U12835', 'U6558']",7
U1420,"['U7645', 'U12910']",2
U1421,"['U13181', 'U7231', 'U3275', 'U10396', 'U2371', 'U14990', 'U11025']",7
U1422,"['U2247', 'U7653', 'U1782', 'U4538']",4
U1423,"['U6171', 'U2324', 'U9434', 'U1033']",4
U1424,"['U8254', 'U9697', 'U1444', 'U9478', 'U13347', 'U3269', 'U107', 'U12234', 'U613']",9
U1425,"['U12034', 'U840', 'U2699']",3
U1426,"['U9953', 'U1065', 'U768', 'U8104']",4
U1427,"['U14355', 'U7575', 'U10391']",3
U1428,"['U8789', 'U6044', 'U10881', 'U7459', 'U4237', 'U4658', 'U8434']",7
U1429,"['U7828', 'U12200', 'U12015', 'U3733', 'U11905', 'U7448', 'U549']",7
U1430,"['U6357', 'U7975', 'U9121', 'U373']",4
U1431,"['U13288', 'U4110', 'U1562', 'U13990', 'U6783']",5
U1432,"['U8687', 'U9092', 'U455']",3
U1433,"['U13140', 'U4729', 'U6414', 'U2391', 'U12401', 'U10761', 'U5924']",7
U1434,"['U12176', 'U10511', 'U7877', 'U14841', 'U11915', 'U4161']",6
U1435,"['U7215', 'U617', 'U11887', 'U12822', 'U14031']",5
U1436,"['U7604', 'U9964', 'U13402', 'U8969', 'U9611']",5
U1437,"['U12035', 'U10770', 'U10534', 'U9054']",4
U1438,"['U11701', 'U7771', 'U1934', 'U11219']",4
U1439,"['U3154', 'U1898', 'U2985', 'U6953', 'U1360']",5
U1440,"['U527', 'U3301', 'U4173', 'U1013', 'U5881', 'U13901']",6
U1441,"['U11661', 'U8647']",2
U1442,"['U8559', 'U7829', 'U2386', 'U6067', 'U2775', 'U11392', 'U3000', 'U8802', 'U12261', 'U8511']",10
U1443,"['U8734', 'U9203', 'U9929', 'U6608', 'U6271', 'U1266', 'U7517']",7
U1444,"['U7256', 'U5819', 'U12614']",3
U1445,"['U13739', 'U14492']",2
U1446,"['U8407', 'U7725', 'U14047']",3
U1447,"['U14', 'U7925', 'U14094', 'U14388', 'U3082', 'U13570', 'U11606']",7
U1448,"['U4475', 'U550']",2
U1449,"['U11598', 'U3530', 'U8012', 'U5862']",4
U1450,"['U5202', 'U5641', 'U13524']",3
U1451,['U13785'],1
U1452,"['U1991', 'U1540', 'U1069', 'U3953']",4
U1453,"['U9648', 'U113', 'U1141']",3
U1454,"['U6662', 'U14778', 'U5942', 'U6795', 'U13467', 'U12695', 'U8128', 'U6291', 'U5894']",9
U1455,"['U4310', 'U3777', 'U12025', 'U13169', 'U6642']",5
U1456,"['U7285', 'U5171', 'U8892', 'U3187', 'U3473', 'U269', 'U5002', 'U8370']",8
U1457,"['U11864', 'U9436', 'U13437']",3
U1458,['U13700'],1
U1459,[],0
U1460,"['U7578', 'U1117', 'U6862', 'U448', 'U14162', 'U440']",6
U1461,"['U2910', 'U7197', 'U9504', 'U7545', 'U13737', 'U14184', 'U12585', 'U4272']",8
U1462,"['U12373', 'U11061']",2
U1463,"['U13353', 'U3108', 'U10581', 'U11592']",4
U1464,"['U11608', 'U1927', 'U416', 'U10436', 'U3012']",5
U1465,"['U1152', 'U11601', 'U10155', 'U9225', 'U404']",5
U1466,"['U6321', 'U13571', 'U4919', 'U13299', 'U4622', 'U2533', 'U1529']",7
U1467,"['U7017', 'U1090', 'U1949', 'U14001', 'U8466', 'U10965']",6
U1468,"['U789', 'U5267', 'U6048', 'U9231']",4
U1469,"['U2082', 'U515']",2
U1470,"['U10445', 'U14808', 'U7070', 'U11647', 'U1612', 'U5350', 'U3931', 'U1733']",8
U1471,"['U11329', 'U12050', 'U12056', 'U13695', 'U13295', 'U5379']",6
U1472,"['U13168', 'U3912', 'U11972', 'U13764', 'U188', 'U248', 'U1333']",7
U1473,"['U11497', 'U13118', 'U9081']",3
U1474,"['U11286', 'U2440', 'U14742', 'U12577', 'U12035']",5
U1475,"['U13441', 'U5854', 'U4956', 'U13866', 'U3397', 'U3222', 'U6556', 'U13099', 'U8982', 'U1247', 'U7849']",11
U1476,"['U14228', 'U7393', 'U10535', 'U10789']",4
U1477,"['U12337', 'U3822', 'U6221', 'U2562', 'U10207']",5
U1478,"['U1283', 'U7958', 'U2315', 'U1187']",4
U1479,"['U6768', 'U1843', 'U5191', 'U3007', 'U14216']",5
U1480,"['U7087', 'U4207', 'U14501', 'U106', 'U10264']",5
U1481,"['U2111', 'U1912', 'U3260']",3
U1482,"['U11108', 'U9585', 'U4237']",3
U1483,"['U3442', 'U4294', 'U14072', 'U1390']",4
U1484,"['U5528', 'U12970', 'U12362', 'U7785']",4
U1485,"['U1426', 'U1641', 'U10782']",3
U1486,"['U4814', 'U13988', 'U8109', 'U12511', 'U14295']",5
U1487,"['U10274', 'U5555']",2
U1488,"['U9382', 'U12993', 'U10822', 'U1816']",4
U1489,"['U5702', 'U3517', 'U10503', 'U11444', 'U3562', 'U13699', 'U10257', 'U5795', 'U2928', 'U1583']",10
U1490,"['U6138', 'U6064', 'U12682']",3
U1491,"['U8382', 'U5260', 'U4298', 'U5881', 'U4644']",5
U1492,"['U11383', 'U14133', 'U13956', 'U12835']",4
U1493,"['U14691', 'U3716', 'U2811', 'U2851']",4
U1494,"['U3576', 'U6482', 'U13261', 'U10075', 'U856']",5
U1495,"['U6132', 'U3802', 'U14201', 'U6560', 'U13775']",5
U1496,"['U711', 'U12037', 'U734', 'U12165', 'U6267', 'U6635']",6
U1497,"['U12802', 'U14823', 'U1568', 'U3371', 'U3041', 'U10015', 'U5965', 'U8308', 'U14094']",9
U1498,"['U7057', 'U207', 'U14093', 'U14641']",4
U1499,"['U5573', 'U7306', 'U7160', 'U2182', 'U6400', 'U9460', 'U14443', 'U7030', 'U3140']",9
U1500,"['U11758', 'U3254', 'U2608', 'U4958', 'U14121']",5
U1501,"['U8708', 'U7521', 'U7951', 'U3657', 'U435', 'U463', 'U14514', 'U10832']",8
U1502,"['U9194', 'U1731', 'U13826', 'U14924', 'U14127', 'U13880']",6
U1503,"['U862', 'U11112', 'U12883', 'U11263']",4
U1504,"['U8120', 'U4652', 'U14667']",3
U1505,"['U13492', 'U5567', 'U11644', 'U7755']",4
U1506,"['U10574', 'U6260', 'U5861']",3
U1507,"['U1960', 'U9073', 'U5318', 'U8289', 'U9171', 'U13842', 'U721', 'U13308', 'U7969', 'U924']",10
U1508,"['U14058', 'U10091', 'U11745', 'U6310', 'U6430', 'U11657']",6
U1509,"['U6622', 'U6977', 'U14343', 'U12311']",4
U1510,"['U4672', 'U9535', 'U1491', 'U4896', 'U9123', 'U609']",6
U1511,"['U1876', 'U3535', 'U965', 'U6843', 'U3676', 'U5523']",6
U1512,"['U8939', 'U7294', 'U7658', 'U2097', 'U5679', 'U13107', 'U6497']",7
U1513,"['U4541', 'U2680', 'U4761', 'U956', 'U12499', 'U4970']",6
U1514,"['U11812', 'U13158', 'U1024', 'U10053', 'U2517', 'U14828', 'U1242', 'U6552', 'U11095', 'U14069', 'U899']",11
U1515,"['U1763', 'U12832', 'U4525', 'U12117']",4
U1516,"['U14884', 'U7374', 'U1264', 'U6758']",4
U1517,"['U11179', 'U976', 'U2840']",3
U1518,"['U13740', 'U8772', 'U10519']",3
U1519,"['U3831', 'U333', 'U1211']",3
U1520,['U8079'],1
U1521,"['U1527', 'U8467']",2
U1522,"['U1893', 'U2069']",2
U1523,"['U2618', 'U13049', 'U13179', 'U9590', 'U13070', 'U11520']",6
U1524,"['U1240', 'U7288', 'U10978', 'U8894', 'U10824', 'U1035', 'U4421', 'U8222', 'U3394', 'U9529', 'U2491', 'U10815', 'U4176']",13
U1525,"['U11131', 'U10706', 'U6159', 'U1513', 'U3598', 'U1170', 'U2860', 'U7539']",8
U1526,"['U12178', 'U12583', 'U13756', 'U4743', 'U13086']",5
U1527,"['U2692', 'U3849', 'U8052']",3
U1528,"['U3745', 'U11734', 'U14038', 'U1402']",4
U1529,"['U9400', 'U1738', 'U11472', 'U1911', 'U9269']",5
U1530,"['U8088', 'U9632', 'U9732']",3
U1531,"['U5727', 'U10743', 'U10124', 'U857', 'U12864']",5
U1532,"['U13695', 'U2770']",2
U1533,"['U5333', 'U12631', 'U7749', 'U167', 'U9272', 'U8414', 'U3774']",7
U1534,"['U6836', 'U10554', 'U1081', 'U11729']",4
U1535,"['U11547', 'U13466', 'U14059', 'U7332', 'U93']",5
U1536,"['U14429', 'U4716', 'U8939', 'U7964', 'U12614']",5
U1537,"['U1617', 'U3211', 'U10599', 'U9136', 'U8087', 'U5573']",6
U1538,['U10039'],1
U1539,"['U1279', 'U4132', 'U4108', 'U8176', 'U8971']",5
U1540,"['U5855', 'U10981', 'U2620', 'U7812', 'U12578', 'U5830']",6
U1541,"['U2745', 'U2411']",2
U1542,"['U3543', 'U545', 'U1954']",3
U1543,"['U14798', 'U13318']",2
U1544,['U5295'],1
U1545,"['U1733', 'U5608', 'U3110', 'U3929']",4
U1546,"['U2773', 'U14186', 'U11745', 'U6677', 'U7941', 'U14462']",6
U1547,"['U12560', 'U13569', 'U10588', 'U7648']",4
U1548,"['U5456', 'U2167', 'U6625']",3
U1549,"['U11681', 'U4762', 'U11695', 'U3539', 'U6766']",5
U1550,"['U10510', 'U13232', 'U9238', 'U11018', 'U10949', 'U4472', 'U4834', 'U5261']",8
U1551,"['U12714', 'U10566', 'U454', 'U12719', 'U1377', 'U7323', 'U1116']",7
U1552,"['U7935', 'U8886']",2
U1553,"['U13860', 'U1854', 'U10518', 'U13951', 'U6449', 'U3033']",6
U1554,"['U7528', 'U14583']",2
U1555,"['U6314', 'U6546', 'U5981']",3
U1556,"['U14260', 'U6809']",2
U1557,"['U2359', 'U8317', 'U8540', 'U8711', 'U14953', 'U14458', 'U10904', 'U14121', 'U3874']",9
U1558,"['U10914', 'U12759', 'U6214', 'U14016']",4
U1559,"['U8891', 'U1015']",2
U1560,"['U4886', 'U7629', 'U13353', 'U9715']",4
U1561,"['U9331', 'U3773', 'U1881', 'U5459', 'U13003']",5
U1562,['U11749'],1
U1563,"['U12187', 'U7098', 'U11210', 'U10808', 'U11122', 'U11570', 'U852']",7
U1564,"['U1850', 'U1653', 'U2630', 'U6278', 'U12591', 'U3690', 'U3464']",7
U1565,"['U13497', 'U13304', 'U14590']",3
U1566,"['U12865', 'U813', 'U4415', 'U3872', 'U346', 'U2251', 'U3183', 'U13505']",8
U1567,"['U12315', 'U8202', 'U2399']",3
U1568,"['U14701', 'U13633', 'U1067', 'U11528']",4
U1569,"['U4692', 'U3537', 'U14894', 'U8178', 'U10716']",5
U1570,"['U13278', 'U14392']",2
U1571,"['U9567', 'U14023', 'U7401']",3
U1572,"['U1524', 'U13996']",2
U1573,"['U12851', 'U7900', 'U8380', 'U3382', 'U7853', 'U1765', 'U9839']",7
U1574,"['U11613', 'U9028', 'U9308', 'U12344']",4
U1575,"['U12589', 'U2034', 'U6781', 'U2574', 'U8900', 'U6554']",6
U1576,"['U5007', 'U787', 'U7756']",3
U1577,"['U4952', 'U1489', 'U4877', 'U3177']",4
U1578,"['U13193', 'U11381', 'U76', 'U12057', 'U755']",5
U1579,"['U11564', 'U2857']",2
U1580,"['U2703', 'U1039', 'U12079', 'U489', 'U5703']",5
U1581,"['U1782', 'U1109', 'U6663', 'U5572']",4
U1582,"['U1798', 'U11016', 'U14', 'U13573', 'U14947', 'U10161', 'U3431', 'U9781']",8
U1583,"['U2256', 'U11495', 'U13990', 'U2287']",4
U1584,"['U9982', 'U11398', 'U2015', 'U13531', 'U6248']",5
U1585,"['U14575', 'U1630', 'U10377', 'U8492']",4
U1586,"['U3368', 'U6547', 'U11165']",3
U1587,"['U1762', 'U10902', 'U6326', 'U12122', 'U10457', 'U1285']",6
U1588,"['U2572', 'U4001', 'U6713', 'U881', 'U7536']",5
U1589,"['U6086', 'U1969', 'U12642', 'U4731', 'U4529', 'U613']",6
U1590,"['U3905', 'U4823']",2
U1591,"['U6996', 'U10064']",2
U1592,"['U9329', 'U4966', 'U2782', 'U14299', 'U12963', 'U5186']",6
U1593,"['U10742', 'U8014', 'U12577', 'U5098']",4
U1594,"['U13753', 'U3832', 'U7746', 'U7359', 'U12206', 'U14528', 'U11081']",7
U1595,"['U9919', 'U3811', 'U10784', 'U4731', 'U2911']",5
U1596,"['U14314', 'U8028', 'U10751', 'U1429', 'U3608']",5
U1597,['U9968'],1
U1598,"['U4473', 'U5192', 'U431', 'U5874', 'U2199', 'U7690', 'U12649', 'U1680', 'U13677']",9
U1599,"['U2380', 'U13946', 'U10885', 'U13057', 'U8556', 'U3435', 'U9733', 'U10027']",8
U1600,"['U3711', 'U13937', 'U3485', 'U8966', 'U9424', 'U1434', 'U8806', 'U5558']",8
U1601,"['U4923', 'U4484', 'U12965', 'U7669', 'U8762', 'U6580', 'U10585', 'U4309', 'U5940']",9
U1602,"['U13042', 'U14684', 'U11637', 'U3460', 'U8873', 'U4537']",6
U1603,"['U1330', 'U13656', 'U14938', 'U5663']",4
U1604,"['U8790', 'U286', 'U9137']",3
U1605,"['U1674', 'U224', 'U12984', 'U3469', 'U13414']",5
U1606,"['U11152', 'U801', 'U10912', 'U4771', 'U1454']",5
U1607,"['U1854', 'U7770', 'U1324', 'U7740']",4
U1608,"['U3684', 'U11845', 'U4634', 'U10189']",4
U1609,"['U6585', 'U8587', 'U11522', 'U14340', 'U12495', 'U14782', 'U10904', 'U13680']",8
U1610,"['U14625', 'U6015']",2
U1611,"['U13269', 'U3950', 'U1357', 'U13241', 'U2299']",5
U1612,"['U2846', 'U6799', 'U14690', 'U12232', 'U9863']",5
U1613,"['U787', 'U13011', 'U14672', 'U12404']",4
U1614,"['U7143', 'U2561', 'U5868', 'U4715']",4
U1615,"['U11068', 'U9512']",2
U1616,"['U8083', 'U13032', 'U7671', 'U869']",4
U1617,"['U7433', 'U1859', 'U10219']",3
U1618,['U9153'],1
U1619,"['U10134', 'U7829', 'U10409', 'U8824', 'U10111', 'U7545']",6
U1620,"['U3334', 'U11267', 'U1131', 'U7813', 'U12344', 'U13642']",6
U1621,"['U10420', 'U1010', 'U11467', 'U723', 'U691', 'U14807', 'U2687', 'U3187']",8
U1622,"['U3302', 'U13967', 'U14076', 'U13512', 'U2146']",5
U1623,"['U4690', 'U4374', 'U12195', 'U14784']",4
U1624,"['U8417', 'U13966', 'U14680']",3
U1625,"['U14222', 'U6858', 'U1667', 'U13842']",4
U1626,"['U3302', 'U6612', 'U3016', 'U11721', 'U6179', 'U5747', 'U1518']",7
U1627,"['U11637', 'U2701', 'U531', 'U1883', 'U10694', 'U14173', 'U3218', 'U7064', 'U3475']",9
U1628,"['U14139', 'U10652']",2
U1629,"['U14133', 'U5245', 'U708', 'U13197', 'U9036', 'U2883', 'U10086', 'U11959']",8
U1630,"['U7950', 'U4951', 'U10793']",3
U1631,"['U13569', 'U7429', 'U1046', 'U3465', 'U13830']",5
U1632,"['U11236', 'U1497', 'U9406', 'U4159', 'U3059', 'U8871']",6
U1633,"['U12811', 'U5078', 'U14419', 'U14327']",4
U1634,"['U13652', 'U14828', 'U6311', 'U6315', 'U7964', 'U1102', 'U2425']",7
U1635,"['U4691', 'U139', 'U2529']",3
U1636,"['U1244', 'U14757', 'U7175', 'U12220', 'U10126', 'U7373', 'U11766', 'U8109', 'U206']",9
U1637,"['U7388', 'U4945', 'U5645', 'U9059']",4
U1638,"['U3357', 'U14188', 'U12106', 'U14050', 'U6945']",5
U1639,"['U203', 'U6640', 'U13722', 'U9160']",4
U1640,"['U7729', 'U11887', 'U11061']",3
U1641,"['U12560', 'U5774', 'U98', 'U13015']",4
U1642,"['U3224', 'U7474', 'U12538', 'U1469', 'U14171', 'U6652']",6
U1643,"['U859', 'U7151', 'U14576', 'U1125', 'U6171']",5
U1644,"['U3459', 'U8874', 'U4195']",3
U1645,"['U11179', 'U537', 'U3197', 'U11316']",4
U1646,"['U606', 'U6086', 'U11444', 'U13609', 'U4648', 'U12564', 'U6691']",7
U1647,"['U11508', 'U499', 'U14659', 'U5797', 'U4760']",5
U1648,"['U4625', 'U10991', 'U12912', 'U2655', 'U154', 'U7218', 'U6723', 'U9578']",8
U1649,"['U2823', 'U176', 'U7554', 'U7759', 'U7056', 'U10391']",6
U1650,['U2815'],1
U1651,['U14909'],1
U1652,"['U9907', 'U114', 'U4132', 'U3215', 'U13219', 'U7089']",6
U1653,"['U3153', 'U6317', 'U5646', 'U5707', 'U3428', 'U9887']",6
U1654,"['U5945', 'U10574', 'U2773', 'U6818']",4
U1655,"['U1840', 'U8224']",2
U1656,"['U5574', 'U10782', 'U13057', 'U975', 'U2911', 'U9540', 'U2550', 'U11918', 'U2489']",9
U1657,"['U1529', 'U5582', 'U7044', 'U6153']",4
U1658,"['U11124', 'U6242', 'U7623']",3
U1659,"['U14837', 'U9183', 'U8999', 'U5914']",4
U1660,"['U4265', 'U11962']",2
U1661,"['U6813', 'U6427', 'U2313', 'U291']",4
U1662,"['U10968', 'U14424', 'U549', 'U3572', 'U12189', 'U14705']",6
U1663,"['U5053', 'U8865', 'U14277', 'U13901', 'U3281']",5
U1664,"['U6222', 'U4903', 'U14855', 'U7206', 'U6746']",5
U1665,"['U6505', 'U11008', 'U1486', 'U4823', 'U5485', 'U7331', 'U13']",7
U1666,"['U8702', 'U2844', 'U3137']",3
U1667,"['U3314', 'U13347', 'U10748', 'U9753', 'U7733', 'U13178']",6
U1668,"['U4341', 'U8885', 'U5665']",3
U1669,"['U3788', 'U12063', 'U7599', 'U8282']",4
U1670,"['U1583', 'U7422', 'U6918', 'U2149']",4
U1671,"['U3945', 'U8903', 'U8883']",3
U1672,"['U5856', 'U5754']",2
U1673,"['U9940', 'U13501']",2
U1674,"['U10497', 'U6574', 'U6905', 'U9486']",4
U1675,"['U6538', 'U10861', 'U13941', 'U10443']",4
U1676,"['U3615', 'U12138']",2
U1677,"['U13474', 'U1924', 'U7066', 'U13119', 'U10966']",5
U1678,"['U14359', 'U8086', 'U10252', 'U14745']",4
U1679,"['U11930', 'U5508', 'U5199', 'U9320', 'U3232', 'U6786']",6
U1680,"['U10970', 'U13362', 'U3964', 'U9378', 'U570']",5
U1681,"['U5393', 'U12665', 'U485', 'U4809', 'U1405', 'U507']",6
U1682,"['U7373', 'U14981', 'U9345', 'U13752']",4
U1683,"['U9381', 'U9330']",2
U1684,"['U209', 'U2593', 'U4233', 'U6888', 'U12671']",5
U1685,"['U765', 'U9872', 'U4295', 'U13883', 'U10275']",5
U1686,"['U5986', 'U11957', 'U8839', 'U11978', 'U1920', 'U4114', 'U1159']",7
U1687,"['U4275', 'U8248', 'U4500', 'U9188', 'U13472', 'U4053', 'U6039', 'U5865', 'U5022', 'U3584']",10
U1688,"['U4405', 'U12106', 'U5024', 'U8478', 'U7242', 'U14725', 'U13165']",7
U1689,"['U7073', 'U5477', 'U7763', 'U12741', 'U13484', 'U6598', 'U129', 'U4170']",8
U1690,"['U1082', 'U9812', 'U7776', 'U7394']",4
U1691,"['U2228', 'U11568']",2
U1692,"['U11979', 'U5982', 'U5918', 'U9687', 'U3595', 'U1794']",6
U1693,"['U14988', 'U10262', 'U4014']",3
U1694,"['U4043', 'U12005']",2
U1695,"['U3233', 'U4729', 'U2175', 'U1475', 'U14373', 'U14417', 'U5368']",7
U1696,"['U9235', 'U2397', 'U9683', 'U12938', 'U11594']",5
U1697,"['U6895', 'U9397', 'U6430', 'U11182', 'U2805', 'U3765']",6
U1698,"['U1036', 'U8586', 'U2657', 'U6820', 'U13484', 'U11457']",6
U1699,"['U6103', 'U10613', 'U9488']",3
U1700,"['U5293', 'U5606', 'U7892', 'U10278', 'U13671']",5
U1701,"['U6115', 'U4916', 'U14647']",3
U1702,"['U7026', 'U3695', 'U5989']",3
U1703,"['U1347', 'U12442', 'U5854']",3
U1704,"['U10501', 'U12328', 'U7162', 'U8245', 'U1285', 'U10205', 'U456']",7
U1705,"['U6647', 'U8980', 'U7250', 'U4534', 'U10514']",5
U1706,"['U5011', 'U7888', 'U2448', 'U2091', 'U5809', 'U13782']",6
U1707,"['U14901', 'U13351', 'U12513']",3
U1708,"['U3364', 'U1434', 'U12244', 'U10628']",4
U1709,"['U11171', 'U1138', 'U12637', 'U2956']",4
U1710,"['U3809', 'U7471', 'U1184']",3
U1711,"['U3917', 'U4024', 'U9624', 'U3987', 'U223', 'U2893', 'U14793', 'U3208', 'U7640', 'U6585']",10
U1712,"['U6032', 'U5579', 'U12525', 'U5229', 'U7719', 'U3007']",6
U1713,['U12038'],1
U1714,['U11751'],1
U1715,"['U13736', 'U9984', 'U1293', 'U6757', 'U14775', 'U11802', 'U8112', 'U4980', 'U6504']",9
U1716,"['U14753', 'U3633', 'U5577', 'U8551', 'U3127']",5
U1717,"['U10574', 'U12520', 'U1087', 'U14982']",4
U1718,"['U8759', 'U5578']",2
U1719,"['U2216', 'U14367', 'U2762', 'U3009', 'U9889', 'U1296']",6
U1720,"['U8431', 'U5488', 'U4011', 'U5817']",4
U1721,"['U9396', 'U4597', 'U3890', 'U13160']",4
U1722,"['U10676', 'U4291', 'U8993']",3
U1723,"['U2415', 'U4146', 'U10878', 'U14970', 'U4108', 'U119', 'U1514', 'U578', 'U8266']",9
U1724,"['U6345', 'U1104', 'U12702', 'U13134', 'U14309', 'U841', 'U1511']",7
U1725,"['U9752', 'U9940', 'U6974', 'U9482']",4
U1726,"['U6919', 'U794', 'U7724', 'U6903', 'U2910', 'U1557']",6
U1727,"['U13403', 'U10465', 'U5286', 'U11400', 'U6093', 'U7409']",6
U1728,"['U3284', 'U4668', 'U5019', 'U10096', 'U2255']",5
U1729,"['U3943', 'U6990', 'U9494', 'U11442', 'U3799', 'U2460']",6
U1730,"['U5914', 'U3919', 'U4765', 'U13392', 'U6574', 'U7586', 'U11626']",7
U1731,"['U11286', 'U9181', 'U1716', 'U5125', 'U1539', 'U8700', 'U3715']",7
U1732,"['U3394', 'U3953', 'U3635']",3
U1733,"['U1344', 'U916', 'U13694', 'U10018', 'U14256', 'U5626']",6
U1734,"['U13492', 'U12525']",2
U1735,"['U10675', 'U6965', 'U7786']",3
U1736,"['U789', 'U11148', 'U3839']",3
U1737,"['U1339', 'U14821', 'U3077', 'U2298', 'U1252']",5
U1738,[],0
U1739,"['U1114', 'U8788', 'U402', 'U14220']",4
U1740,"['U1274', 'U14837', 'U14877']",3
U1741,"['U10055', 'U2520', 'U2910', 'U10669', 'U8516']",5
U1742,"['U4512', 'U1692', 'U3851', 'U13419', 'U8999']",5
U1743,"['U3062', 'U1605']",2
U1744,"['U10328', 'U92', 'U9600', 'U472']",4
U1745,"['U13100', 'U7327', 'U14965', 'U12405', 'U6987']",5
U1746,"['U14005', 'U1723', 'U3267', 'U6576', 'U6104', 'U1097', 'U7303', 'U2319', 'U10917', 'U13350', 'U6745']",11
U1747,"['U2501', 'U12489', 'U3550']",3
U1748,"['U7870', 'U8854', 'U14764', 'U14684', 'U8548', 'U7381']",6
U1749,"['U5425', 'U8042']",2
U1750,"['U988', 'U3075']",2
U1751,"['U3066', 'U6447', 'U13481', 'U900', 'U7838', 'U2951']",6
U1752,"['U10891', 'U1472', 'U5698', 'U7756', 'U8230', 'U223']",6
U1753,"['U64', 'U156', 'U12186', 'U7461', 'U9782', 'U1222']",6
U1754,['U4470'],1
U1755,"['U1420', 'U2790', 'U3845', 'U4259']",4
U1756,"['U199', 'U222', 'U7458']",3
U1757,"['U12995', 'U7635', 'U3414', 'U14390', 'U2424', 'U1730', 'U4866', 'U388']",8
U1758,"['U7610', 'U13791']",2
U1759,"['U14866', 'U11553', 'U12308', 'U10401', 'U4850']",5
U1760,"['U2711', 'U4172', 'U7461', 'U2803', 'U8171']",5
U1761,"['U6604', 'U8063', 'U13447', 'U9228', 'U3535', 'U12321', 'U10932', 'U11506']",8
U1762,"['U6386', 'U12985', 'U3926', 'U5525']",4
U1763,"['U2360', 'U13948', 'U3894', 'U2', 'U10102', 'U5292', 'U3225', 'U8080', 'U458', 'U10504']",10
U1764,"['U9395', 'U5567', 'U14020']",3
U1765,"['U10802', 'U11782', 'U5746', 'U14801', 'U6752', 'U12127', 'U1974', 'U620', 'U3978', 'U12217', 'U4022', 'U5070']",12
U1766,"['U7398', 'U12314']",2
U1767,"['U4589', 'U5411']",2
U1768,"['U9687', 'U14956', 'U1756', 'U8175']",4
U1769,"['U3910', 'U4809', 'U747', 'U10627', 'U11408', 'U3378']",6
U1770,"['U12788', 'U10220', 'U3021', 'U4334']",4
U1771,"['U10160', 'U7174', 'U2214', 'U7754', 'U6074', 'U9151', 'U12435']",7
U1772,"['U9666', 'U14381', 'U13455']",3
U1773,"['U14166', 'U13722', 'U11201', 'U3373', 'U5458', 'U10508', 'U4354']",7
U1774,"['U4648', 'U6179']",2
U1775,"['U6606', 'U7116', 'U1843', 'U10367']",4
U1776,"['U6255', 'U7903', 'U5252', 'U2652', 'U3191']",5
U1777,"['U826', 'U2149', 'U6732', 'U1679', 'U4887', 'U2172', 'U4822', 'U1122', 'U10056']",9
U1778,"['U5107', 'U1271']",2
U1779,"['U12301', 'U1119', 'U5214', 'U2286']",4
U1780,"['U4589', 'U10656', 'U1722', 'U4353', 'U2613', 'U13533', 'U6411', 'U10986']",8
U1781,"['U12607', 'U13478', 'U13869']",3
U1782,"['U9303', 'U3229', 'U3302']",3
U1783,"['U12652', 'U7148', 'U10127', 'U7461', 'U1527']",5
U1784,"['U2763', 'U1930', 'U6494', 'U14656', 'U6811', 'U4448', 'U7451', 'U2896', 'U14879']",9
U1785,"['U14520', 'U12300', 'U6663']",3
U1786,"['U8694', 'U2280']",2
U1787,"['U4000', 'U13561', 'U4496', 'U5088', 'U14024', 'U2965', 'U850']",7
U1788,"['U4566', 'U11884', 'U11309', 'U9037']",4
U1789,"['U2494', 'U1646']",2
U1790,['U7417'],1
U1791,"['U7254', 'U6644', 'U2689', 'U12111', 'U7735']",5
U1792,"['U14179', 'U10768', 'U5821', 'U13813', 'U12006']",5
U1793,"['U6281', 'U829', 'U12611', 'U94', 'U12297', 'U6443', 'U1455']",7
U1794,"['U3444', 'U14530', 'U2432']",3
U1795,"['U14614', 'U5927', 'U13459', 'U8884']",4
U1796,"['U14254', 'U4519', 'U5378', 'U2453', 'U8042', 'U1206', 'U5738']",7
U1797,"['U14851', 'U14456', 'U9161', 'U4076']",4
U1798,"['U11817', 'U8685', 'U4555', 'U12539']",4
U1799,"['U7574', 'U9174', 'U9752', 'U14551', 'U5795', 'U13756', 'U8313']",7
U1800,"['U2759', 'U10321', 'U430']",3
U1801,"['U1827', 'U11276', 'U4900', 'U9772']",4
U1802,"['U10415', 'U11206', 'U11963']",3
U1803,"['U6759', 'U11667', 'U13497', 'U3832', 'U6951']",5
U1804,"['U10161', 'U7237', 'U12900', 'U14594', 'U10961', 'U11294']",6
U1805,"['U10851', 'U13348', 'U423', 'U2033', 'U882', 'U13009', 'U7872', 'U656']",8
U1806,"['U720', 'U12467', 'U12139', 'U6729', 'U914', 'U8983', 'U4081']",7
U1807,"['U8296', 'U11766', 'U14211', 'U13540', 'U1816']",5
U1808,"['U2083', 'U9568', 'U7159', 'U6506', 'U8380']",5
U1809,"['U11491', 'U9277', 'U8485', 'U10621']",4
U1810,"['U13488', 'U228', 'U12991', 'U10193', 'U3322', 'U9690']",6
U1811,"['U8769', 'U9467', 'U7889', 'U1277', 'U6230']",5
U1812,"['U6398', 'U820', 'U14725', 'U4773']",4
U1813,"['U10114', 'U93', 'U374', 'U900', 'U8726', 'U2335', 'U3586']",7
U1814,['U9879'],1
U1815,"['U10178', 'U4038', 'U13658', 'U976', 'U7408']",5
U1816,"['U12085', 'U13012', 'U5238', 'U4034', 'U11630', 'U13262']",6
U1817,"['U5638', 'U5266', 'U327', 'U6077']",4
U1818,"['U10218', 'U12780', 'U4971', 'U13019']",4
U1819,"['U11407', 'U7662', 'U1128']",3
U1820,"['U2323', 'U8688']",2
U1821,"['U10195', 'U7515', 'U9061', 'U7433']",4
U1822,"['U3888', 'U9681']",2
U1823,"['U12425', 'U6729', 'U13378', 'U1851', 'U9260']",5
U1824,"['U7846', 'U12442', 'U11667']",3
U1825,"['U13311', 'U3181', 'U14099', 'U13133', 'U1994']",5
U1826,"['U5582', 'U6982']",2
U1827,"['U6399', 'U3999', 'U14039']",3
U1828,"['U9828', 'U14513']",2
U1829,"['U3007', 'U10006']",2
U1830,"['U5495', 'U157', 'U662', 'U8710', 'U10121', 'U14040', 'U2810']",7
U1831,"['U13503', 'U5399', 'U7724', 'U1831', 'U9678']",5
U1832,"['U8880', 'U13298']",2
U1833,"['U12514', 'U8062', 'U3957', 'U7967']",4
U1834,"['U6197', 'U8549', 'U3367', 'U1231']",4
U1835,"['U3374', 'U4826', 'U10859', 'U2816']",4
U1836,"['U1156', 'U4317', 'U11030', 'U347', 'U8203']",5
U1837,"['U1563', 'U10307', 'U5685', 'U14291']",4
U1838,"['U1000', 'U3728', 'U12166', 'U14363']",4
U1839,"['U986', 'U13996', 'U12408', 'U6153']",4
U1840,"['U3807', 'U2205', 'U1985', 'U6988']",4
U1841,"['U10496', 'U14152', 'U6022']",3
U1842,"['U14520', 'U3905', 'U13640', 'U14376', 'U3868']",5
U1843,"['U6225', 'U14851', 'U11631', 'U13263', 'U13459', 'U9352']",6
U1844,"['U1856', 'U8442', 'U311', 'U4680', 'U5529']",5
U1845,"['U6346', 'U10380', 'U369', 'U14035']",4
U1846,"['U8066', 'U4801', 'U8444', 'U3652', 'U11348', 'U10686', 'U8596']",7
U1847,"['U9132', 'U12159', 'U887']",3
U1848,"['U2369', 'U8903', 'U10233']",3
U1849,"['U5762', 'U9933', 'U11245', 'U8245', 'U14318', 'U8881']",6
U1850,"['U11605', 'U7634', 'U2867', 'U7632', 'U1874', 'U3876']",6
U1851,"['U12793', 'U1598']",2
U1852,"['U9405', 'U344']",2
U1853,"['U2547', 'U12220', 'U7953', 'U7122', 'U3486', 'U6089']",6
U1854,"['U1724', 'U11005']",2
U1855,"['U871', 'U11966', 'U3839', 'U12906']",4
U1856,"['U4515', 'U11997', 'U13034']",3
U1857,"['U5446', 'U9698', 'U13375']",3
U1858,"['U6441', 'U8573', 'U1098', 'U5127', 'U327', 'U5782', 'U6858']",7
U1859,"['U11528', 'U10262', 'U7308']",3
U1860,"['U6222', 'U9751', 'U10933', 'U2140']",4
U1861,"['U10480', 'U9653', 'U11803']",3
U1862,"['U3567', 'U3582', 'U3410', 'U8554', 'U2920', 'U13209']",6
U1863,"['U4518', 'U362', 'U9350', 'U9450', 'U5199', 'U3225', 'U14069']",7
U1864,"['U11428', 'U1127']",2
U1865,"['U5616', 'U4956', 'U6780', 'U9387', 'U4614', 'U12942', 'U1840']",7
U1866,"['U13504', 'U13503', 'U13052', 'U2190', 'U7853']",5
U1867,"['U1596', 'U436', 'U13531', 'U4359', 'U14807', 'U13943', 'U3714']",7
U1868,"['U622', 'U13805', 'U2390', 'U488']",4
U1869,"['U5206', 'U12341', 'U7206', 'U10572', 'U8451', 'U14321', 'U12041']",7
U1870,"['U10290', 'U6093', 'U8768', 'U4165', 'U14550']",5
U1871,"['U4353', 'U168', 'U10203', 'U11791', 'U2611']",5
U1872,"['U6342', 'U14974', 'U5058']",3
U1873,"['U4627', 'U13811', 'U1675', 'U9113', 'U13583', 'U1662']",6
U1874,"['U9484', 'U993', 'U850', 'U8833', 'U7307', 'U2404', 'U5448', 'U6571']",8
U1875,"['U14149', 'U8637', 'U7873', 'U9397', 'U9438', 'U3746', 'U4680']",7
U1876,"['U1713', 'U10729', 'U5830']",3
U1877,"['U11931', 'U9349']",2
U1878,"['U5722', 'U12699', 'U7409', 'U10035', 'U14190']",5
U1879,"['U1353', 'U9644', 'U8476', 'U5007', 'U7226', 'U14211', 'U4005']",7
U1880,"['U2619', 'U8384', 'U3546', 'U12090', 'U6828']",5
U1881,"['U2109', 'U1627', 'U8775', 'U2303', 'U5895', 'U12701', 'U7927']",7
U1882,"['U6779', 'U2065', 'U6000', 'U3400', 'U14007']",5
U1883,"['U6370', 'U11240', 'U12853', 'U6944', 'U10419']",5
U1884,"['U13727', 'U5811', 'U2111', 'U7220', 'U2212', 'U2280']",6
U1885,"['U9380', 'U5544', 'U8345', 'U6623', 'U10326', 'U6035', 'U2956', 'U542']",8
U1886,"['U1941', 'U2640', 'U1006', 'U11768', 'U3486']",5
U1887,"['U11224', 'U9294', 'U1450']",3
U1888,"['U12136', 'U6972']",2
U1889,"['U3075', 'U12982', 'U10582', 'U12878', 'U12060', 'U7930']",6
U1890,"['U4281', 'U14830']",2
U1891,"['U3827', 'U1285', 'U6299', 'U12266', 'U1520', 'U1032']",6
U1892,"['U2893', 'U14883', 'U3504', 'U7498', 'U12520']",5
U1893,"['U13398', 'U13018']",2
U1894,"['U9772', 'U10329', 'U13946', 'U1863', 'U10713', 'U13666']",6
U1895,"['U7473', 'U6697', 'U8381', 'U13564', 'U10025', 'U13548', 'U6850', 'U12061', 'U2905']",9
U1896,"['U333', 'U2583', 'U4041', 'U3521', 'U7916', 'U7752']",6
U1897,"['U12344', 'U2931', 'U10625']",3
U1898,"['U2665', 'U3665', 'U14057', 'U8125']",4
U1899,"['U6566', 'U2091', 'U10899', 'U3109']",4
U1900,"['U7511', 'U11310', 'U8913', 'U14086']",4
U1901,"['U6425', 'U14918', 'U10334', 'U14399']",4
U1902,"['U14248', 'U11992', 'U12941', 'U3443']",4
U1903,"['U13415', 'U8200', 'U9876', 'U80']",4
U1904,"['U12718', 'U3916', 'U1909', 'U7009']",4
U1905,"['U14317', 'U7291', 'U8176']",3
U1906,"['U7211', 'U11728', 'U14100', 'U10128', 'U12716', 'U4629', 'U12122', 'U744']",8
U1907,"['U4699', 'U8484', 'U12849']",3
U1908,"['U8179', 'U6226', 'U6098', 'U796', 'U6153', 'U10477']",6
U1909,"['U13004', 'U6934', 'U8372', 'U10171', 'U4250', 'U10611']",6
U1910,"['U13958', 'U14847']",2
U1911,"['U8728', 'U5478', 'U13876', 'U6856', 'U9560']",5
U1912,"['U11431', 'U4064', 'U13264', 'U2183', 'U577']",5
U1913,"['U1640', 'U9755', 'U2355', 'U10431', 'U9722', 'U9352', 'U171', 'U12563']",8
U1914,"['U12902', 'U5329', 'U7257', 'U10570', 'U7306', 'U6070', 'U6387', 'U10463']",8
U1915,"['U1002', 'U4468']",2
U1916,"['U9420', 'U6285', 'U3387', 'U2659']",4
U1917,"['U3702', 'U4620', 'U13525', 'U7625', 'U9067', 'U4098', 'U1207']",7
U1918,"['U11472', 'U9601', 'U8358', 'U13184', 'U6818', 'U9132']",6
U1919,"['U5385', 'U14119', 'U8117', 'U4053', 'U497', 'U8804']",6
U1920,"['U14326', 'U7816', 'U9285', 'U14609', 'U11981', 'U3656', 'U13013', 'U930', 'U14986']",9
U1921,"['U10564', 'U9258']",2
U1922,"['U12286', 'U12773', 'U7995']",3
U1923,"['U4366', 'U5654', 'U6090', 'U13970', 'U10910']",5
U1924,"['U14102', 'U13984', 'U7261', 'U8243']",4
U1925,['U11629'],1
U1926,"['U9761', 'U11772', 'U10639', 'U9226']",4
U1927,"['U2087', 'U5186', 'U5298', 'U9011', 'U9820', 'U13808']",6
U1928,"['U13869', 'U8253', 'U4532', 'U13724', 'U12983', 'U9052', 'U7103']",7
U1929,"['U386', 'U4768', 'U11083', 'U5674', 'U1036']",5
U1930,"['U7707', 'U2682', 'U12263', 'U8720']",4
U1931,"['U4034', 'U14663', 'U8819', 'U14456']",4
U1932,"['U1280', 'U5465']",2
U1933,"['U10336', 'U12503', 'U13599', 'U14520', 'U10559']",5
U1934,"['U11515', 'U13453', 'U12402', 'U12210', 'U3013', 'U4659']",6
U1935,"['U12406', 'U14670', 'U4639', 'U5828']",4
U1936,"['U8862', 'U11163', 'U1775', 'U11538', 'U3420', 'U14255']",6
U1937,"['U3590', 'U8598']",2
U1938,"['U1055', 'U10807', 'U6925', 'U2102', 'U14866', 'U13930']",6
U1939,['U1070'],1
U1940,"['U8911', 'U5109', 'U13508', 'U10919']",4
U1941,"['U3990', 'U9018', 'U12839']",3
U1942,"['U5394', 'U12564', 'U10597', 'U13573', 'U9929']",5
U1943,"['U3689', 'U5530', 'U4581', 'U1646']",4
U1944,"['U8310', 'U11773', 'U2318', 'U8753', 'U13459']",5
U1945,"['U12288', 'U2384', 'U8773', 'U11787', 'U6464', 'U8018', 'U3034', 'U7666', 'U13543']",9
U1946,"['U165', 'U9875', 'U3070', 'U12682', 'U883']",5
U1947,"['U2118', 'U13355', 'U8735', 'U282']",4
U1948,"['U10337', 'U11345']",2
U1949,"['U6988', 'U4978', 'U3209', 'U2835', 'U10556', 'U14806']",6
U1950,"['U12756', 'U11792', 'U1974', 'U11630', 'U3574']",5
U1951,"['U7978', 'U5606', 'U10348']",3
U1952,"['U4686', 'U13304', 'U12086', 'U12178', 'U3384']",5
U1953,"['U12637', 'U5230']",2
U1954,"['U9436', 'U2360', 'U13681', 'U8547', 'U9511', 'U12965', 'U3813']",7
U1955,"['U12668', 'U85', 'U2047', 'U14594', 'U10797', 'U3302']",6
U1956,"['U12147', 'U11125', 'U5528', 'U12990', 'U14917', 'U4217']",6
U1957,"['U13199', 'U10178', 'U5497', 'U298', 'U8997']",5
U1958,"['U6662', 'U11418', 'U9144', 'U2382', 'U13472']",5
U1959,"['U14756', 'U6193', 'U2796', 'U10574']",4
U1960,"['U6060', 'U4322', 'U6016']",3
U1961,"['U13478', 'U2997', 'U9836', 'U1998']",4
U1962,"['U1580', 'U11863', 'U2106']",3
U1963,"['U13760', 'U735', 'U14190', 'U12098']",4
U1964,"['U8366', 'U3392', 'U2234', 'U2870']",4
U1965,"['U1637', 'U13332', 'U13204', 'U11568', 'U12261', 'U7994', 'U12003']",7
U1966,"['U6129', 'U7000', 'U11625']",3
U1967,"['U11298', 'U1066', 'U1507', 'U6658', 'U11404']",5
U1968,"['U12025', 'U4998', 'U10626', 'U802']",4
U1969,"['U4852', 'U4254', 'U10770']",3
U1970,"['U12567', 'U1895', 'U9863']",3
U1971,"['U11434', 'U5310', 'U10315', 'U12899', 'U325', 'U2329', 'U7000', 'U11628']",8
U1972,"['U235', 'U8318', 'U446', 'U14547', 'U10281']",5
U1973,"['U12606', 'U6887', 'U86', 'U9625', 'U7540']",5
U1974,"['U14264', 'U3766', 'U6596', 'U14332', 'U7455']",5
U1975,"['U11961', 'U7510', 'U14122', 'U6074', 'U10570', 'U1210']",6
U1976,"['U7780', 'U14812']",2
U1977,"['U10175', 'U9790', 'U12359']",3
U1978,"['U2522', 'U3793', 'U9582', 'U169', 'U1400', 'U11476', 'U11193', 'U10868', 'U2167']",9
U1979,"['U4703', 'U11377', 'U6407', 'U11035', 'U7342', 'U1523']",6
U1980,"['U9743', 'U6326', 'U11668', 'U2543']",4
U1981,"['U12693', 'U13173', 'U14375']",3
U1982,"['U14794', 'U8281', 'U14066']",3
U1983,"['U12809', 'U2685', 'U5529', 'U12936']",4
U1984,['U748'],1
U1985,"['U2277', 'U3377', 'U2659', 'U244', 'U8912', 'U12554', 'U9925']",7
U1986,"['U3964', 'U13521', 'U473', 'U6649', 'U4124']",5
U1987,"['U2803', 'U2013', 'U12493', 'U8477', 'U6134', 'U10915']",6
U1988,"['U1802', 'U4866']",2
U1989,"['U4607', 'U12535', 'U9849', 'U9610', 'U9997', 'U14753']",6
U1990,"['U3251', 'U2509', 'U12014', 'U13905', 'U3005', 'U5348', 'U5855', 'U13152']",8
U1991,"['U3219', 'U6857', 'U9021']",3
U1992,"['U6590', 'U8824']",2
U1993,"['U13222', 'U180']",2
U1994,"['U1920', 'U12381', 'U2257', 'U10807', 'U6709', 'U13911', 'U11514']",7
U1995,['U10625'],1
U1996,"['U5317', 'U10495', 'U6972', 'U12835', 'U13923']",5
U1997,"['U6058', 'U10631', 'U789', 'U4848', 'U6946']",5
U1998,"['U13306', 'U12746']",2
U1999,"['U5176', 'U754', 'U1571', 'U4270', 'U13165', 'U5570', 'U1663', 'U2574']",8
U2000,"['U1177', 'U12196', 'U1476', 'U783', 'U1121', 'U932']",6
U2001,"['U7089', 'U14647', 'U1151', 'U14769', 'U8723', 'U1142', 'U1299', 'U6186']",8
U2002,"['U3538', 'U2426', 'U2420']",3
U2003,"['U5267', 'U6271', 'U13341', 'U11214']",4
U2004,"['U6127', 'U2772']",2
U2005,"['U13865', 'U7398', 'U8924', 'U7588']",4
U2006,"['U3901', 'U10370', 'U13669']",3
U2007,"['U14029', 'U11513', 'U14524', 'U8566', 'U10346']",5
U2008,"['U9788', 'U9246', 'U9549', 'U4368']",4
U2009,"['U3449', 'U7305', 'U7902', 'U6836']",4
U2010,['U14571'],1
U2011,"['U8168', 'U3242', 'U3611', 'U565', 'U6729', 'U3379']",6
U2012,"['U10982', 'U7452', 'U529', 'U5342', 'U6287', 'U13244']",6
U2013,"['U8423', 'U6753']",2
U2014,"['U5164', 'U11742', 'U2049', 'U1397']",4
U2015,"['U7049', 'U9410', 'U13826', 'U11495', 'U13828']",5
U2016,"['U9341', 'U6687', 'U12346', 'U12165', 'U2779']",5
U2017,"['U14816', 'U5092', 'U582', 'U9011', 'U11674', 'U8473']",6
U2018,"['U13886', 'U11463', 'U5085', 'U12059', 'U8963', 'U7036', 'U9531', 'U90']",8
U2019,"['U4014', 'U6356', 'U8201', 'U5021']",4
U2020,"['U13762', 'U1341', 'U3635']",3
U2021,"['U5527', 'U176', 'U10970', 'U12148', 'U6676', 'U12865', 'U9959']",7
U2022,"['U259', 'U30', 'U12386', 'U4334', 'U10670', 'U8866', 'U1997']",7
U2023,"['U7643', 'U817', 'U12541', 'U309']",4
U2024,"['U12172', 'U5193', 'U7594', 'U12704', 'U10692']",5
U2025,"['U1187', 'U11798', 'U11753']",3
U2026,"['U760', 'U984', 'U5957', 'U3885']",4
U2027,"['U166', 'U7284', 'U8303', 'U2671', 'U4351', 'U5206', 'U10175', 'U12853']",8
U2028,"['U4198', 'U5282', 'U13605', 'U5721', 'U10339', 'U9192', 'U9737', 'U10574', 'U8134']",9
U2029,"['U2399', 'U8507', 'U11687', 'U12840', 'U8400']",5
U2030,"['U13397', 'U8114']",2
U2031,"['U7131', 'U6576', 'U12927', 'U9720', 'U12123']",5
U2032,"['U7987', 'U3522']",2
U2033,['U8062'],1
U2034,"['U7874', 'U2379', 'U11204', 'U2227']",4
U2035,"['U13671', 'U11458', 'U5419', 'U8508', 'U6911', 'U899', 'U4270', 'U3319', 'U183', 'U7406', 'U13940', 'U199', 'U5304', 'U14777']",14
U2036,"['U14437', 'U8551', 'U11348', 'U12992', 'U1022', 'U11769', 'U14977', 'U244']",8
U2037,['U8801'],1
U2038,"['U1022', 'U6929', 'U5449', 'U2908']",4
U2039,"['U7852', 'U9688', 'U9589', 'U4050']",4
U2040,"['U8464', 'U6378', 'U14787', 'U10278', 'U12146', 'U6627', 'U8791']",7
U2041,"['U10263', 'U120', 'U1743', 'U14454', 'U12541', 'U5853', 'U10137', 'U3177', 'U22', 'U12365']",10
U2042,"['U3585', 'U11740', 'U4866', 'U3738']",4
U2043,"['U3812', 'U6705', 'U14602']",3
U2044,"['U12537', 'U550', 'U5823', 'U1453', 'U14975']",5
U2045,"['U10094', 'U5341', 'U10807', 'U9185', 'U4051']",5
U2046,"['U8591', 'U4740', 'U12553', 'U5815', 'U7507', 'U1822', 'U8737', 'U2611', 'U13339']",9
U2047,"['U751', 'U13569', 'U5862', 'U6711']",4
U2048,"['U12421', 'U525', 'U2621', 'U3794', 'U3066', 'U5733', 'U11822', 'U658']",8
U2049,"['U14569', 'U13900']",2
U2050,"['U6558', 'U9405', 'U12763', 'U624', 'U1546', 'U7934', 'U3167', 'U12716', 'U6364', 'U11', 'U2498', 'U1040']",12
U2051,['U4942'],1
U2052,"['U3919', 'U7895', 'U2439', 'U9266']",4
U2053,"['U6184', 'U13464', 'U11553']",3
U2054,"['U2407', 'U7672', 'U14992', 'U2948', 'U11408', 'U10349', 'U14002']",7
U2055,"['U3196', 'U13369']",2
U2056,"['U2506', 'U12512']",2
U2057,"['U12407', 'U2064', 'U4830']",3
U2058,['U10120'],1
U2059,"['U7315', 'U13887', 'U8829', 'U4297']",4
U2060,"['U13267', 'U4986', 'U7003', 'U7503']",4
U2061,"['U14172', 'U6380', 'U1953', 'U6774', 'U3371', 'U12251', 'U1866']",7
U2062,"['U2837', 'U12938', 'U4016', 'U10085']",4
U2063,"['U3546', 'U1735', 'U14903', 'U9195', 'U11962', 'U14271']",6
U2064,[],0
U2065,"['U893', 'U2507', 'U2274', 'U4420', 'U10153', 'U2250']",6
U2066,"['U13217', 'U5960', 'U7863', 'U14512']",4
U2067,"['U8995', 'U2309']",2
U2068,"['U2191', 'U13200', 'U9795', 'U6503']",4
U2069,"['U4349', 'U3461', 'U2453', 'U9257', 'U14445', 'U11521']",6
U2070,"['U1911', 'U4922', 'U5629', 'U10019', 'U13301', 'U14317']",6
U2071,"['U11874', 'U294']",2
U2072,"['U5563', 'U10969']",2
U2073,"['U2406', 'U9386', 'U2331', 'U6790']",4
U2074,"['U7085', 'U8819', 'U13169', 'U1243', 'U8576']",5
U2075,"['U3149', 'U4916', 'U10853']",3
U2076,"['U7919', 'U10096']",2
U2077,"['U7317', 'U13239', 'U9249', 'U1069']",4
U2078,"['U11948', 'U14269', 'U11142']",3
U2079,"['U14745', 'U372', 'U1107', 'U1346']",4
U2080,"['U12656', 'U2478', 'U3222', 'U4384', 'U12030', 'U4341', 'U11587']",7
U2081,"['U9336', 'U9079', 'U2386', 'U4770', 'U2166', 'U625', 'U5204']",7
U2082,['U8667'],1
U2083,"['U1067', 'U6138', 'U2127']",3
U2084,"['U2593', 'U5132']",2
U2085,"['U1846', 'U2302', 'U2637', 'U4300', 'U6050', 'U9546']",6
U2086,"['U12305', 'U4826', 'U8981', 'U13789', 'U14654']",5
U2087,"['U7202', 'U14495', 'U14151', 'U6662', 'U5115', 'U136']",6
U2088,"['U12104', 'U3598', 'U4933', 'U7851', 'U14355']",5
U2089,"['U8245', 'U5905', 'U10349', 'U1520', 'U11177', 'U10847']",6
U2090,"['U14529', 'U4717', 'U3954', 'U7613', 'U6904', 'U12911', 'U762']",7
U2091,"['U2913', 'U6734', 'U5080', 'U454']",4
U2092,"['U4416', 'U8664']",2
U2093,"['U7070', 'U806', 'U14166']",3
U2094,"['U851', 'U9966', 'U12750', 'U13119', 'U4605']",5
U2095,"['U14822', 'U8179', 'U5677', 'U11942']",4
U2096,"['U6260', 'U4828', 'U11632', 'U8801', 'U3928']",5
U2097,"['U10452', 'U7985', 'U5048']",3
U2098,"['U13403', 'U2383', 'U13653', 'U9113', 'U10330', 'U2590']",6
U2099,"['U5417', 'U9160', 'U12334', 'U6855']",4
U2100,"['U5201', 'U9013', 'U10545', 'U11570']",4
U2101,['U158'],1
U2102,"['U14141', 'U9672', 'U10925', 'U2689', 'U13321', 'U7780', 'U1171']",7
U2103,"['U10676', 'U2970', 'U7620', 'U8289']",4
U2104,"['U6945', 'U4619', 'U3940', 'U11700', 'U4515']",5
U2105,"['U13013', 'U9089', 'U236', 'U9413', 'U2041', 'U4031']",6
U2106,"['U3377', 'U13789', 'U13168']",3
U2107,"['U11575', 'U7306', 'U6754', 'U9340', 'U6482', 'U8207', 'U4768', 'U12307', 'U13422', 'U4975', 'U8902']",11
U2108,"['U10565', 'U7051', 'U9491', 'U852']",4
U2109,"['U5418', 'U1559', 'U65']",3
U2110,"['U1579', 'U6967', 'U317', 'U2752', 'U9060']",5
U2111,"['U6534', 'U3701', 'U3846', 'U504', 'U12802']",5
U2112,"['U8525', 'U10638', 'U4614', 'U10705']",4
U2113,"['U7071', 'U1496', 'U13791', 'U923', 'U8837']",5
U2114,"['U316', 'U7914', 'U14735', 'U9163', 'U2869', 'U886']",6
U2115,['U14600'],1
U2116,"['U3489', 'U9504', 'U7295', 'U2061', 'U1705', 'U4834', 'U6120', 'U776']",8
U2117,"['U12580', 'U14772', 'U5030']",3
U2118,"['U12285', 'U14261', 'U1500', 'U13198', 'U13052', 'U9197', 'U4629']",7
U2119,"['U11036', 'U2901', 'U1976', 'U961']",4
U2120,"['U3068', 'U13325', 'U12017']",3
U2121,"['U11560', 'U14045', 'U7031', 'U12293', 'U14561']",5
U2122,"['U4025', 'U10492', 'U5089']",3
U2123,"['U10836', 'U2530', 'U12890', 'U883', 'U5092']",5
U2124,"['U8930', 'U9918']",2
U2125,"['U6065', 'U4795', 'U6777', 'U9509']",4
U2126,"['U3528', 'U1045']",2
U2127,"['U14394', 'U10122']",2
U2128,"['U14882', 'U9159', 'U7224', 'U5934', 'U1926']",5
U2129,"['U5335', 'U12553', 'U4066', 'U10498', 'U13316']",5
U2130,"['U10886', 'U11404', 'U3509']",3
U2131,"['U12156', 'U6167', 'U8726']",3
U2132,"['U10438', 'U269', 'U10308', 'U8457', 'U2996']",5
U2133,"['U5311', 'U10379']",2
U2134,"['U12931', 'U11713', 'U1461', 'U7738']",4
U2135,"['U13713', 'U1740', 'U13168', 'U14418', 'U12887', 'U14834', 'U6762', 'U4236']",8
U2136,"['U10379', 'U5544', 'U817', 'U944', 'U6102']",5
U2137,"['U3314', 'U2774', 'U14506', 'U2542']",4
U2138,"['U3894', 'U11710']",2
U2139,"['U1747', 'U3386', 'U2822', 'U10842', 'U5240', 'U14681']",6
U2140,"['U13834', 'U7217', 'U3851', 'U10770', 'U14637']",5
U2141,"['U7032', 'U10843', 'U11775', 'U5449', 'U10996', 'U9983', 'U5867', 'U9590', 'U14935', 'U8284']",10
U2142,"['U11049', 'U13461', 'U8135']",3
U2143,"['U31', 'U970', 'U11165', 'U1880', 'U14918']",5
U2144,"['U14633', 'U11963', 'U8826', 'U9217', 'U434']",5
U2145,"['U8688', 'U6593', 'U9534', 'U9938']",4
U2146,"['U11799', 'U10312', 'U925', 'U1376', 'U8620', 'U11925']",6
U2147,"['U7138', 'U11569']",2
U2148,"['U87', 'U8673', 'U9935', 'U6566', 'U6026', 'U7148', 'U13865', 'U11446', 'U9278']",9
U2149,"['U6557', 'U1466', 'U5726', 'U14491', 'U5024']",5
U2150,"['U11785', 'U3331', 'U1044', 'U9921', 'U12505']",5
U2151,"['U13320', 'U177']",2
U2152,"['U1220', 'U3825', 'U761', 'U9438']",4
U2153,"['U2250', 'U8064', 'U519', 'U12715', 'U1633', 'U4928']",6
U2154,"['U9886', 'U8347', 'U3143', 'U5510', 'U10516', 'U4626']",6
U2155,"['U13891', 'U3653']",2
U2156,"['U7894', 'U7355', 'U10367', 'U8583', 'U1310']",5
U2157,"['U12440', 'U10834', 'U14028', 'U2536', 'U14566', 'U1062', 'U10808', 'U7098', 'U5444']",9
U2158,"['U36', 'U13422', 'U7263', 'U2097', 'U3706', 'U8494']",6
U2159,"['U79', 'U12901', 'U9787', 'U11330', 'U3829', 'U335', 'U12821', 'U13593', 'U14642']",9
U2160,"['U9079', 'U8438', 'U1845']",3
U2161,"['U6500', 'U12706', 'U5960', 'U11136', 'U3076', 'U10826', 'U6159', 'U4638']",8
U2162,"['U9733', 'U12115', 'U6000', 'U2609', 'U7966']",5
U2163,"['U1591', 'U14036', 'U9950', 'U4757']",4
U2164,"['U2252', 'U6302', 'U7700', 'U3206']",4
U2165,"['U6677', 'U6887', 'U8287', 'U12091', 'U14655']",5
U2166,"['U8170', 'U12207', 'U9978', 'U14220']",4
U2167,"['U11211', 'U2752', 'U14305', 'U11026', 'U10586', 'U2368', 'U9902']",7
U2168,"['U7505', 'U7933', 'U9894']",3
U2169,"['U6076', 'U7334', 'U12469', 'U12922']",4
U2170,[],0
U2171,"['U8249', 'U10329', 'U2118', 'U12577', 'U12486']",5
U2172,"['U4386', 'U12069', 'U7101']",3
U2173,"['U9236', 'U1586', 'U5614', 'U11101', 'U10910', 'U2585']",6
U2174,"['U13624', 'U11112', 'U10148', 'U12045', 'U12415']",5
U2175,"['U676', 'U8539', 'U11276', 'U5982']",4
U2176,"['U8340', 'U6638', 'U214', 'U11495', 'U13139', 'U13994', 'U13417']",7
U2177,"['U11359', 'U6873', 'U9755']",3
U2178,"['U449', 'U7209', 'U7431']",3
U2179,"['U12611', 'U5625']",2
U2180,"['U8701', 'U9254', 'U178', 'U9843']",4
U2181,"['U7866', 'U13905', 'U8215', 'U4564', 'U13652', 'U9751', 'U5657', 'U1328']",8
U2182,"['U7375', 'U7101', 'U14962', 'U1061']",4
U2183,"['U14023', 'U12212', 'U1749', 'U4564', 'U11367']",5
U2184,"['U6812', 'U12095', 'U2551', 'U3372', 'U1829', 'U14482', 'U12300']",7
U2185,"['U13594', 'U3489', 'U14348', 'U12775']",4
U2186,"['U12742', 'U5547', 'U10510', 'U2645', 'U8589']",5
U2187,"['U4907', 'U2099']",2
U2188,"['U5453', 'U10043', 'U7488', 'U13123', 'U4141', 'U2194']",6
U2189,"['U530', 'U12037', 'U5738']",3
U2190,"['U9066', 'U7617', 'U6740', 'U7922', 'U11260']",5
U2191,"['U3311', 'U1774', 'U7528', 'U7169', 'U6768']",5
U2192,"['U3580', 'U14380', 'U3873', 'U12062', 'U5654', 'U13564']",6
U2193,"['U6310', 'U6765', 'U8961', 'U2053', 'U8003', 'U10959', 'U10209', 'U5946']",8
U2194,"['U5436', 'U1022', 'U578', 'U6755', 'U13397', 'U12685', 'U14850']",7
U2195,"['U2365', 'U322', 'U5768']",3
U2196,"['U11359', 'U4828', 'U10995']",3
U2197,"['U14720', 'U11504', 'U5608', 'U4299', 'U820', 'U13825', 'U11309']",7
U2198,"['U1209', 'U12051', 'U5971', 'U7377', 'U7425', 'U8221']",6
U2199,"['U12638', 'U5422', 'U12577', 'U9874', 'U11950']",5
U2200,"['U8161', 'U5453', 'U12134']",3
U2201,"['U6769', 'U8293', 'U9490', 'U12731', 'U14291', 'U10240', 'U316']",7
U2202,"['U1346', 'U6571', 'U1274']",3
U2203,"['U13925', 'U10470', 'U1317', 'U826', 'U8194']",5
U2204,"['U1943', 'U5820', 'U9794', 'U10910', 'U2778', 'U8062', 'U10579', 'U14923']",8
U2205,"['U11261', 'U306', 'U3202', 'U4525', 'U9464', 'U6224', 'U12998', 'U8057', 'U700']",9
U2206,"['U11210', 'U703']",2
U2207,"['U9404', 'U2946', 'U4261', 'U14998', 'U3038']",5
U2208,"['U7240', 'U1709', 'U3630', 'U2982', 'U1585']",5
U2209,[],0
U2210,['U2627'],1
U2211,"['U4682', 'U7341', 'U2470']",3
U2212,"['U13559', 'U14313', 'U7810']",3
U2213,"['U1041', 'U4933', 'U11600', 'U8993', 'U10541', 'U6207']",6
U2214,"['U5958', 'U2889', 'U12504', 'U7585', 'U10422']",5
U2215,"['U4979', 'U11809', 'U14076', 'U14950', 'U1679', 'U10079']",6
U2216,"['U851', 'U10897']",2
U2217,"['U5829', 'U2273', 'U947', 'U61', 'U10722', 'U6786', 'U10204', 'U3443']",8
U2218,"['U4816', 'U1602', 'U6475', 'U11121', 'U12199', 'U10976', 'U5567']",7
U2219,"['U13571', 'U11660', 'U6826', 'U48', 'U7931', 'U12466', 'U2', 'U5481']",8
U2220,"['U3894', 'U4511', 'U11625', 'U10201']",4
U2221,"['U7884', 'U3421']",2
U2222,"['U9396', 'U12321']",2
U2223,"['U14036', 'U3582', 'U1292', 'U6871', 'U7918']",5
U2224,"['U12387', 'U9307', 'U12887']",3
U2225,"['U5213', 'U12770']",2
U2226,"['U9224', 'U1517', 'U14482', 'U1506', 'U12709', 'U713', 'U14126', 'U9324']",8
U2227,['U1334'],1
U2228,"['U4860', 'U4127', 'U3002']",3
U2229,"['U1146', 'U3214', 'U14536', 'U7979']",4
U2230,"['U979', 'U1504', 'U1506', 'U5281', 'U10492', 'U13309']",6
U2231,"['U10244', 'U8761', 'U7374']",3
U2232,"['U207', 'U1950', 'U7299', 'U2909', 'U12440', 'U8221', 'U7847']",7
U2233,"['U10262', 'U6542', 'U8340', 'U4437', 'U6386']",5
U2234,"['U14965', 'U7298', 'U4409', 'U5934']",4
U2235,['U1202'],1
U2236,"['U10269', 'U2261', 'U11812']",3
U2237,"['U2876', 'U1066', 'U8559']",3
U2238,"['U11533', 'U9796', 'U9623', 'U1474']",4
U2239,"['U9177', 'U13050', 'U12019', 'U3865', 'U4379', 'U10007']",6
U2240,"['U5820', 'U13418', 'U9398', 'U306', 'U8005', 'U8423', 'U6879', 'U555', 'U1192']",9
U2241,['U14363'],1
U2242,"['U68', 'U8478', 'U3559']",3
U2243,"['U11898', 'U1542']",2
U2244,"['U13417', 'U4468', 'U10915', 'U9158']",4
U2245,"['U4011', 'U111', 'U14454']",3
U2246,"['U2581', 'U4959', 'U9351', 'U6221', 'U10652', 'U7047', 'U9781']",7
U2247,"['U12088', 'U7845', 'U5042', 'U7492', 'U511']",5
U2248,"['U437', 'U5505', 'U12774']",3
U2249,"['U6894', 'U6939', 'U7909']",3
U2250,"['U6412', 'U9660', 'U12964', 'U3454', 'U9836', 'U4401', 'U13662', 'U3068']",8
U2251,"['U2277', 'U11154', 'U12365', 'U9298']",4
U2252,"['U7793', 'U12326', 'U7492']",3
U2253,"['U2201', 'U13806', 'U9741', 'U6735', 'U14351', 'U1456', 'U6908', 'U2131']",8
U2254,"['U8688', 'U6337', 'U13610', 'U4278', 'U14035']",5
U2255,['U6486'],1
U2256,"['U12844', 'U1776', 'U3381', 'U10716', 'U9491', 'U2320', 'U1273', 'U13285']",8
U2257,"['U4141', 'U6355', 'U12954', 'U9865', 'U3343']",5
U2258,"['U7914', 'U8146', 'U12965', 'U3915']",4
U2259,"['U5153', 'U6681', 'U11485', 'U5343']",4
U2260,"['U1053', 'U6103', 'U7378', 'U10922']",4
U2261,"['U9067', 'U14986', 'U11372']",3
U2262,"['U10744', 'U9530', 'U14066', 'U11319']",4
U2263,"['U8297', 'U14770', 'U4722', 'U3947']",4
U2264,"['U5308', 'U2988']",2
U2265,"['U14420', 'U8974', 'U12992']",3
U2266,"['U14569', 'U2287', 'U7149', 'U6018', 'U1407', 'U9750', 'U2163']",7
U2267,"['U4977', 'U7172', 'U5545']",3
U2268,"['U1131', 'U2804']",2
U2269,"['U2746', 'U119', 'U5871', 'U12863']",4
U2270,['U1435'],1
U2271,"['U1457', 'U9178', 'U2707', 'U7503', 'U9546']",5
U2272,"['U13551', 'U11514', 'U740', 'U8839', 'U12642', 'U12122', 'U4441', 'U6236']",8
U2273,"['U11380', 'U12557', 'U11633']",3
U2274,"['U5816', 'U246', 'U11609', 'U6721', 'U13867', 'U8365', 'U5079', 'U1050']",8
U2275,"['U9871', 'U8727', 'U7445', 'U14645', 'U14026', 'U10875', 'U12727']",7
U2276,"['U6988', 'U11272', 'U8712']",3
U2277,"['U11431', 'U14137', 'U1038', 'U13834', 'U10231', 'U14002']",6
U2278,"['U11468', 'U13960', 'U8475', 'U5826']",4
U2279,"['U10931', 'U4526', 'U6122', 'U4838', 'U8482', 'U6224']",6
U2280,"['U2920', 'U5378', 'U966']",3
U2281,"['U12882', 'U14048', 'U1555']",3
U2282,"['U5139', 'U8219', 'U10261', 'U2827', 'U2421']",5
U2283,"['U12755', 'U6302', 'U507']",3
U2284,"['U2993', 'U7157', 'U14838', 'U13483', 'U5707']",5
U2285,"['U10171', 'U6572', 'U4770', 'U9118', 'U13842', 'U11475', 'U755', 'U7373', 'U142']",9
U2286,"['U11047', 'U7038', 'U14057', 'U10597', 'U4913', 'U2903', 'U3560']",7
U2287,"['U6135', 'U10979', 'U5415', 'U1509', 'U9411', 'U1907', 'U1662']",7
U2288,"['U3659', 'U6033', 'U14959', 'U284', 'U13512', 'U5108', 'U5972', 'U6092']",8
U2289,"['U4239', 'U9694']",2
U2290,"['U14033', 'U8284']",2
U2291,"['U515', 'U799', 'U6068', 'U412', 'U10153', 'U9719']",6
U2292,"['U7411', 'U13448']",2
U2293,"['U9677', 'U13575', 'U1143']",3
U2294,"['U12728', 'U12002', 'U6520']",3
U2295,"['U13058', 'U12464', 'U9843', 'U13181']",4
U2296,"['U13180', 'U10676', 'U1472', 'U14231']",4
U2297,"['U12261', 'U11952', 'U13333', 'U7119', 'U3438', 'U13482', 'U9448']",7
U2298,"['U1376', 'U4320', 'U3929', 'U10323', 'U1', 'U13408', 'U9619', 'U2013']",8
U2299,"['U10133', 'U5871', 'U4963', 'U8457', 'U8894']",5
U2300,"['U9948', 'U6631', 'U1369', 'U9547', 'U12511']",5
U2301,[],0
U2302,"['U7959', 'U10039', 'U4145', 'U65']",4
U2303,"['U10568', 'U2362', 'U5315', 'U6509', 'U3814']",5
U2304,"['U1279', 'U5721', 'U7724']",3
U2305,"['U307', 'U1032', 'U14808', 'U7381', 'U10253']",5
U2306,"['U7398', 'U4600', 'U10676']",3
U2307,"['U3851', 'U10583']",2
U2308,"['U3426', 'U11396', 'U1926', 'U13431', 'U4690']",5
U2309,"['U3535', 'U860', 'U5237', 'U5713', 'U4580']",5
U2310,"['U13737', 'U10400', 'U3327', 'U5152', 'U1455', 'U315', 'U9091', 'U14648', 'U9680', 'U7922', 'U11056']",11
U2311,"['U1464', 'U5288', 'U9162', 'U7419', 'U396']",5
U2312,"['U9904', 'U11129', 'U7774', 'U14696', 'U1774']",5
U2313,"['U5625', 'U2022', 'U5669', 'U6878', 'U3835', 'U4698']",6
U2314,"['U14320', 'U9509', 'U2414', 'U11285']",4
U2315,"['U14623', 'U2590', 'U7873', 'U4753']",4
U2316,"['U1789', 'U6258']",2
U2317,"['U3581', 'U8186', 'U2572', 'U2256', 'U11618', 'U13456', 'U6238', 'U9698', 'U14271', 'U8926']",10
U2318,"['U11646', 'U1644', 'U9701', 'U4783', 'U8334', 'U13784', 'U6138', 'U13033']",8
U2319,"['U4483', 'U14920', 'U10240', 'U4785', 'U7288', 'U8068', 'U1984', 'U9790', 'U10392']",9
U2320,"['U12873', 'U14183', 'U3076', 'U12485', 'U12016']",5
U2321,"['U5302', 'U11654', 'U158']",3
U2322,"['U8829', 'U6455', 'U1775', 'U9567', 'U4637', 'U9142']",6
U2323,"['U8148', 'U4721', 'U11693', 'U4571', 'U5607']",5
U2324,"['U5068', 'U6097', 'U9304']",3
U2325,"['U5174', 'U4089', 'U12691']",3
U2326,"['U3632', 'U5525', 'U14103', 'U7819', 'U3034', 'U13389']",6
U2327,"['U13968', 'U8099', 'U13307', 'U10515', 'U12682']",5
U2328,"['U6394', 'U1087', 'U10592', 'U2247']",4
U2329,"['U8838', 'U5824', 'U4160', 'U12973', 'U10716', 'U5253', 'U6655']",7
U2330,"['U7124', 'U11333', 'U14821', 'U6668', 'U10872', 'U12080', 'U4364']",7
U2331,"['U12133', 'U8918', 'U13925', 'U4313', 'U12024', 'U13157', 'U5185', 'U11506']",8
U2332,"['U6041', 'U780', 'U6114', 'U14317', 'U1198', 'U13098', 'U14800']",7
U2333,"['U8367', 'U8657', 'U6312', 'U6827', 'U7795']",5
U2334,"['U2837', 'U10604', 'U7978', 'U9357', 'U11197']",5
U2335,"['U9136', 'U12264', 'U1241', 'U8231', 'U6891']",5
U2336,"['U2736', 'U3423', 'U1395', 'U4567', 'U4740', 'U1008', 'U13118']",7
U2337,"['U2667', 'U8850']",2
U2338,"['U6967', 'U14119', 'U3999', 'U6389', 'U6402', 'U12623', 'U4085', 'U12145', 'U606', 'U4628', 'U4229']",11
U2339,"['U5369', 'U2773', 'U2648', 'U1555', 'U11267', 'U10979', 'U1675']",7
U2340,['U8785'],1
U2341,"['U7732', 'U7905', 'U13675']",3
U2342,"['U6592', 'U8406', 'U202', 'U13009', 'U12142', 'U12241', 'U13990']",7
U2343,"['U10272', 'U14085', 'U5245', 'U10090', 'U13652', 'U7524', 'U10304', 'U14316']",8
U2344,"['U2956', 'U13182', 'U13646', 'U2170']",4
U2345,"['U969', 'U11177', 'U2680', 'U8854', 'U9321', 'U7401', 'U4975', 'U2092']",8
U2346,['U11284'],1
U2347,"['U2255', 'U12661', 'U9043', 'U14308', 'U10512', 'U929']",6
U2348,"['U13794', 'U10018', 'U6972', 'U8261', 'U400']",5
U2349,"['U14435', 'U6612', 'U14194', 'U3461']",4
U2350,"['U4768', 'U9870', 'U7833']",3
U2351,"['U4652', 'U9055', 'U11175', 'U8066', 'U11516', 'U6164', 'U10088']",7
U2352,"['U13138', 'U3681']",2
U2353,"['U2138', 'U12407', 'U9805', 'U2867', 'U2444', 'U6179', 'U10257', 'U12818', 'U741']",9
U2354,"['U5007', 'U6598', 'U1844', 'U12458']",4
U2355,"['U12296', 'U11326']",2
U2356,"['U14039', 'U2258', 'U11555', 'U12604', 'U13923', 'U14528', 'U7290']",7
U2357,"['U8339', 'U13779', 'U226', 'U4304', 'U13518', 'U1755', 'U5784']",7
U2358,"['U11404', 'U9906', 'U5590', 'U14574', 'U7509', 'U9251', 'U5637', 'U9378', 'U293', 'U3781']",10
U2359,"['U2716', 'U9456', 'U7204']",3
U2360,"['U446', 'U14643', 'U398', 'U14953']",4
U2361,"['U14348', 'U14171', 'U2780', 'U6755', 'U6707', 'U4623']",6
U2362,"['U13655', 'U5683', 'U10436', 'U5381']",4
U2363,"['U12426', 'U12739', 'U2567', 'U5633', 'U775', 'U151']",6
U2364,['U14279'],1
U2365,"['U4362', 'U11294', 'U9407']",3
U2366,"['U1630', 'U1322', 'U8099', 'U5715', 'U1075', 'U12499', 'U9957', 'U7880']",8
U2367,"['U9554', 'U10402', 'U10573', 'U8789']",4
U2368,"['U8702', 'U4297', 'U3837', 'U11951']",4
U2369,"['U3205', 'U5497', 'U2795', 'U10954', 'U626', 'U815', 'U5457', 'U8556', 'U7626', 'U2892']",10
U2370,"['U3294', 'U2435', 'U4391', 'U13256']",4
U2371,"['U1919', 'U7974', 'U10879']",3
U2372,"['U5344', 'U5261', 'U4937', 'U5753']",4
U2373,"['U13291', 'U4927', 'U12011']",3
U2374,"['U549', 'U14249', 'U6892']",3
U2375,"['U10161', 'U11759', 'U6295', 'U5208']",4
U2376,"['U14195', 'U10635', 'U4316', 'U12112', 'U3857', 'U4785']",6
U2377,['U1940'],1
U2378,"['U3752', 'U11271', 'U7965', 'U8304', 'U3559', 'U10045']",6
U2379,"['U2823', 'U5989', 'U6273', 'U6435', 'U4312', 'U13818']",6
U2380,"['U8220', 'U11311']",2
U2381,"['U2727', 'U4436', 'U115']",3
U2382,"['U11672', 'U9047', 'U6811', 'U6667', 'U5424', 'U14298', 'U55', 'U2146', 'U528', 'U5914']",10
U2383,[],0
U2384,"['U757', 'U4550', 'U9992', 'U11244', 'U2078', 'U5746']",6
U2385,[],0
U2386,"['U10656', 'U5013']",2
U2387,"['U3409', 'U11656', 'U871', 'U5255', 'U8854']",5
U2388,"['U9176', 'U3961', 'U4053', 'U286', 'U1673', 'U8343']",6
U2389,"['U5391', 'U8783', 'U9460', 'U2700', 'U3525']",5
U2390,"['U9796', 'U3904', 'U4554']",3
U2391,"['U13663', 'U7844', 'U7768', 'U3798', 'U4410', 'U2652', 'U7379']",7
U2392,"['U13240', 'U1101', 'U12272', 'U1276', 'U8170', 'U2139', 'U13659', 'U9557', 'U4166']",9
U2393,"['U9681', 'U7293', 'U6476', 'U3900', 'U13926', 'U11726', 'U4125', 'U14888']",8
U2394,"['U10397', 'U1821', 'U628', 'U12768']",4
U2395,"['U116', 'U8747', 'U4488', 'U9464']",4
U2396,"['U4365', 'U2923', 'U14246']",3
U2397,"['U3355', 'U12272', 'U1797', 'U14329', 'U1536', 'U6835', 'U9863']",7
U2398,"['U9066', 'U3134', 'U12872', 'U10654', 'U7277']",5
U2399,"['U5600', 'U7133', 'U523', 'U6016', 'U12392', 'U13559']",6
U2400,"['U10152', 'U3883', 'U5148', 'U9160', 'U3621', 'U50', 'U11129', 'U6063', 'U14683']",9
U2401,"['U6936', 'U10107', 'U1750']",3
U2402,['U10298'],1
U2403,"['U12887', 'U8289', 'U10507', 'U7715', 'U3147', 'U11503']",6
U2404,"['U1837', 'U1194', 'U5217', 'U10729', 'U10190', 'U13667', 'U468', 'U315', 'U12220']",9
U2405,"['U6617', 'U973']",2
U2406,"['U3355', 'U11743', 'U4318']",3
U2407,"['U7294', 'U4939', 'U12345', 'U6460', 'U2720', 'U12571', 'U4844']",7
U2408,"['U9262', 'U1222']",2
U2409,"['U1543', 'U13403']",2
U2410,"['U9260', 'U2608', 'U6056', 'U13939', 'U9921']",5
U2411,"['U12583', 'U4186']",2
U2412,"['U6083', 'U8652', 'U1300', 'U9827', 'U4489', 'U4510']",6
U2413,['U1197'],1
U2414,"['U7909', 'U10870', 'U2005', 'U3402', 'U13952', 'U962', 'U2134', 'U2737']",8
U2415,"['U6261', 'U1296', 'U8745', 'U6633', 'U13901', 'U2383', 'U1389']",7
U2416,"['U1602', 'U645', 'U13048', 'U14935']",4
U2417,['U541'],1
U2418,"['U14799', 'U3352', 'U8916', 'U7054', 'U7583', 'U13524', 'U1174']",7
U2419,['U1482'],1
U2420,"['U2902', 'U7084', 'U4507', 'U6896', 'U2794', 'U13741', 'U8662', 'U6097']",8
U2421,"['U13564', 'U81', 'U4775', 'U4944']",4
U2422,"['U13273', 'U3841', 'U3258', 'U11081', 'U9481', 'U3641', 'U3128']",7
U2423,"['U6859', 'U1510', 'U11025', 'U7590', 'U143', 'U4012', 'U2746', 'U14799']",8
U2424,"['U296', 'U7018']",2
U2425,['U1263'],1
U2426,"['U10145', 'U14335', 'U17']",3
U2427,"['U485', 'U10698', 'U14403', 'U5300']",4
U2428,"['U10420', 'U2982', 'U10654', 'U9908']",4
U2429,"['U100', 'U4946', 'U7030']",3
U2430,"['U5632', 'U5294', 'U7076', 'U1844', 'U3851', 'U11685', 'U11177', 'U12475']",8
U2431,"['U12066', 'U2335', 'U3637', 'U3184', 'U2755']",5
U2432,"['U14883', 'U8628', 'U451', 'U9684', 'U14660']",5
U2433,"['U7285', 'U3483', 'U4909', 'U9373', 'U3777']",5
U2434,"['U1430', 'U7014', 'U12794', 'U14000', 'U6792', 'U2270', 'U6182', 'U2152']",8
U2435,[],0
U2436,"['U8477', 'U7794']",2
U2437,"['U1961', 'U12749', 'U5321', 'U7508', 'U11239', 'U63', 'U7511', 'U4185']",8
U2438,[],0
U2439,"['U3687', 'U4987', 'U1030', 'U5095', 'U3534', 'U9602']",6
U2440,"['U12964', 'U6523', 'U7529']",3
U2441,"['U1666', 'U9098', 'U8257', 'U12166', 'U924', 'U8680']",6
U2442,"['U7026', 'U10959', 'U13489']",3
U2443,"['U8465', 'U14744', 'U9918', 'U11495', 'U9044', 'U10809', 'U14602']",7
U2444,"['U9981', 'U2181', 'U1463', 'U13477', 'U9654', 'U1225', 'U3298', 'U13892', 'U4837']",9
U2445,['U9285'],1
U2446,"['U10253', 'U6074', 'U4708', 'U2735', 'U7387', 'U6628', 'U1324', 'U3972']",8
U2447,"['U7038', 'U11237', 'U2370']",3
U2448,"['U14037', 'U14196', 'U7560', 'U10949', 'U11394', 'U2158', 'U2749']",7
U2449,"['U14370', 'U10230']",2
U2450,['U11679'],1
U2451,['U12520'],1
U2452,"['U1230', 'U10267', 'U10391', 'U9704', 'U5225']",5
U2453,"['U14045', 'U10763']",2
U2454,"['U3784', 'U6326', 'U7016', 'U14947', 'U1417', 'U4079']",6
U2455,"['U6126', 'U446']",2
U2456,"['U9827', 'U14201', 'U11659']",3
U2457,"['U3456', 'U11150', 'U11746', 'U13794', 'U9034', 'U2560', 'U4572']",7
U2458,"['U3801', 'U12948', 'U5157']",3
U2459,"['U1459', 'U11139', 'U9003', 'U10179', 'U6021', 'U6069']",6
U2460,"['U60', 'U5829', 'U5950']",3
U2461,"['U1547', 'U2941', 'U8107', 'U7238', 'U3556', 'U12653', 'U7773', 'U9838']",8
U2462,"['U1919', 'U5422']",2
U2463,"['U2941', 'U3526', 'U10701', 'U14820', 'U9061']",5
U2464,"['U2059', 'U8307']",2
U2465,"['U3185', 'U5986', 'U8402', 'U5031', 'U8508', 'U13397']",6
U2466,"['U3753', 'U5036', 'U11662']",3
U2467,"['U5135', 'U4050', 'U2450', 'U12728']",4
U2468,"['U9397', 'U10652', 'U10608', 'U10']",4
U2469,"['U5409', 'U10293', 'U10139', 'U895']",4
U2470,"['U14865', 'U11075', 'U4164', 'U1894', 'U3496', 'U6696', 'U13190']",7
U2471,"['U11349', 'U4856', 'U11018', 'U6301']",4
U2472,"['U12205', 'U10714', 'U11892', 'U10407']",4
U2473,"['U3458', 'U3951', 'U9883']",3
U2474,"['U7513', 'U500', 'U12666']",3
U2475,"['U14189', 'U2196', 'U14643', 'U2105', 'U9848', 'U1122']",6
U2476,"['U14701', 'U2084', 'U8223', 'U2674', 'U12639']",5
U2477,"['U2338', 'U6995', 'U3671', 'U10946']",4
U2478,"['U6374', 'U11905', 'U8463']",3
U2479,[],0
U2480,"['U1286', 'U4747', 'U4889', 'U9715', 'U5723', 'U13395']",6
U2481,"['U3858', 'U9636', 'U4918', 'U1532', 'U1721', 'U6882']",6
U2482,"['U14975', 'U5623', 'U8975', 'U2241']",4
U2483,"['U5470', 'U13579', 'U14158', 'U11153']",4
U2484,"['U6299', 'U2481', 'U8577', 'U1301', 'U14960']",5
U2485,"['U8214', 'U7176', 'U4697']",3
U2486,"['U7683', 'U13940', 'U1892', 'U8702']",4
U2487,"['U5433', 'U7522', 'U4697', 'U937', 'U7677', 'U3125', 'U3788']",7
U2488,"['U4060', 'U14662', 'U10032', 'U5165', 'U7314', 'U11086', 'U14857', 'U10799', 'U8875', 'U891', 'U1949']",11
U2489,"['U2996', 'U5054', 'U1333', 'U909', 'U6530', 'U721']",6
U2490,"['U14537', 'U12688', 'U1371', 'U7913']",4
U2491,['U769'],1
U2492,"['U10972', 'U1280', 'U234']",3
U2493,"['U7772', 'U8152', 'U9934', 'U8394', 'U1678']",5
U2494,"['U7839', 'U4556']",2
U2495,"['U1912', 'U3438', 'U2425', 'U12111', 'U13740', 'U11053', 'U14601']",7
U2496,"['U5919', 'U5690', 'U3768', 'U6888', 'U14120', 'U671']",6
U2497,"['U10980', 'U1702', 'U3045']",3
U2498,"['U3620', 'U8976', 'U6534', 'U6114']",4
U2499,"['U11928', 'U2461', 'U10368', 'U13674', 'U9728']",5
U2500,"['U6381', 'U2691', 'U7344', 'U866']",4
U2501,"['U4344', 'U8900', 'U1521', 'U6715', 'U10138']",5
U2502,['U1876'],1
U2503,"['U10076', 'U11849']",2
U2504,"['U8612', 'U8093', 'U9647', 'U7195']",4
U2505,"['U6699', 'U8408', 'U4889']",3
U2506,"['U5154', 'U13222', 'U446']",3
U2507,"['U3506', 'U6446', 'U5424', 'U6638', 'U9244', 'U2307']",6
U2508,"['U5834', 'U9661', 'U6228', 'U6865']",4
U2509,"['U6616', 'U14796', 'U1949', 'U13389', 'U6634']",5
U2510,"['U13981', 'U1755', 'U4435', 'U6895']",4
U2511,"['U10065', 'U13023', 'U898', 'U2442', 'U468', 'U10474']",6
U2512,"['U8066', 'U14312', 'U6438']",3
U2513,"['U3818', 'U14320', 'U10448', 'U7512']",4
U2514,"['U7267', 'U10532', 'U348', 'U11567', 'U14733']",5
U2515,"['U38', 'U5880', 'U2290', 'U2946']",4
U2516,"['U5071', 'U8327', 'U1511', 'U9810']",4
U2517,"['U8523', 'U14704', 'U2397', 'U1419', 'U13707', 'U11014']",6
U2518,"['U13744', 'U6716', 'U10320', 'U4548', 'U11305', 'U8674']",6
U2519,"['U222', 'U8146', 'U12904', 'U9486', 'U14647', 'U5632']",6
U2520,"['U12819', 'U7048', 'U2150', 'U9439']",4
U2521,"['U5853', 'U11827']",2
U2522,"['U11005', 'U661', 'U6917', 'U11938']",4
U2523,"['U1467', 'U13521', 'U5284', 'U10245', 'U12612', 'U10079']",6
U2524,"['U5874', 'U8797', 'U10675', 'U12280', 'U8923']",5
U2525,"['U108', 'U113', 'U5150', 'U11428', 'U628']",5
U2526,"['U11524', 'U9597', 'U8848', 'U8861', 'U10528']",5
U2527,"['U7121', 'U13635', 'U11382', 'U9000', 'U9174', 'U12180']",6
U2528,"['U7180', 'U7023', 'U1088']",3
U2529,"['U11078', 'U5253', 'U11045', 'U2261']",4
U2530,"['U8458', 'U14486', 'U11209']",3
U2531,"['U9929', 'U11182', 'U11030', 'U1230']",4
U2532,"['U9254', 'U4322', 'U9169']",3
U2533,"['U6265', 'U94']",2
U2534,"['U11690', 'U8393', 'U461', 'U6101', 'U3242', 'U9760', 'U6267', 'U11741', 'U2011']",9
U2535,"['U6337', 'U13953', 'U518']",3
U2536,"['U9915', 'U13679', 'U2117', 'U4515']",4
U2537,"['U13794', 'U13670', 'U5569', 'U12412', 'U4589', 'U13814']",6
U2538,"['U2805', 'U2054', 'U9245', 'U12597']",4
U2539,"['U1908', 'U2063']",2
U2540,"['U13574', 'U9220', 'U3253', 'U5876', 'U438']",5
U2541,"['U10618', 'U412', 'U12600', 'U9284', 'U3303']",5
U2542,['U494'],1
U2543,"['U11048', 'U400', 'U8941', 'U3030']",4
U2544,"['U1196', 'U11253', 'U8469', 'U4562']",4
U2545,"['U6757', 'U2943', 'U10228', 'U5555']",4
U2546,"['U4496', 'U9122', 'U10832', 'U1704', 'U10193']",5
U2547,"['U9601', 'U1765']",2
U2548,"['U9028', 'U2195']",2
U2549,"['U13581', 'U10497', 'U6333', 'U9407', 'U5027', 'U11349']",6
U2550,"['U3067', 'U14035', 'U6587', 'U13310']",4
U2551,"['U12189', 'U14398', 'U8477', 'U14805']",4
U2552,"['U9911', 'U2533', 'U3858', 'U758', 'U8044', 'U2302', 'U8193']",7
U2553,"['U10418', 'U6715', 'U4419', 'U11541']",4
U2554,"['U14777', 'U1766', 'U3582']",3
U2555,['U4697'],1
U2556,"['U2550', 'U8606', 'U9172', 'U12697']",4
U2557,"['U7353', 'U2048', 'U6273', 'U12323', 'U8253', 'U14998', 'U9353', 'U14616', 'U13008']",9
U2558,['U6559'],1
U2559,"['U8220', 'U1353', 'U730', 'U9088', 'U4220', 'U2145', 'U3277']",7
U2560,"['U14347', 'U9963', 'U12348']",3
U2561,"['U1733', 'U3770', 'U4627', 'U5308', 'U2149', 'U6280', 'U14218', 'U7831', 'U6853']",9
U2562,"['U2382', 'U4496', 'U14660', 'U2508', 'U13875', 'U5523']",6
U2563,"['U10883', 'U2260', 'U5660']",3
U2564,"['U2759', 'U1415', 'U12756', 'U14305', 'U5716']",5
U2565,"['U3789', 'U6300']",2
U2566,"['U10593', 'U13183', 'U12112', 'U5408', 'U6172', 'U5909', 'U14883']",7
U2567,"['U11763', 'U12861', 'U13607', 'U10632', 'U11293', 'U1999']",6
U2568,"['U2897', 'U10843']",2
U2569,"['U7939', 'U6262', 'U6361', 'U755', 'U11584', 'U8407', 'U12177']",7
U2570,"['U3484', 'U11996', 'U5909']",3
U2571,"['U3374', 'U6310', 'U1989', 'U14538', 'U7173', 'U1941', 'U10004']",7
U2572,"['U1602', 'U4598', 'U3539', 'U5350', 'U2649', 'U14149', 'U10775', 'U2637']",8
U2573,"['U11613', 'U14077', 'U14294', 'U1903']",4
U2574,"['U12170', 'U11033', 'U5403', 'U14911', 'U10700', 'U13891']",6
U2575,['U999'],1
U2576,"['U72', 'U9939', 'U14380', 'U7160', 'U10799', 'U9614']",6
U2577,"['U1150', 'U59', 'U7661', 'U11354', 'U9236']",5
U2578,"['U13756', 'U3699', 'U804', 'U2147', 'U5316', 'U6840', 'U8021']",7
U2579,"['U9424', 'U2428', 'U507', 'U2932']",4
U2580,"['U6881', 'U7814', 'U994', 'U3158', 'U4629', 'U1122']",6
U2581,"['U11932', 'U6746', 'U2758', 'U12573', 'U3282', 'U6317', 'U1784', 'U8955', 'U9605']",9
U2582,"['U780', 'U5180', 'U7008']",3
U2583,"['U10683', 'U9032', 'U9145']",3
U2584,"['U3233', 'U11983', 'U5292', 'U4432', 'U11692', 'U1977', 'U983', 'U2259']",8
U2585,"['U11702', 'U10445', 'U5148', 'U9157', 'U8943', 'U10285']",6
U2586,"['U14729', 'U9055', 'U4852']",3
U2587,"['U1433', 'U12840', 'U3675', 'U4876', 'U10708', 'U2350', 'U10268', 'U5987']",8
U2588,"['U1444', 'U7871', 'U7257', 'U2343', 'U6813', 'U8559', 'U11264']",7
U2589,"['U7290', 'U3744', 'U12365', 'U12525', 'U8964', 'U11015']",6
U2590,"['U12362', 'U6343', 'U4642', 'U8168']",4
U2591,"['U13913', 'U6361', 'U7109', 'U1620', 'U11242', 'U2418']",6
U2592,"['U1915', 'U11093', 'U7182', 'U3770', 'U12539', 'U11835']",6
U2593,"['U8085', 'U2588', 'U1499']",3
U2594,"['U5415', 'U8598', 'U2209']",3
U2595,"['U6056', 'U5855', 'U10858', 'U14534']",4
U2596,"['U7565', 'U5491', 'U8000', 'U83']",4
U2597,"['U10039', 'U1117', 'U13705', 'U9949', 'U11859', 'U2203']",6
U2598,"['U592', 'U2907', 'U2618', 'U6367']",4
U2599,"['U6443', 'U870', 'U9583', 'U7002', 'U9101']",5
U2600,"['U14822', 'U6159']",2
U2601,"['U11368', 'U3368']",2
U2602,"['U7280', 'U12449', 'U13158']",3
U2603,"['U6970', 'U1171', 'U4958', 'U8327', 'U9065', 'U40', 'U5460']",7
U2604,[],0
U2605,"['U1261', 'U7537', 'U13626', 'U3922']",4
U2606,"['U7033', 'U11907', 'U9293', 'U4096']",4
U2607,"['U13208', 'U12610', 'U7153', 'U4371', 'U8717', 'U9615', 'U10468']",7
U2608,"['U5240', 'U1580', 'U14444', 'U5728']",4
U2609,"['U10034', 'U11097', 'U3675', 'U7514', 'U14389', 'U8757']",6
U2610,"['U4988', 'U6291', 'U7439', 'U354', 'U8308', 'U2545', 'U10417', 'U1828', 'U1254', 'U3149', 'U12576']",11
U2611,"['U12291', 'U4148', 'U1911', 'U7129']",4
U2612,"['U5986', 'U7126']",2
U2613,"['U14930', 'U4063', 'U14794']",3
U2614,"['U7592', 'U8508']",2
U2615,"['U4652', 'U7051', 'U13891', 'U12964', 'U5980']",5
U2616,"['U10545', 'U3703', 'U1718', 'U13161']",4
U2617,"['U10319', 'U9327', 'U1015', 'U8576', 'U876', 'U7653', 'U4702', 'U8149']",8
U2618,"['U14548', 'U3184', 'U14677']",3
U2619,"['U7755', 'U5003', 'U8298', 'U13570']",4
U2620,"['U13267', 'U1761', 'U12621', 'U8216', 'U2706']",5
U2621,"['U13447', 'U6925', 'U5003']",3
U2622,[],0
U2623,['U10094'],1
U2624,"['U7028', 'U14906', 'U13773', 'U6812', 'U10399', 'U7080']",6
U2625,"['U2200', 'U8145', 'U5265', 'U4177', 'U2927', 'U9808', 'U14627', 'U3828']",8
U2626,"['U6557', 'U5395']",2
U2627,"['U2379', 'U9327', 'U456']",3
U2628,"['U10660', 'U4339', 'U3756', 'U12736', 'U11549', 'U4403']",6
U2629,"['U11167', 'U808', 'U14001', 'U10577']",4
U2630,['U163'],1
U2631,"['U922', 'U880', 'U7483']",3
U2632,"['U8457', 'U10030', 'U6883', 'U2598', 'U14655', 'U3888', 'U12191']",7
U2633,"['U7745', 'U12683', 'U2472', 'U11904']",4
U2634,"['U1456', 'U8741', 'U11295', 'U11600']",4
U2635,"['U4910', 'U6572', 'U6874']",3
U2636,['U4624'],1
U2637,"['U1403', 'U7179', 'U11647', 'U13034']",4
U2638,"['U5582', 'U6121', 'U4305', 'U6026', 'U11458', 'U4489', 'U2950']",7
U2639,"['U10199', 'U3347']",2
U2640,"['U1044', 'U10832', 'U10768', 'U5057']",4
U2641,"['U3852', 'U5912', 'U3884', 'U8097']",4
U2642,"['U1407', 'U14459', 'U5379', 'U13011', 'U6686', 'U13945', 'U8101']",7
U2643,"['U4268', 'U12023']",2
U2644,"['U5168', 'U8238', 'U505']",3
U2645,"['U13286', 'U7383', 'U2090', 'U11269', 'U3841', 'U6422', 'U4373']",7
U2646,"['U1942', 'U1039', 'U3919', 'U4961', 'U4598']",5
U2647,"['U5365', 'U11148', 'U6134', 'U11204', 'U6010', 'U6424', 'U14531', 'U477', 'U14233']",9
U2648,"['U6200', 'U10813', 'U3864', 'U8325', 'U1759']",5
U2649,"['U1174', 'U5313', 'U2676', 'U1793', 'U3876', 'U6189']",6
U2650,"['U9491', 'U13344', 'U6093', 'U162', 'U7637', 'U12450', 'U549', 'U1617', 'U3155', 'U858']",10
U2651,"['U13632', 'U4989']",2
U2652,"['U2568', 'U10744', 'U12200']",3
U2653,"['U14511', 'U1733']",2
U2654,"['U4643', 'U9516', 'U10860']",3
U2655,"['U9402', 'U1358', 'U11675', 'U14489']",4
U2656,"['U11', 'U3856', 'U9281', 'U7193']",4
U2657,[],0
U2658,"['U205', 'U10247', 'U561']",3
U2659,"['U14604', 'U11287', 'U996', 'U6221', 'U11696']",5
U2660,"['U12435', 'U13556', 'U10632', 'U14531', 'U13601', 'U12945']",6
U2661,"['U11175', 'U10652', 'U1029', 'U2735', 'U6348', 'U7822']",6
U2662,"['U6334', 'U10286', 'U9784', 'U12733', 'U7885']",5
U2663,"['U9573', 'U3312', 'U7198', 'U7923', 'U1006', 'U7236']",6
U2664,"['U9145', 'U13921', 'U11637', 'U4908', 'U4192']",5
U2665,"['U7070', 'U6787']",2
U2666,"['U3085', 'U2217', 'U14912', 'U8289', 'U5929', 'U6124', 'U1263', 'U10618', 'U3586']",9
U2667,"['U8564', 'U12036', 'U670', 'U4343', 'U12000']",5
U2668,"['U13067', 'U7306', 'U1096', 'U172']",4
U2669,"['U8069', 'U10570', 'U4001', 'U12371', 'U8459']",5
U2670,"['U6900', 'U11139', 'U6950', 'U2253', 'U6336']",5
U2671,"['U9015', 'U12257', 'U456', 'U13065', 'U2220', 'U1282', 'U12248']",7
U2672,"['U5812', 'U4013']",2
U2673,"['U6786', 'U8616', 'U2281', 'U4653', 'U1551', 'U13030']",6
U2674,"['U10879', 'U13582', 'U3179']",3
U2675,"['U14651', 'U14941', 'U846', 'U2617', 'U39', 'U8885', 'U2112', 'U8838', 'U3631']",9
U2676,"['U2406', 'U5617', 'U978', 'U11825', 'U459', 'U14737', 'U7894', 'U1025']",8
U2677,"['U11543', 'U7000', 'U6687', 'U6151', 'U10848', 'U4604', 'U5359', 'U13312', 'U3473']",9
U2678,"['U2696', 'U14901', 'U5091', 'U5026', 'U6573', 'U9449']",6
U2679,"['U10677', 'U9473', 'U12433', 'U3346']",4
U2680,"['U14819', 'U4171', 'U5254', 'U9537', 'U9574', 'U6548', 'U13305', 'U2916', 'U1034']",9
U2681,"['U4278', 'U14661', 'U5799', 'U14820']",4
U2682,"['U619', 'U5884', 'U6512']",3
U2683,"['U7987', 'U9701', 'U7767', 'U3867']",4
U2684,"['U5985', 'U5898', 'U459', 'U13813', 'U14529', 'U1759', 'U7815', 'U387']",8
U2685,"['U7310', 'U11993', 'U7867', 'U1307', 'U14947', 'U5177']",6
U2686,"['U10857', 'U1037', 'U14226', 'U3820', 'U11024']",5
U2687,"['U11884', 'U9861', 'U14923', 'U1581']",4
U2688,"['U10095', 'U11532']",2
U2689,"['U1037', 'U10141', 'U5544', 'U9978']",4
U2690,"['U8433', 'U5235', 'U13838', 'U12094', 'U5002', 'U13326', 'U767']",7
U2691,"['U8765', 'U12703', 'U13370', 'U14407', 'U14410', 'U5873', 'U14160']",7
U2692,['U1317'],1
U2693,"['U5508', 'U8830', 'U2656', 'U14907', 'U6455']",5
U2694,"['U13106', 'U2277', 'U8002', 'U11730', 'U1103', 'U11095']",6
U2695,['U2658'],1
U2696,"['U8985', 'U5435', 'U1319', 'U5053']",4
U2697,"['U14765', 'U4463', 'U8118', 'U11304', 'U12666', 'U9342', 'U4719']",7
U2698,"['U3289', 'U5175', 'U8923']",3
U2699,"['U11710', 'U3443', 'U120']",3
U2700,"['U4099', 'U3108', 'U1720', 'U12027', 'U10823', 'U7279']",6
U2701,"['U12322', 'U12671', 'U4914', 'U7823', 'U1669']",5
U2702,['U13975'],1
U2703,"['U1878', 'U8241', 'U14151', 'U14328']",4
U2704,"['U14078', 'U6236', 'U9297', 'U9888', 'U486']",5
U2705,"['U2851', 'U14907']",2
U2706,"['U5761', 'U3643', 'U2575', 'U2850', 'U2923', 'U4840']",6
U2707,['U8369'],1
U2708,"['U10246', 'U3054', 'U7908']",3
U2709,"['U10901', 'U3182', 'U7874']",3
U2710,"['U12294', 'U14131']",2
U2711,"['U8395', 'U2675', 'U7937']",3
U2712,"['U14634', 'U13082', 'U10395', 'U7702', 'U2849', 'U9715']",6
U2713,"['U5315', 'U7337']",2
U2714,"['U1089', 'U4053', 'U11352', 'U7303']",4
U2715,"['U10882', 'U6593', 'U11246']",3
U2716,"['U2393', 'U4412', 'U11103', 'U6270', 'U530']",5
U2717,"['U12441', 'U8762', 'U701', 'U8198']",4
U2718,"['U13265', 'U4135', 'U4899', 'U13722', 'U7793', 'U14633', 'U7204', 'U11497', 'U12861']",9
U2719,"['U14790', 'U8873', 'U13097', 'U9286', 'U7024', 'U10301']",6
U2720,"['U13254', 'U13583', 'U3115', 'U3205']",4
U2721,"['U13899', 'U7155', 'U11617', 'U8777', 'U3168', 'U7513']",6
U2722,"['U6269', 'U6968', 'U455']",3
U2723,"['U10061', 'U14686', 'U10265', 'U8030', 'U13618']",5
U2724,"['U1884', 'U3145', 'U8290', 'U2752']",4
U2725,"['U4494', 'U2997', 'U13651', 'U4839', 'U8753', 'U1541']",6
U2726,"['U14733', 'U13142', 'U9994', 'U12430']",4
U2727,"['U10762', 'U11507', 'U1193', 'U158', 'U1972', 'U8432']",6
U2728,"['U12975', 'U6825']",2
U2729,"['U1503', 'U7621']",2
U2730,"['U5859', 'U10851', 'U9791']",3
U2731,"['U678', 'U12120', 'U9761', 'U13788', 'U4109']",5
U2732,"['U13389', 'U3028', 'U14472', 'U10979']",4
U2733,['U12453'],1
U2734,"['U4190', 'U5358', 'U9346', 'U2324']",4
U2735,['U14256'],1
U2736,"['U4259', 'U9664']",2
U2737,"['U14904', 'U12447', 'U4478', 'U9936', 'U14190', 'U7563']",6
U2738,"['U1275', 'U4491', 'U176']",3
U2739,"['U14092', 'U11426', 'U10649', 'U13038', 'U3616', 'U3404', 'U14837']",7
U2740,"['U13477', 'U5749', 'U29', 'U1978']",4
U2741,"['U14184', 'U3229', 'U12030', 'U4564', 'U13474']",5
U2742,"['U13642', 'U12587', 'U11840', 'U3865', 'U9669']",5
U2743,"['U8137', 'U3502', 'U11283', 'U3787']",4
U2744,"['U2669', 'U10201', 'U10588', 'U12474', 'U14398', 'U2907']",6
U2745,"['U7471', 'U2367', 'U320', 'U865', 'U8304', 'U3522', 'U7449']",7
U2746,"['U8392', 'U219', 'U2790', 'U4738', 'U12748']",5
U2747,"['U6445', 'U11761', 'U7787', 'U4476']",4
U2748,['U1821'],1
U2749,"['U7117', 'U4394']",2
U2750,"['U3753', 'U9385', 'U3737', 'U10072', 'U10005']",5
U2751,"['U3118', 'U8105']",2
U2752,"['U14155', 'U1414', 'U826', 'U9859']",4
U2753,"['U4457', 'U7399', 'U11716', 'U4580', 'U2051', 'U13722', 'U1894', 'U14513']",8
U2754,"['U6338', 'U13818', 'U6532', 'U2211', 'U9495']",5
U2755,"['U7728', 'U10196', 'U12839', 'U1696', 'U13556', 'U6115']",6
U2756,"['U9866', 'U11334', 'U1896', 'U5504']",4
U2757,"['U9085', 'U14960', 'U14133', 'U1460', 'U4353', 'U9027']",6
U2758,"['U9220', 'U11120', 'U1753', 'U6186', 'U10271', 'U12701', 'U5197']",7
U2759,"['U13076', 'U14077', 'U12003', 'U407', 'U870']",5
U2760,"['U4439', 'U5122', 'U2512', 'U9015']",4
U2761,"['U13620', 'U2653']",2
U2762,"['U5730', 'U8369', 'U2434']",3
U2763,"['U9201', 'U4918']",2
U2764,"['U9120', 'U10125', 'U9654', 'U1325', 'U3940', 'U12809']",6
U2765,"['U3306', 'U5057', 'U4151', 'U13953', 'U13163', 'U9173']",6
U2766,"['U3313', 'U11710']",2
U2767,"['U13511', 'U9050', 'U4840', 'U11241']",4
U2768,"['U3224', 'U12858', 'U4740', 'U1249', 'U2269']",5
U2769,"['U9222', 'U177', 'U6800', 'U14156']",4
U2770,"['U2092', 'U10224', 'U7810', 'U3370', 'U14155', 'U2227', 'U13692']",7
U2771,"['U2865', 'U6965', 'U7528', 'U5047']",4
U2772,"['U10293', 'U12328', 'U9196', 'U6172']",4
U2773,"['U2062', 'U9043', 'U10258', 'U7648', 'U4042', 'U14613', 'U11782']",7
U2774,"['U12650', 'U4074', 'U6254', 'U9082', 'U5370']",5
U2775,[],0
U2776,"['U12577', 'U7658', 'U4579', 'U5986', 'U8926', 'U12564', 'U6443']",7
U2777,"['U1083', 'U1151', 'U13564', 'U1428']",4
U2778,"['U10477', 'U11778', 'U10042']",3
U2779,"['U2731', 'U12964', 'U12367', 'U1046', 'U10271', 'U1617', 'U3256']",7
U2780,"['U13822', 'U592', 'U3527']",3
U2781,"['U10870', 'U8858', 'U11761', 'U7361', 'U7063']",5
U2782,"['U14425', 'U9715', 'U4408', 'U13760', 'U2529']",5
U2783,"['U1193', 'U14406', 'U4081', 'U14938', 'U8102', 'U4205', 'U14255']",7
U2784,"['U8905', 'U4183', 'U12884', 'U3291']",4
U2785,"['U9654', 'U11493', 'U8427', 'U6626', 'U6211']",5
U2786,"['U14191', 'U8169', 'U9598', 'U8327', 'U6080']",5
U2787,"['U7061', 'U3110', 'U10871', 'U772']",4
U2788,"['U2406', 'U10064', 'U9679', 'U7564', 'U9614', 'U1888', 'U9309', 'U13913', 'U13807', 'U14245', 'U8746']",11
U2789,"['U270', 'U9583', 'U5123']",3
U2790,['U8070'],1
U2791,"['U13117', 'U5192', 'U6338', 'U3177', 'U8190', 'U12152', 'U653', 'U6035', 'U5365']",9
U2792,"['U13365', 'U3202', 'U8479', 'U4706', 'U8105', 'U11893']",6
U2793,"['U12216', 'U14120', 'U12086', 'U2445']",4
U2794,"['U10447', 'U8355', 'U9101', 'U10781', 'U13047', 'U515']",6
U2795,"['U9490', 'U10947', 'U3617', 'U2565']",4
U2796,['U9441'],1
U2797,"['U12142', 'U3421', 'U13661', 'U7250', 'U169', 'U3425', 'U12490']",7
U2798,"['U1736', 'U6897', 'U5167', 'U3636']",4
U2799,"['U5742', 'U3511', 'U13930', 'U9410', 'U1000']",5
U2800,"['U14957', 'U14779', 'U8367', 'U2002', 'U11242', 'U4618', 'U2321', 'U14358', 'U13083', 'U434']",10
U2801,"['U3339', 'U1308', 'U3307', 'U7983', 'U7512']",5
U2802,"['U2164', 'U1252']",2
U2803,"['U3015', 'U8044']",2
U2804,"['U14308', 'U6059', 'U4955', 'U13644', 'U11842', 'U13559', 'U221', 'U11871', 'U6205']",9
U2805,"['U7387', 'U3024', 'U5242', 'U9638', 'U10302']",5
U2806,"['U14319', 'U14055', 'U14820', 'U2112']",4
U2807,"['U6348', 'U455', 'U14667', 'U3422', 'U1101', 'U14666', 'U871']",7
U2808,['U12843'],1
U2809,"['U2729', 'U5179', 'U5814', 'U7326', 'U1989']",5
U2810,"['U11734', 'U9732', 'U9953', 'U6576', 'U12632', 'U1001']",6
U2811,"['U13576', 'U2001', 'U1835', 'U14303', 'U14924', 'U9196', 'U1026']",7
U2812,['U14948'],1
U2813,"['U6797', 'U3926', 'U171', 'U7848']",4
U2814,"['U2720', 'U9792']",2
U2815,"['U5608', 'U11968']",2
U2816,"['U13615', 'U994', 'U5522', 'U7064', 'U14509', 'U1708', 'U14837']",7
U2817,"['U5117', 'U5549', 'U11224', 'U6298', 'U721', 'U5079', 'U5701', 'U8255']",8
U2818,"['U11350', 'U12811', 'U10934', 'U4335', 'U3332', 'U9484', 'U1148']",7
U2819,"['U12523', 'U7396', 'U1989', 'U5907', 'U360', 'U1350']",6
U2820,"['U12466', 'U2334', 'U11810', 'U12522', 'U4473', 'U4449']",6
U2821,"['U7059', 'U7767', 'U203', 'U9964', 'U1322', 'U6750', 'U2244']",7
U2822,"['U3716', 'U12436', 'U1563', 'U7355', 'U12765', 'U1727', 'U711', 'U8007', 'U3332']",9
U2823,['U5809'],1
U2824,"['U8290', 'U6233', 'U10584', 'U6905', 'U9302', 'U10307']",6
U2825,"['U10893', 'U14872', 'U14791', 'U9064', 'U11932', 'U12047']",6
U2826,"['U2650', 'U10811', 'U1159', 'U5736', 'U11346', 'U9565']",6
U2827,"['U9790', 'U6406', 'U7223', 'U10781']",4
U2828,"['U4665', 'U12370']",2
U2829,"['U2429', 'U2434', 'U4768', 'U9013']",4
U2830,"['U13610', 'U2767', 'U724', 'U6698', 'U14830', 'U14290', 'U2654', 'U11101']",8
U2831,"['U3104', 'U9285', 'U6576']",3
U2832,"['U6425', 'U10712', 'U7243', 'U6249']",4
U2833,"['U7229', 'U8109', 'U387']",3
U2834,"['U8373', 'U5627', 'U4444', 'U8182', 'U5972', 'U9787']",6
U2835,"['U11432', 'U6208', 'U1042', 'U2848', 'U993']",5
U2836,"['U9679', 'U2522', 'U6108']",3
U2837,"['U2153', 'U8948', 'U14170']",3
U2838,"['U5288', 'U3930', 'U2309', 'U7469']",4
U2839,"['U14293', 'U3832', 'U10672', 'U4287', 'U631']",5
U2840,"['U9090', 'U14025']",2
U2841,"['U9124', 'U1251']",2
U2842,"['U110', 'U4633', 'U2728', 'U2683']",4
U2843,"['U13537', 'U14119', 'U3244', 'U215', 'U10099']",5
U2844,"['U6329', 'U10932', 'U298', 'U11153']",4
U2845,"['U7469', 'U900', 'U8398', 'U9997', 'U11045']",5
U2846,"['U8926', 'U3399', 'U6959', 'U5726', 'U3942', 'U14079']",6
U2847,"['U11012', 'U13745', 'U14122', 'U1416', 'U884']",5
U2848,"['U9515', 'U1885', 'U11244', 'U7656', 'U834', 'U8747', 'U5931']",7
U2849,"['U2134', 'U12568']",2
U2850,"['U1398', 'U4412', 'U4305']",3
U2851,"['U5752', 'U10119', 'U4385']",3
U2852,"['U9155', 'U8206', 'U9113', 'U4755']",4
U2853,"['U6559', 'U7391', 'U14929', 'U12021', 'U10352', 'U6056', 'U10242']",7
U2854,"['U5575', 'U6415', 'U2665', 'U1411']",4
U2855,"['U3711', 'U5622', 'U3700', 'U11783', 'U3748']",5
U2856,"['U13716', 'U14175', 'U12593']",3
U2857,"['U13448', 'U12013', 'U7237']",3
U2858,"['U6075', 'U8428', 'U11166', 'U5344']",4
U2859,['U4275'],1
U2860,"['U6137', 'U4711', 'U14367']",3
U2861,"['U4860', 'U9464', 'U4076', 'U3991', 'U1421']",5
U2862,"['U935', 'U5330', 'U1053', 'U12270']",4
U2863,"['U14706', 'U9237', 'U225', 'U2456', 'U11720', 'U5005', 'U14933', 'U7493']",8
U2864,"['U12822', 'U5805', 'U742', 'U12847', 'U5227', 'U10626', 'U8927']",7
U2865,"['U2484', 'U11349', 'U408', 'U9779', 'U10455', 'U1396', 'U14537', 'U1872', 'U893']",9
U2866,"['U7641', 'U2915']",2
U2867,"['U5420', 'U14832', 'U7349', 'U5277', 'U12076']",5
U2868,"['U13952', 'U12107', 'U11043', 'U465', 'U519']",5
U2869,"['U8070', 'U11903', 'U719', 'U12689']",4
U2870,"['U94', 'U6039', 'U323']",3
U2871,"['U6357', 'U5388', 'U11188', 'U11989']",4
U2872,"['U9604', 'U8038', 'U3232', 'U12612']",4
U2873,"['U2997', 'U10536', 'U13563', 'U10223', 'U13003', 'U2790']",6
U2874,[],0
U2875,"['U6865', 'U6469']",2
U2876,"['U1292', 'U2084', 'U6184', 'U8125']",4
U2877,"['U9251', 'U6394', 'U7501', 'U13471', 'U927', 'U10236', 'U10883']",7
U2878,"['U4433', 'U4005', 'U11078', 'U7689', 'U2934', 'U449', 'U7255', 'U10035']",8
U2879,"['U742', 'U4559', 'U5190']",3
U2880,"['U14176', 'U12961']",2
U2881,"['U13754', 'U9018', 'U4546']",3
U2882,"['U13810', 'U1013', 'U4395', 'U8316']",4
U2883,"['U3320', 'U13228']",2
U2884,"['U12228', 'U1920', 'U5331', 'U14906']",4
U2885,"['U13620', 'U3382']",2
U2886,"['U9943', 'U7344', 'U10557', 'U14947']",4
U2887,"['U6482', 'U11365', 'U106', 'U2846']",4
U2888,"['U2750', 'U9039', 'U5820', 'U9013', 'U14053', 'U4168', 'U5929', 'U5588']",8
U2889,"['U10130', 'U8454', 'U11214', 'U2646']",4
U2890,"['U10811', 'U9904', 'U379']",3
U2891,"['U13482', 'U9848', 'U14319', 'U4490']",4
U2892,"['U1998', 'U13800', 'U7936', 'U9168', 'U13569']",5
U2893,"['U12760', 'U7529', 'U7747', 'U4579', 'U1270']",5
U2894,"['U11346', 'U4154', 'U14011', 'U567', 'U10', 'U13374', 'U1514']",7
U2895,"['U5878', 'U710', 'U832', 'U6477', 'U10381', 'U10191', 'U5727', 'U486']",8
U2896,"['U4249', 'U10224', 'U4829', 'U4042', 'U1832']",5
U2897,"['U300', 'U4705', 'U14640', 'U12303']",4
U2898,"['U10766', 'U9745', 'U2196', 'U13055', 'U3848', 'U10437']",6
U2899,"['U11060', 'U227']",2
U2900,"['U9367', 'U2225', 'U14928', 'U12892', 'U230', 'U14857', 'U6097', 'U14960']",8
U2901,"['U9573', 'U11428', 'U13885', 'U5953', 'U10740', 'U1463', 'U10577', 'U2137', 'U12028']",9
U2902,"['U8080', 'U3772', 'U10730', 'U3998', 'U8248', 'U2196']",6
U2903,"['U8670', 'U10144']",2
U2904,"['U7213', 'U14427']",2
U2905,"['U1468', 'U2169', 'U8245', 'U4702']",4
U2906,"['U2797', 'U9497', 'U9802', 'U8859']",4
U2907,"['U11449', 'U1265', 'U5802', 'U4450', 'U6666']",5
U2908,"['U536', 'U12653', 'U1206', 'U4919', 'U12409', 'U9201']",6
U2909,"['U5990', 'U9915', 'U13412', 'U12169', 'U6314', 'U6690', 'U8628']",7
U2910,"['U12592', 'U8135', 'U9736']",3
U2911,"['U4825', 'U6294', 'U13541', 'U9913', 'U8253', 'U10220']",6
U2912,"['U8078', 'U3049']",2
U2913,"['U14634', 'U7364', 'U6005', 'U1106', 'U4698', 'U6691', 'U11876']",7
U2914,"['U2837', 'U9876']",2
U2915,"['U2911', 'U14126', 'U11371', 'U2301', 'U9652', 'U3574', 'U8953']",7
U2916,"['U7962', 'U1515', 'U12255', 'U10692', 'U14934', 'U8828']",6
U2917,"['U3519', 'U2507', 'U9220', 'U2770', 'U14530', 'U5691', 'U13454', 'U5890', 'U8845', 'U10736', 'U8498']",11
U2918,"['U4606', 'U4059', 'U13825', 'U7896', 'U7622']",5
U2919,"['U7281', 'U10534']",2
U2920,"['U14306', 'U2434', 'U7515', 'U6380']",4
U2921,"['U14103', 'U9982', 'U7693', 'U10771']",4
U2922,"['U9980', 'U7244', 'U3984', 'U10619']",4
U2923,[],0
U2924,"['U10188', 'U2356']",2
U2925,"['U11833', 'U3367', 'U4089', 'U11345', 'U6821', 'U4518', 'U13949']",7
U2926,"['U5092', 'U8651', 'U10902', 'U7650', 'U960']",5
U2927,"['U5838', 'U1212']",2
U2928,"['U11236', 'U12276', 'U11468', 'U3418', 'U6853', 'U3456', 'U8439']",7
U2929,"['U1046', 'U583', 'U11830', 'U4639', 'U10654']",5
U2930,"['U11687', 'U2843', 'U1142', 'U12693']",4
U2931,"['U5921', 'U13981', 'U13016', 'U698', 'U2752', 'U3963', 'U6545', 'U4633']",8
U2932,"['U795', 'U876', 'U14860']",3
U2933,"['U13950', 'U3226', 'U10024', 'U3163', 'U2452']",5
U2934,"['U3193', 'U1625', 'U6812', 'U1932']",4
U2935,"['U12146', 'U8221', 'U11001', 'U1897']",4
U2936,"['U11438', 'U6369', 'U5934', 'U1674', 'U4366', 'U9762', 'U589', 'U804', 'U2226', 'U8864']",10
U2937,"['U11754', 'U3960', 'U3146', 'U12558', 'U11860', 'U14889', 'U8100', 'U8815']",8
U2938,"['U3863', 'U450', 'U1536', 'U5241', 'U11754', 'U8455', 'U10848']",7
U2939,"['U4381', 'U13568', 'U14422', 'U6942', 'U6728', 'U12059', 'U2662', 'U1022', 'U10800', 'U4362']",10
U2940,"['U7950', 'U12058', 'U4562']",3
U2941,"['U14608', 'U9808', 'U6228', 'U6566']",4
U2942,"['U35', 'U4218', 'U14320', 'U1631', 'U13353', 'U8526']",6
U2943,[],0
U2944,"['U7765', 'U294', 'U9770', 'U3181', 'U7013', 'U4866', 'U6058']",7
U2945,"['U3625', 'U13552', 'U11191', 'U11415']",4
U2946,"['U11731', 'U2063']",2
U2947,['U12288'],1
U2948,"['U734', 'U4866', 'U11975', 'U11573', 'U8355', 'U5475', 'U10610', 'U10733']",8
U2949,"['U2363', 'U8430', 'U3666', 'U7938', 'U5647']",5
U2950,"['U9295', 'U6587', 'U8035']",3
U2951,"['U4778', 'U1889', 'U7968']",3
U2952,"['U12891', 'U4107']",2
U2953,"['U1361', 'U1222', 'U3384', 'U11258']",4
U2954,"['U3289', 'U3931', 'U13392', 'U9314', 'U8191', 'U1681']",6
U2955,"['U6763', 'U3222', 'U8154', 'U4034', 'U13464']",5
U2956,"['U7080', 'U9173', 'U3866', 'U11977', 'U4190']",5
U2957,"['U6748', 'U9264', 'U1427', 'U12479', 'U8579', 'U12596', 'U12508', 'U12452', 'U7704']",9
U2958,"['U13055', 'U1358', 'U8743', 'U6985']",4
U2959,"['U5773', 'U7651', 'U7580', 'U3191', 'U4102', 'U10748', 'U286']",7
U2960,"['U12102', 'U4991', 'U11140', 'U8530']",4
U2961,"['U4924', 'U13418', 'U692', 'U5657', 'U12040', 'U7108']",6
U2962,"['U1366', 'U2683', 'U2124', 'U368', 'U9823', 'U8632', 'U2748', 'U12162', 'U11958', 'U6387']",10
U2963,"['U13568', 'U13554', 'U10376', 'U3221']",4
U2964,"['U9813', 'U5375', 'U11868']",3
U2965,"['U3611', 'U2184', 'U209', 'U13921', 'U14444']",5
U2966,"['U4524', 'U7345', 'U2546', 'U9540', 'U1803', 'U2694', 'U3508', 'U9421']",8
U2967,"['U7984', 'U14817', 'U5441', 'U1481']",4
U2968,['U12254'],1
U2969,"['U5552', 'U1616', 'U2709', 'U13313', 'U693']",5
U2970,"['U10288', 'U9451', 'U1125', 'U1421', 'U14995', 'U11814']",6
U2971,"['U11856', 'U14063', 'U1091', 'U14819', 'U12385', 'U1874', 'U133', 'U11523']",8
U2972,"['U1423', 'U9300', 'U11357', 'U10550', 'U5724', 'U7454']",6
U2973,"['U10975', 'U2401', 'U1799', 'U12890']",4
U2974,"['U13216', 'U5196', 'U13718']",3
U2975,"['U5085', 'U9900', 'U9814']",3
U2976,"['U6172', 'U3782', 'U2939', 'U6774']",4
U2977,"['U11475', 'U1535', 'U991']",3
U2978,"['U1388', 'U5295', 'U12036']",3
U2979,"['U3084', 'U6933', 'U14339', 'U13740', 'U344']",5
U2980,"['U4130', 'U368', 'U5777', 'U13072']",4
U2981,"['U10440', 'U3112', 'U13187']",3
U2982,"['U13138', 'U21', 'U11401', 'U4347', 'U8579']",5
U2983,"['U11806', 'U10418']",2
U2984,['U2310'],1
U2985,"['U6224', 'U13672', 'U4790']",3
U2986,"['U6710', 'U13241', 'U8056', 'U1156']",4
U2987,"['U1109', 'U4231', 'U2125', 'U3878', 'U221']",5
U2988,"['U13634', 'U10807', 'U8856', 'U6135', 'U11607', 'U2119']",6
U2989,"['U14833', 'U923', 'U11596']",3
U2990,"['U128', 'U4257', 'U1360', 'U7229', 'U6432']",5
U2991,"['U1327', 'U11695', 'U10076', 'U12116', 'U768', 'U14600', 'U7730']",7
U2992,"['U9858', 'U13079', 'U5594', 'U10331', 'U5998', 'U4526', 'U925']",7
U2993,"['U4481', 'U3937', 'U3982', 'U8257', 'U7739']",5
U2994,"['U6748', 'U13661', 'U6848', 'U4176']",4
U2995,['U11749'],1
U2996,"['U5520', 'U5092', 'U12774', 'U12065']",4
U2997,"['U302', 'U10700', 'U556']",3
U2998,"['U3760', 'U11387', 'U13939', 'U2723', 'U5286', 'U4757', 'U13228', 'U10486', 'U4780', 'U12573']",10
U2999,[],0
U3000,"['U234', 'U2669', 'U8443']",3
U3001,"['U8244', 'U10896', 'U14398', 'U10889', 'U7922', 'U10808', 'U12312']",7
U3002,"['U4436', 'U9889', 'U6213', 'U8710', 'U8391', 'U2207']",6
U3003,['U807'],1
U3004,"['U132', 'U7456', 'U10079']",3
U3005,"['U8066', 'U6726', 'U8348', 'U5962', 'U6819', 'U12019', 'U5454', 'U13395']",8
U3006,"['U145', 'U4946', 'U3889', 'U1381', 'U3151', 'U7373', 'U8409', 'U11253']",8
U3007,"['U11929', 'U14611', 'U2988', 'U54', 'U3563']",5
U3008,"['U4848', 'U5917', 'U9480', 'U4322']",4
U3009,"['U2452', 'U10386', 'U7512', 'U5016', 'U5374', 'U11161', 'U11212']",7
U3010,"['U1636', 'U4899', 'U8115', 'U13913', 'U11351', 'U14176']",6
U3011,"['U12053', 'U5043', 'U2998', 'U5765']",4
U3012,"['U10753', 'U2371', 'U8128', 'U8539', 'U6498', 'U11666', 'U10065', 'U2835', 'U14852', 'U3602']",10
U3013,"['U6761', 'U8283', 'U5302', 'U6664', 'U6806', 'U8880']",6
U3014,"['U3447', 'U8077', 'U6867', 'U9514', 'U5660', 'U6469']",6
U3015,"['U10084', 'U14480', 'U11974', 'U13627', 'U6096', 'U10752']",6
U3016,"['U3626', 'U9332', 'U11607', 'U11551', 'U2192']",5
U3017,"['U371', 'U5189', 'U2042', 'U5878', 'U13675', 'U12368', 'U8273', 'U3655', 'U971', 'U1243']",10
U3018,"['U785', 'U7444', 'U8047', 'U1726', 'U4441', 'U3385', 'U5606', 'U3061']",8
U3019,"['U2462', 'U5114']",2
U3020,"['U3288', 'U1371', 'U3089', 'U4353', 'U13145', 'U4573']",6
U3021,"['U4335', 'U14667']",2
U3022,"['U13022', 'U6341', 'U7350', 'U9022', 'U5123']",5
U3023,"['U14482', 'U2206', 'U10180', 'U3415']",4
U3024,"['U1089', 'U14755', 'U1221', 'U12780', 'U1365', 'U301']",6
U3025,"['U11986', 'U10913', 'U1127', 'U3573', 'U11997', 'U1841', 'U3919']",7
U3026,['U14629'],1
U3027,"['U11162', 'U13843', 'U6857', 'U3135', 'U10763', 'U3566']",6
U3028,"['U5367', 'U6205', 'U10050', 'U7931']",4
U3029,"['U13688', 'U2580', 'U8548']",3
U3030,"['U7164', 'U4031']",2
U3031,"['U3743', 'U764', 'U8891', 'U13713']",4
U3032,"['U13229', 'U11347', 'U8605', 'U9727']",4
U3033,"['U5393', 'U3005', 'U7347', 'U4618', 'U2788', 'U4188', 'U7078']",7
U3034,"['U6212', 'U11221', 'U11869', 'U11029', 'U13463', 'U13890']",6
U3035,"['U13422', 'U2444', 'U1806']",3
U3036,"['U12060', 'U11197', 'U11841', 'U298', 'U6435', 'U13668']",6
U3037,"['U1891', 'U4778']",2
U3038,"['U4170', 'U510', 'U12223', 'U3538', 'U4651']",5
U3039,"['U3437', 'U3984', 'U7536', 'U1189']",4
U3040,"['U4046', 'U10441', 'U572', 'U2177', 'U8989', 'U7067', 'U12752']",7
U3041,"['U7214', 'U9464', 'U7077', 'U13929']",4
U3042,"['U10668', 'U6133', 'U4059', 'U410', 'U11377', 'U9327', 'U9899', 'U14998']",8
U3043,"['U6376', 'U369', 'U954', 'U14938', 'U9789']",5
U3044,"['U11348', 'U10791', 'U4525']",3
U3045,"['U916', 'U10099', 'U11081', 'U13615', 'U10211']",5
U3046,['U8175'],1
U3047,"['U13286', 'U604', 'U7052', 'U5084', 'U3139', 'U100']",6
U3048,"['U2656', 'U913', 'U28', 'U600', 'U8753', 'U7051']",6
U3049,"['U8298', 'U2133', 'U6523', 'U2485', 'U2084', 'U8965', 'U11985', 'U11728', 'U1408']",9
U3050,"['U6856', 'U12476', 'U6496', 'U13301']",4
U3051,"['U124', 'U13513', 'U3165', 'U3417']",4
U3052,"['U14061', 'U6933', 'U9876', 'U422', 'U6575']",5
U3053,"['U9676', 'U7343', 'U12568', 'U11293']",4
U3054,"['U10791', 'U1574', 'U10264', 'U845', 'U6015', 'U12406']",6
U3055,"['U3172', 'U1664', 'U6129', 'U6213', 'U3425', 'U508', 'U719']",7
U3056,"['U1329', 'U10628', 'U1288', 'U5073']",4
U3057,"['U4168', 'U712', 'U6820', 'U171', 'U3092']",5
U3058,"['U4772', 'U2837', 'U13647', 'U2290']",4
U3059,"['U14327', 'U8735', 'U13468', 'U2396', 'U13016', 'U3333', 'U415', 'U9628']",8
U3060,"['U1121', 'U14707', 'U13654', 'U1979', 'U3355']",5
U3061,"['U12875', 'U2622', 'U9324', 'U4705', 'U10735', 'U9426']",6
U3062,"['U1951', 'U8145', 'U9936', 'U7704', 'U10438', 'U2932', 'U14966']",7
U3063,"['U14846', 'U12841', 'U7081']",3
U3064,"['U1897', 'U11137', 'U13970', 'U5259', 'U9108']",5
U3065,"['U13350', 'U9676', 'U2447', 'U10907', 'U12907', 'U7330', 'U9372', 'U1933']",8
U3066,"['U12446', 'U14784', 'U3651', 'U1208']",4
U3067,"['U14510', 'U6248', 'U596', 'U9838', 'U384', 'U9963']",6
U3068,"['U3104', 'U4775', 'U6517', 'U8714']",4
U3069,"['U12922', 'U625', 'U14286', 'U4787', 'U5812', 'U7049']",6
U3070,"['U3313', 'U938']",2
U3071,"['U11006', 'U5335', 'U6506', 'U2194']",4
U3072,"['U31', 'U13308', 'U6543', 'U3561', 'U7210', 'U3587', 'U8135']",7
U3073,"['U14426', 'U5568', 'U8750']",3
U3074,"['U1229', 'U8552']",2
U3075,"['U4419', 'U12671', 'U14187']",3
U3076,"['U14379', 'U5754', 'U6986', 'U1722', 'U3043', 'U12149']",6
U3077,"['U10646', 'U14236', 'U2468', 'U12772']",4
U3078,"['U8542', 'U11244', 'U5143', 'U5232', 'U11720', 'U1598']",6
U3079,"['U10624', 'U8901', 'U6082']",3
U3080,"['U6486', 'U12656', 'U10210', 'U6490', 'U12513', 'U2810', 'U1502']",7
U3081,"['U8403', 'U8186', 'U5577', 'U2364', 'U5203', 'U8300', 'U1197']",7
U3082,"['U417', 'U7637', 'U11381']",3
U3083,"['U12793', 'U3958', 'U14590', 'U6369', 'U13968', 'U12208', 'U8997']",7
U3084,"['U10979', 'U8593']",2
U3085,"['U9453', 'U10531', 'U12728', 'U7373']",4
U3086,"['U11117', 'U9952', 'U11830', 'U12132']",4
U3087,"['U5332', 'U6741', 'U10103']",3
U3088,"['U10652', 'U12088', 'U11586', 'U993', 'U11840', 'U11259']",6
U3089,"['U110', 'U12029', 'U9527', 'U9427']",4
U3090,"['U14391', 'U5633', 'U526', 'U2922']",4
U3091,"['U3462', 'U4920', 'U11130']",3
U3092,"['U10670', 'U9290', 'U9881', 'U3895', 'U13597']",5
U3093,"['U7936', 'U2529', 'U7887']",3
U3094,"['U3942', 'U5473', 'U3967', 'U2939']",4
U3095,"['U14692', 'U4693', 'U4584', 'U13731', 'U3504', 'U845', 'U10067', 'U8627']",8
U3096,"['U9953', 'U8436', 'U14807']",3
U3097,"['U9972', 'U9793', 'U990']",3
U3098,"['U9262', 'U13724', 'U8773', 'U11367', 'U11560']",5
U3099,"['U10711', 'U3783', 'U10216', 'U7530', 'U6564']",5
U3100,"['U7448', 'U14401', 'U9447']",3
U3101,"['U959', 'U10749', 'U11220']",3
U3102,"['U2090', 'U6029']",2
U3103,"['U3160', 'U9624', 'U13851', 'U14172', 'U7156', 'U5417']",6
U3104,"['U395', 'U10351', 'U10398', 'U12139', 'U14773']",5
U3105,"['U1381', 'U14954', 'U1293', 'U12954', 'U9793', 'U13653', 'U6527']",7
U3106,"['U8596', 'U14866', 'U12707', 'U10312', 'U1438', 'U6596', 'U4194', 'U4993', 'U8558', 'U4438']",10
U3107,"['U6726', 'U3945', 'U8202', 'U8156', 'U1162', 'U1361', 'U878', 'U6569', 'U6530']",9
U3108,"['U9026', 'U609', 'U12163', 'U3329', 'U4963', 'U8800', 'U12428']",7
U3109,"['U8200', 'U12405', 'U5684', 'U1573']",4
U3110,"['U10562', 'U8194', 'U11573', 'U10701', 'U14554', 'U3935']",6
U3111,"['U7246', 'U909', 'U1157', 'U553']",4
U3112,"['U7959', 'U12368']",2
U3113,"['U12929', 'U4017', 'U10672']",3
U3114,"['U3637', 'U6550', 'U8794']",3
U3115,"['U6119', 'U4031', 'U11435', 'U8769']",4
U3116,"['U5755', 'U2502', 'U153', 'U14321', 'U7147']",5
U3117,"['U11884', 'U12990', 'U7151', 'U9219', 'U6319']",5
U3118,"['U2323', 'U9628', 'U112', 'U14317']",4
U3119,"['U9223', 'U264', 'U7454']",3
U3120,"['U2999', 'U6616', 'U1191', 'U7764', 'U7347', 'U14605', 'U5352', 'U3959']",8
U3121,"['U12597', 'U8298', 'U8458', 'U5733']",4
U3122,"['U10711', 'U14658', 'U12589', 'U5241', 'U12161', 'U10688', 'U10545', 'U1373']",8
U3123,['U5857'],1
U3124,"['U11955', 'U13493', 'U215']",3
U3125,"['U13235', 'U12750', 'U8250', 'U9314', 'U14680', 'U10658']",6
U3126,"['U10144', 'U9758', 'U3815', 'U655', 'U13687', 'U6677', 'U1737', 'U5389', 'U9078']",9
U3127,"['U9899', 'U6438', 'U9664', 'U980', 'U7299']",5
U3128,"['U11103', 'U13178']",2
U3129,"['U8860', 'U14382', 'U1808', 'U6212', 'U11159', 'U395', 'U14528', 'U10729', 'U13585']",9
U3130,"['U6430', 'U5259', 'U14747', 'U1227', 'U3498', 'U5272']",6
U3131,"['U936', 'U8859', 'U8203']",3
U3132,"['U13096', 'U12719', 'U10428']",3
U3133,"['U11890', 'U13624', 'U1900', 'U1018']",4
U3134,"['U6255', 'U8994']",2
U3135,"['U11754', 'U14033', 'U3179', 'U3968', 'U9677', 'U1888']",6
U3136,['U9299'],1
U3137,"['U7885', 'U3647', 'U4857', 'U14596', 'U722', 'U3348']",6
U3138,"['U11762', 'U186', 'U12202', 'U11633', 'U1769']",5
U3139,"['U13241', 'U2774', 'U6824', 'U8647']",4
U3140,"['U13426', 'U11378', 'U2790', 'U6621', 'U627', 'U3309']",6
U3141,['U12816'],1
U3142,"['U14259', 'U6349', 'U6226', 'U1276', 'U2672']",5
U3143,"['U10399', 'U10166', 'U1182', 'U7501']",4
U3144,"['U10', 'U7229', 'U10553', 'U7761', 'U4778']",5
U3145,['U12017'],1
U3146,"['U3815', 'U11570', 'U10603', 'U14830', 'U14273']",5
U3147,"['U13645', 'U13569', 'U12874', 'U1609', 'U14671', 'U1282', 'U8585', 'U12174', 'U8757']",9
U3148,"['U3804', 'U14464', 'U3714', 'U7959']",4
U3149,"['U9945', 'U1400', 'U12108', 'U6994', 'U2508']",5
U3150,"['U12566', 'U11384', 'U5749', 'U4823', 'U11455']",5
U3151,"['U5424', 'U167', 'U2979', 'U10536']",4
U3152,"['U2623', 'U4778', 'U10600', 'U2667', 'U3761']",5
U3153,"['U9455', 'U12136', 'U7199', 'U9971', 'U12430']",5
U3154,"['U8824', 'U1109', 'U4232', 'U10483', 'U5486', 'U7907']",6
U3155,"['U2222', 'U7467', 'U4263', 'U12777']",4
U3156,"['U1899', 'U438', 'U3147', 'U11529']",4
U3157,"['U2711', 'U2037', 'U4880', 'U3666', 'U1560', 'U7123']",6
U3158,"['U9903', 'U6318']",2
U3159,"['U11006', 'U3569', 'U3244', 'U12212']",4
U3160,"['U7395', 'U4762']",2
U3161,"['U14139', 'U13300', 'U4710', 'U5888', 'U10769', 'U6102']",6
U3162,"['U1582', 'U12566', 'U3229', 'U3062', 'U5960', 'U4116']",6
U3163,"['U10465', 'U2397', 'U584', 'U10952', 'U9206', 'U8143']",6
U3164,"['U3822', 'U13290', 'U6620', 'U4112', 'U12577', 'U7553', 'U6076']",7
U3165,"['U8031', 'U859', 'U4638']",3
U3166,"['U12177', 'U9877', 'U12283', 'U1136', 'U12899', 'U4824', 'U2211']",7
U3167,"['U2859', 'U12174', 'U6244']",3
U3168,"['U9515', 'U9932', 'U14670', 'U4179']",4
U3169,"['U2011', 'U10205', 'U14796', 'U5606', 'U13491']",5
U3170,"['U13316', 'U7114', 'U10195', 'U1293']",4
U3171,"['U12431', 'U3699', 'U12045']",3
U3172,['U7996'],1
U3173,"['U4068', 'U6880', 'U5003']",3
U3174,"['U14399', 'U1850', 'U10819']",3
U3175,"['U11539', 'U11936', 'U7846', 'U2823', 'U12856', 'U3024']",6
U3176,"['U1600', 'U1612', 'U7696', 'U8251']",4
U3177,"['U13603', 'U12374', 'U2347', 'U3871', 'U3880', 'U13729', 'U314', 'U6178']",8
U3178,"['U5976', 'U6436', 'U121', 'U14956']",4
U3179,"['U12947', 'U14847']",2
U3180,"['U1609', 'U7297', 'U8946', 'U11403', 'U409']",5
U3181,"['U7042', 'U11184', 'U5711', 'U3883', 'U7964', 'U7726', 'U5238']",7
U3182,"['U1394', 'U9050', 'U13478']",3
U3183,"['U246', 'U7730', 'U11249', 'U10574']",4
U3184,"['U3585', 'U1274', 'U4469', 'U5019']",4
U3185,"['U3883', 'U5366', 'U974', 'U1900', 'U12268', 'U8407', 'U5166', 'U8995']",8
U3186,"['U14361', 'U731', 'U10796']",3
U3187,"['U12064', 'U334', 'U14145', 'U4380']",4
U3188,"['U6968', 'U12278', 'U9964', 'U11268']",4
U3189,"['U5506', 'U6257', 'U190']",3
U3190,"['U11655', 'U1225', 'U14703']",3
U3191,"['U6993', 'U5020', 'U1283', 'U9185', 'U5643', 'U7059', 'U7993', 'U5150']",8
U3192,"['U4545', 'U4576', 'U12207', 'U5487', 'U14970', 'U5603']",6
U3193,"['U7868', 'U9618', 'U2149']",3
U3194,"['U10458', 'U13633', 'U11409', 'U2179', 'U7635']",5
U3195,"['U7858', 'U14004', 'U13055']",3
U3196,"['U6700', 'U2874', 'U615', 'U7510', 'U8791']",5
U3197,['U3681'],1
U3198,"['U3011', 'U5661', 'U2197', 'U3067', 'U8835', 'U9804', 'U9689', 'U4518']",8
U3199,"['U8419', 'U11973', 'U4627', 'U14097', 'U11451', 'U5180']",6
U3200,"['U4684', 'U13832', 'U8760']",3
U3201,"['U5692', 'U5976', 'U14490']",3
U3202,"['U3710', 'U11022', 'U10372']",3
U3203,"['U8837', 'U6644', 'U3795', 'U4569', 'U13936', 'U1376', 'U4235']",7
U3204,['U8232'],1
U3205,"['U1401', 'U583', 'U2988', 'U12875', 'U10582', 'U7461', 'U5160', 'U3796']",8
U3206,"['U7575', 'U9897']",2
U3207,"['U11420', 'U14453', 'U4129', 'U10624', 'U2553', 'U6933', 'U1726']",7
U3208,"['U14843', 'U6116']",2
U3209,"['U1553', 'U12687', 'U12034', 'U9805', 'U11269', 'U13881', 'U2170']",7
U3210,"['U125', 'U4279', 'U173', 'U9921', 'U3296']",5
U3211,"['U13646', 'U10947', 'U13743', 'U11214']",4
U3212,"['U980', 'U6672', 'U1327', 'U6850']",4
U3213,"['U9816', 'U10979', 'U8005', 'U11555']",4
U3214,"['U5115', 'U9860', 'U11443', 'U2884']",4
U3215,"['U12729', 'U12812', 'U7342', 'U10406']",4
U3216,"['U1275', 'U8664', 'U3656']",3
U3217,"['U2464', 'U3711', 'U12107', 'U9417', 'U8620']",5
U3218,"['U5349', 'U13624', 'U13524', 'U172', 'U9339']",5
U3219,"['U12961', 'U13999', 'U5509', 'U14780', 'U4611', 'U8797', 'U12092']",7
U3220,['U8677'],1
U3221,"['U7467', 'U13603', 'U6871', 'U7282', 'U9479', 'U9448']",6
U3222,"['U7173', 'U3296', 'U11277', 'U5922', 'U495', 'U4450', 'U11304']",7
U3223,"['U14886', 'U8507', 'U13206']",3
U3224,"['U14466', 'U2608', 'U9995']",3
U3225,"['U6191', 'U748']",2
U3226,"['U9066', 'U5268', 'U12632', 'U14743', 'U1208', 'U12436', 'U9343', 'U13365', 'U391']",9
U3227,"['U4925', 'U7061', 'U6786', 'U3794', 'U2972']",5
U3228,"['U11457', 'U3690', 'U14758', 'U14704', 'U6724']",5
U3229,"['U11192', 'U1614', 'U11251', 'U1683', 'U5195', 'U5109']",6
U3230,"['U12410', 'U3404', 'U6395', 'U13342', 'U2871']",5
U3231,"['U2333', 'U13927', 'U6442', 'U11132', 'U1003', 'U11688', 'U10467']",7
U3232,"['U5555', 'U12977', 'U14767', 'U1307', 'U14596']",5
U3233,['U14191'],1
U3234,"['U11010', 'U8653', 'U11555', 'U3818', 'U11127']",5
U3235,"['U12937', 'U7840', 'U1080']",3
U3236,"['U10682', 'U630', 'U12343', 'U1295']",4
U3237,"['U14856', 'U6343', 'U14711', 'U10141', 'U2829']",5
U3238,"['U9700', 'U3847', 'U2364', 'U11885', 'U7193', 'U14384']",6
U3239,"['U5013', 'U14115', 'U8814', 'U3996', 'U3510', 'U12719', 'U14365', 'U14681', 'U5520']",9
U3240,['U11533'],1
U3241,"['U6550', 'U11944', 'U9206', 'U14772']",4
U3242,"['U462', 'U2582']",2
U3243,"['U9963', 'U11320', 'U12889', 'U13598']",4
U3244,['U5239'],1
U3245,"['U11208', 'U14018', 'U11632', 'U5718', 'U12544']",5
U3246,"['U13789', 'U300', 'U5996', 'U542', 'U10331']",5
U3247,"['U771', 'U4195', 'U4726', 'U8331', 'U1850']",5
U3248,"['U8211', 'U1097', 'U6765', 'U8358']",4
U3249,"['U14781', 'U14422']",2
U3250,"['U1924', 'U14436', 'U11799', 'U6344', 'U10941', 'U9933', 'U4652', 'U11561', 'U14125', 'U9657', 'U7834']",11
U3251,"['U7887', 'U4201', 'U682', 'U1574', 'U13252']",5
U3252,"['U13296', 'U2348', 'U8664', 'U9549', 'U4995']",5
U3253,"['U3051', 'U76', 'U2062', 'U4842', 'U14171']",5
U3254,"['U2302', 'U14351', 'U7879', 'U13506', 'U3089', 'U3671']",6
U3255,"['U9019', 'U3924', 'U12036', 'U7302', 'U7098', 'U13899']",6
U3256,"['U11744', 'U3914', 'U3807', 'U7707', 'U5007', 'U5547']",6
U3257,"['U11502', 'U13790', 'U13854', 'U12405', 'U14197']",5
U3258,['U5290'],1
U3259,['U10887'],1
U3260,"['U3621', 'U4667', 'U7296', 'U6414', 'U12923', 'U2543', 'U13416']",7
U3261,"['U3025', 'U9218', 'U10320', 'U4675', 'U8720', 'U9933', 'U12962']",7
U3262,"['U8014', 'U14646']",2
U3263,"['U12089', 'U4061', 'U6812']",3
U3264,"['U11154', 'U358', 'U1106', 'U14152']",4
U3265,"['U14694', 'U14506', 'U12778', 'U87', 'U12876', 'U1031']",6
U3266,"['U1416', 'U14571', 'U2873', 'U11857', 'U2566', 'U8780', 'U5712', 'U4593']",8
U3267,"['U2967', 'U414', 'U8871', 'U1124', 'U7137', 'U3487', 'U11046']",7
U3268,"['U10678', 'U11269', 'U390', 'U14440', 'U9791', 'U10473', 'U11150']",7
U3269,"['U4953', 'U9190', 'U10900', 'U7819', 'U5443', 'U7142']",6
U3270,"['U10077', 'U9715', 'U6303', 'U11401', 'U1169', 'U3787']",6
U3271,"['U3226', 'U1941', 'U10146', 'U2321', 'U9748', 'U11799', 'U13262', 'U1309', 'U760']",9
U3272,"['U10985', 'U7437', 'U9019', 'U4724', 'U8384', 'U6920', 'U4546']",7
U3273,"['U1568', 'U3039', 'U5406', 'U10990', 'U7749', 'U9288']",6
U3274,"['U682', 'U13166', 'U3518', 'U152', 'U11739', 'U5172']",6
U3275,"['U4042', 'U13257', 'U3798', 'U14418', 'U1518', 'U5349', 'U5947', 'U6847', 'U10363']",9
U3276,"['U13071', 'U1814', 'U5746', 'U2571', 'U7286']",5
U3277,"['U8109', 'U2833', 'U5792', 'U14532', 'U13927', 'U14269', 'U6415']",7
U3278,"['U8484', 'U6507', 'U14890', 'U14236', 'U9333']",5
U3279,['U259'],1
U3280,"['U14606', 'U3341', 'U5214', 'U1258', 'U509', 'U4187', 'U10653']",7
U3281,"['U1804', 'U11898', 'U10259', 'U4381', 'U6780']",5
U3282,"['U2824', 'U6643', 'U7491', 'U3071', 'U10011', 'U3316', 'U7707']",7
U3283,['U14159'],1
U3284,"['U2798', 'U7519', 'U12301', 'U12041', 'U7816', 'U7678', 'U4584']",7
U3285,"['U14655', 'U3737', 'U12305', 'U2000', 'U10235']",5
U3286,"['U2401', 'U3304', 'U1287', 'U2723']",4
U3287,"['U14607', 'U1928']",2
U3288,"['U14740', 'U3182', 'U265', 'U10790', 'U1281', 'U358', 'U805', 'U4100']",8
U3289,"['U3918', 'U5521', 'U7424', 'U8360', 'U9703']",5
U3290,"['U4107', 'U4356', 'U2227', 'U6250']",4
U3291,"['U14410', 'U753', 'U2256', 'U4836', 'U5828', 'U9891']",6
U3292,"['U12809', 'U5893', 'U11181']",3
U3293,"['U9031', 'U4324', 'U11989', 'U1185', 'U704', 'U1958', 'U682', 'U11192']",8
U3294,"['U1107', 'U8111']",2
U3295,"['U13872', 'U14935', 'U14571', 'U9516']",4
U3296,"['U2567', 'U8388', 'U6756', 'U13418', 'U6915']",5
U3297,"['U7633', 'U8083']",2
U3298,"['U6547', 'U9977', 'U8282', 'U13073', 'U5317', 'U14538']",6
U3299,"['U9313', 'U2389', 'U6278', 'U14749', 'U3304', 'U354', 'U2602', 'U8217', 'U10817', 'U3671']",10
U3300,"['U2717', 'U3959', 'U13647', 'U12667']",4
U3301,"['U3587', 'U13468', 'U3101', 'U4708', 'U1609', 'U4647', 'U12975', 'U7622', 'U8113']",9
U3302,"['U2991', 'U6055', 'U14754', 'U4502', 'U6851', 'U3804', 'U3486']",7
U3303,"['U14816', 'U10538', 'U14590', 'U8257', 'U5207', 'U6822']",6
U3304,"['U9748', 'U9541', 'U10920', 'U5778', 'U4389', 'U328']",6
U3305,"['U4786', 'U6128', 'U13332', 'U6244', 'U8372']",5
U3306,"['U7169', 'U11194', 'U10332', 'U6388', 'U8953', 'U5415', 'U12789', 'U8968']",8
U3307,"['U9252', 'U766', 'U14519', 'U618']",4
U3308,"['U1296', 'U3178', 'U5763', 'U14727', 'U1941']",5
U3309,"['U9691', 'U9681', 'U3959', 'U9782', 'U10910', 'U1262', 'U4011']",7
U3310,"['U9425', 'U4743', 'U7035', 'U8736']",4
U3311,"['U9601', 'U498', 'U4293', 'U8282']",4
U3312,"['U6661', 'U7662', 'U6296', 'U12594', 'U6682']",5
U3313,"['U12587', 'U4230', 'U6565', 'U13154', 'U5756']",5
U3314,['U12040'],1
U3315,"['U1732', 'U5942', 'U11078', 'U6267', 'U9648', 'U3984']",6
U3316,"['U5150', 'U6504', 'U6029']",3
U3317,['U14452'],1
U3318,"['U8903', 'U7090', 'U3231', 'U12210', 'U2667']",5
U3319,"['U8800', 'U23', 'U2956', 'U11148']",4
U3320,"['U4192', 'U14926', 'U3788', 'U5005', 'U1313', 'U7011', 'U1258', 'U3618']",8
U3321,"['U2900', 'U4610', 'U2654', 'U5743', 'U12574', 'U2968']",6
U3322,"['U5365', 'U9460', 'U14621']",3
U3323,"['U4989', 'U14195', 'U8883', 'U6231', 'U8759', 'U12415', 'U1188', 'U274', 'U2974']",9
U3324,"['U4811', 'U3410', 'U12908', 'U14447', 'U3209', 'U10689']",6
U3325,"['U7044', 'U11611']",2
U3326,"['U12030', 'U5391', 'U9968', 'U5432', 'U533']",5
U3327,"['U10366', 'U2030']",2
U3328,"['U14708', 'U6339', 'U12099', 'U430', 'U245', 'U7242', 'U7403']",7
U3329,"['U5114', 'U5287', 'U10381', 'U7223', 'U7544', 'U5912', 'U14565', 'U11792', 'U10011']",9
U3330,"['U11667', 'U3422']",2
U3331,"['U12661', 'U2703', 'U8549', 'U1523']",4
U3332,"['U7341', 'U7750', 'U14587', 'U8539', 'U344']",5
U3333,"['U14072', 'U7669', 'U6110', 'U10530']",4
U3334,"['U865', 'U8194']",2
U3335,"['U3130', 'U1154', 'U2215', 'U1820', 'U9250', 'U11057', 'U2971']",7
U3336,"['U8051', 'U5688', 'U11556', 'U10696', 'U10916']",5
U3337,"['U7384', 'U1463', 'U8018', 'U11208', 'U3858', 'U7027', 'U1252', 'U10328', 'U14409', 'U9732', 'U10161']",11
U3338,['U10940'],1
U3339,"['U2245', 'U13702', 'U6389', 'U7779', 'U9147', 'U10672']",6
U3340,"['U4269', 'U6931', 'U10524', 'U2574', 'U12826']",5
U3341,"['U1104', 'U14261', 'U12799', 'U6493', 'U4541', 'U10308', 'U9223', 'U5123', 'U12045']",9
U3342,"['U13009', 'U11197', 'U6843', 'U180', 'U14381', 'U13252']",6
U3343,"['U14008', 'U9903', 'U10169']",3
U3344,"['U13966', 'U9342', 'U2209', 'U4609']",4
U3345,"['U14840', 'U12080', 'U9544', 'U3875', 'U5044', 'U1307']",6
U3346,"['U5662', 'U9660', 'U515', 'U7376', 'U12829']",5
U3347,"['U12293', 'U8705', 'U7383']",3
U3348,"['U14261', 'U12369', 'U7404', 'U10646']",4
U3349,"['U7701', 'U5953']",2
U3350,"['U13976', 'U11508', 'U11930', 'U710']",4
U3351,"['U9742', 'U3231', 'U9308', 'U5638']",4
U3352,"['U2263', 'U4832', 'U11194', 'U8571', 'U330']",5
U3353,"['U8272', 'U9554', 'U7759', 'U10503', 'U1535']",5
U3354,"['U3476', 'U8459', 'U4006', 'U11682']",4
U3355,"['U13785', 'U11877', 'U12632', 'U9128', 'U3080', 'U558', 'U13813']",7
U3356,"['U12478', 'U691', 'U5198', 'U12905']",4
U3357,"['U6353', 'U9771', 'U7749', 'U10217']",4
U3358,"['U6578', 'U12871', 'U9297']",3
U3359,"['U5963', 'U986', 'U66', 'U8389', 'U12286']",5
U3360,"['U9559', 'U14339', 'U9298']",3
U3361,"['U4764', 'U6196', 'U4776', 'U2755', 'U10907']",5
U3362,"['U8239', 'U7181', 'U12745', 'U6264', 'U2292', 'U3436', 'U13560']",7
U3363,"['U2861', 'U1989', 'U14292', 'U10140', 'U11210']",5
U3364,"['U8982', 'U10148', 'U2517', 'U3740', 'U3667', 'U3811']",6
U3365,"['U13656', 'U6495', 'U9935', 'U13476']",4
U3366,"['U9002', 'U314', 'U2618', 'U2095', 'U2907', 'U14849']",6
U3367,"['U6364', 'U5033', 'U7246', 'U1009', 'U2995']",5
U3368,"['U3191', 'U9886', 'U4964', 'U12799', 'U13954', 'U6260']",6
U3369,"['U13485', 'U4606', 'U4228', 'U12761', 'U13914', 'U10446', 'U10633']",7
U3370,"['U6739', 'U8219', 'U9536', 'U2575']",4
U3371,"['U7165', 'U3744', 'U7925', 'U10979', 'U2644', 'U932', 'U14547', 'U4392', 'U13291', 'U14892', 'U3648']",11
U3372,"['U14343', 'U9506', 'U3172', 'U4017', 'U1423', 'U12242']",6
U3373,"['U7047', 'U1887', 'U8083']",3
U3374,"['U9740', 'U10148', 'U4128', 'U12284', 'U8790', 'U5924']",6
U3375,"['U10328', 'U9133', 'U1853', 'U14731', 'U14994', 'U4794', 'U5022', 'U14687', 'U9812', 'U3227', 'U11333']",11
U3376,"['U10989', 'U4639', 'U1812', 'U171', 'U3089', 'U2272', 'U1185']",7
U3377,"['U2540', 'U14989', 'U13142', 'U11693', 'U10076']",5
U3378,"['U5167', 'U11837', 'U5891', 'U12220']",4
U3379,"['U11373', 'U12835', 'U7535', 'U14971', 'U4624', 'U361', 'U13625', 'U4468']",8
U3380,"['U7486', 'U14138', 'U8623', 'U10564', 'U5222', 'U3951', 'U869']",7
U3381,"['U6262', 'U4717', 'U2483', 'U4096', 'U4368', 'U11279']",6
U3382,"['U4565', 'U10190', 'U7406']",3
U3383,"['U1314', 'U8524', 'U7502', 'U14635', 'U9007', 'U13135']",6
U3384,"['U4382', 'U10638', 'U4492', 'U4036', 'U12725', 'U9025']",6
U3385,"['U11757', 'U5753', 'U5946', 'U14550', 'U7174', 'U6926']",6
U3386,"['U2720', 'U5618', 'U6950', 'U13804', 'U1941']",5
U3387,"['U13893', 'U3610', 'U4149', 'U12951', 'U6285']",5
U3388,"['U8496', 'U9343', 'U7875', 'U6164', 'U3514', 'U12462', 'U2051', 'U6694', 'U544']",9
U3389,['U8430'],1
U3390,"['U8069', 'U2908', 'U7014', 'U5365', 'U5099']",5
U3391,"['U6892', 'U421', 'U10364', 'U10252']",4
U3392,"['U6277', 'U8808', 'U1544', 'U1808', 'U9641', 'U3136', 'U13168']",7
U3393,"['U5348', 'U11041', 'U3748', 'U9244', 'U12134']",5
U3394,"['U8725', 'U4454', 'U11728', 'U13192']",4
U3395,"['U2785', 'U9486', 'U13992', 'U12929', 'U6267', 'U5365']",6
U3396,"['U2267', 'U7070', 'U4327', 'U8953', 'U14779', 'U6321']",6
U3397,"['U1026', 'U654', 'U10203', 'U3262', 'U3211', 'U9323']",6
U3398,"['U13189', 'U1053', 'U1393', 'U14150', 'U1050', 'U829', 'U4101']",7
U3399,"['U863', 'U12240', 'U1213']",3
U3400,"['U8149', 'U14420', 'U561', 'U2379']",4
U3401,"['U3760', 'U3303', 'U8578', 'U3142', 'U10817', 'U13907']",6
U3402,"['U5545', 'U9427', 'U10375', 'U4844', 'U5055', 'U9528', 'U8638', 'U2974', 'U4470']",9
U3403,"['U12949', 'U11126', 'U10613', 'U4101', 'U1481']",5
U3404,"['U4472', 'U6062', 'U113', 'U6511', 'U14106', 'U9116', 'U1697']",7
U3405,['U6214'],1
U3406,"['U7348', 'U117', 'U7791']",3
U3407,"['U5435', 'U398', 'U3337', 'U5791', 'U14726', 'U8957', 'U2025']",7
U3408,"['U5098', 'U5904', 'U14179', 'U3371', 'U7476']",5
U3409,"['U1545', 'U5092', 'U3952', 'U3862']",4
U3410,"['U7211', 'U7305']",2
U3411,"['U350', 'U10473', 'U14591']",3
U3412,"['U6328', 'U3228', 'U13782']",3
U3413,"['U3229', 'U13168', 'U11943', 'U11744', 'U3418', 'U13336', 'U10421', 'U6503']",8
U3414,['U7346'],1
U3415,"['U8421', 'U6956', 'U359', 'U12208', 'U14305', 'U11022', 'U11129', 'U11642']",8
U3416,"['U11415', 'U14764', 'U4905', 'U9754']",4
U3417,"['U4740', 'U10523', 'U12531', 'U4970', 'U606', 'U3458']",6
U3418,"['U8769', 'U7740', 'U7758']",3
U3419,"['U3903', 'U466', 'U14126', 'U723', 'U9368', 'U1491', 'U9911', 'U10284', 'U4664']",9
U3420,"['U12469', 'U10874', 'U11331']",3
U3421,"['U14402', 'U6083', 'U7939', 'U9334', 'U6149']",5
U3422,"['U5319', 'U4578', 'U7765', 'U2479', 'U6024', 'U8605']",6
U3423,['U13283'],1
U3424,"['U7553', 'U6665', 'U7660', 'U5308', 'U11877', 'U1142']",6
U3425,[],0
U3426,"['U6748', 'U5618', 'U8906', 'U2090', 'U13667', 'U12264']",6
U3427,"['U8739', 'U12524', 'U12641', 'U9160', 'U8309', 'U10439', 'U1632']",7
U3428,"['U5145', 'U6837']",2
U3429,"['U1495', 'U12569', 'U659']",3
U3430,"['U9294', 'U11431', 'U2325', 'U1404']",4
U3431,"['U3275', 'U13855', 'U12335', 'U2474', 'U1512']",5
U3432,"['U5993', 'U11756', 'U10636', 'U10490', 'U11755', 'U111', 'U8605', 'U14038']",8
U3433,"['U11849', 'U9423']",2
U3434,"['U9732', 'U4890', 'U2148', 'U14161', 'U2625']",5
U3435,"['U3083', 'U11752', 'U9925']",3
U3436,"['U1925', 'U14321', 'U11260', 'U11896']",4
U3437,"['U6415', 'U12166', 'U10015', 'U3261', 'U9636', 'U10385', 'U4803', 'U916', 'U8719', 'U14499', 'U2339']",11
U3438,"['U8238', 'U6106', 'U10764', 'U11174', 'U14878']",5
U3439,"['U2233', 'U2100']",2
U3440,"['U9967', 'U11844', 'U9644', 'U12321', 'U7595']",5
U3441,"['U7207', 'U13484', 'U1588', 'U11680', 'U7274', 'U2754', 'U2913']",7
U3442,"['U4576', 'U10906', 'U13321', 'U10081', 'U7715', 'U13743']",6
U3443,"['U14183', 'U8282', 'U6143', 'U6979']",4
U3444,"['U8419', 'U9854', 'U3310', 'U13386', 'U7969', 'U11022', 'U14099', 'U13844']",8
U3445,"['U5306', 'U3768']",2
U3446,"['U5159', 'U13204', 'U38', 'U12834']",4
U3447,"['U4800', 'U8840', 'U5668', 'U736', 'U12575', 'U8037']",6
U3448,"['U4339', 'U10210', 'U14249', 'U6964', 'U7256', 'U9788']",6
U3449,"['U3297', 'U9926', 'U3083', 'U7824']",4
U3450,"['U12552', 'U14379', 'U4889', 'U7838', 'U8851']",5
U3451,"['U11922', 'U8734', 'U7888']",3
U3452,"['U564', 'U13801', 'U4523', 'U11775']",4
U3453,"['U13318', 'U5020', 'U9914', 'U14475']",4
U3454,"['U11873', 'U5965']",2
U3455,"['U13538', 'U881', 'U14196']",3
U3456,"['U3966', 'U4023', 'U8177', 'U3174', 'U12278']",5
U3457,"['U7824', 'U5404', 'U9143', 'U15000']",4
U3458,"['U8035', 'U3890', 'U5013']",3
U3459,"['U7850', 'U11565', 'U12346', 'U11874', 'U9450']",5
U3460,"['U3996', 'U7360', 'U11964']",3
U3461,"['U1901', 'U13223', 'U5142', 'U12680', 'U5867', 'U6950']",6
U3462,"['U13504', 'U12139', 'U8047', 'U12205', 'U1561']",5
U3463,"['U4535', 'U3992', 'U7918']",3
U3464,"['U8286', 'U7422', 'U12243', 'U9270', 'U5924', 'U1217', 'U3439']",7
U3465,"['U3435', 'U11780', 'U4275', 'U7802', 'U13232', 'U3180']",6
U3466,"['U1643', 'U6552', 'U5222', 'U7556', 'U10611', 'U4242', 'U9293', 'U10891', 'U5505']",9
U3467,"['U5247', 'U14200', 'U1845']",3
U3468,"['U7994', 'U12018', 'U12971', 'U4183', 'U12503', 'U4386', 'U31', 'U8081', 'U5925']",9
U3469,"['U9023', 'U3256', 'U8816', 'U11951', 'U12479', 'U12122', 'U9463']",7
U3470,"['U11956', 'U14778', 'U11640', 'U11695', 'U5824']",5
U3471,"['U9110', 'U3060', 'U13833', 'U13568']",4
U3472,"['U8508', 'U9632', 'U8457', 'U11287', 'U9668']",5
U3473,[],0
U3474,"['U7645', 'U546', 'U12019', 'U1533', 'U12371']",5
U3475,"['U783', 'U13952', 'U7894', 'U10586']",4
U3476,"['U14116', 'U8289', 'U10184', 'U6705']",4
U3477,"['U4012', 'U14516', 'U6905']",3
U3478,"['U10145', 'U11929', 'U2071']",3
U3479,"['U13948', 'U1117', 'U8818', 'U9180', 'U13963', 'U9719', 'U14661', 'U8682', 'U14126']",9
U3480,"['U3504', 'U11131', 'U3242']",3
U3481,"['U9099', 'U8750', 'U1905', 'U10745', 'U2100', 'U14890', 'U763', 'U4748']",8
U3482,"['U3644', 'U714', 'U8712', 'U11917', 'U10591']",5
U3483,"['U2416', 'U1956', 'U14826']",3
U3484,"['U5328', 'U4135', 'U14734']",3
U3485,"['U5413', 'U10297', 'U12087', 'U11815', 'U11758']",5
U3486,"['U14251', 'U10604', 'U14105', 'U2497', 'U9596', 'U1274']",6
U3487,"['U5425', 'U11880', 'U10094', 'U3739', 'U11414', 'U7521', 'U5844', 'U9610', 'U3016']",9
U3488,"['U1363', 'U1300', 'U9984', 'U4349', 'U11033', 'U3558', 'U7485']",7
U3489,"['U5548', 'U7482', 'U6401']",3
U3490,"['U8589', 'U6304']",2
U3491,"['U14051', 'U13563']",2
U3492,"['U4636', 'U6003', 'U499']",3
U3493,"['U10999', 'U12504', 'U10437', 'U10915']",4
U3494,"['U13807', 'U11424', 'U9758', 'U9600', 'U5221', 'U7280']",6
U3495,"['U12477', 'U4619', 'U11871', 'U669']",4
U3496,"['U5750', 'U9001', 'U9231', 'U4056', 'U2763']",5
U3497,"['U13810', 'U8717', 'U2992', 'U3870', 'U975', 'U8357', 'U14925', 'U3719']",8
U3498,"['U13488', 'U536', 'U10149']",3
U3499,"['U3327', 'U12179', 'U8139', 'U11380', 'U4577', 'U10374', 'U6376']",7
U3500,"['U4906', 'U10487', 'U8857', 'U6506', 'U14676', 'U4690']",6
U3501,"['U11397', 'U10594', 'U7431', 'U4867', 'U10077']",5
U3502,"['U10333', 'U8105', 'U1948', 'U12233']",4
U3503,"['U8226', 'U7439', 'U99', 'U8627', 'U4540', 'U4063', 'U9191', 'U11660', 'U10825', 'U12174', 'U4181', 'U2309']",12
U3504,"['U1463', 'U6656', 'U5770', 'U7067', 'U14759']",5
U3505,"['U7856', 'U6332', 'U14667', 'U54', 'U3650', 'U9650', 'U8477']",7
U3506,"['U14690', 'U6092', 'U12797', 'U8009', 'U8291']",5
U3507,"['U7663', 'U469', 'U952', 'U2065', 'U5779']",5
U3508,"['U11067', 'U4612', 'U7387', 'U5921']",4
U3509,"['U496', 'U9828']",2
U3510,"['U14997', 'U9137', 'U8685', 'U5590', 'U14564']",5
U3511,"['U8291', 'U4742', 'U10118', 'U3606', 'U8982', 'U11634']",6
U3512,"['U6984', 'U14496', 'U1784', 'U681']",4
U3513,"['U498', 'U2590', 'U13704', 'U4358']",4
U3514,['U13812'],1
U3515,"['U13089', 'U4506', 'U1245', 'U1497', 'U8631', 'U7788', 'U10255']",7
U3516,['U12373'],1
U3517,"['U1407', 'U6590', 'U2612', 'U5067', 'U4034', 'U9787', 'U11874', 'U8588']",8
U3518,"['U8910', 'U14045', 'U4433', 'U13088']",4
U3519,"['U4487', 'U7899', 'U3276', 'U14797', 'U7348']",5
U3520,"['U14955', 'U14321', 'U7141', 'U5266']",4
U3521,"['U9220', 'U14665']",2
U3522,"['U9455', 'U8451', 'U2652']",3
U3523,"['U703', 'U6403', 'U6557', 'U10329', 'U14611', 'U14463', 'U1828']",7
U3524,"['U11860', 'U8310', 'U13912', 'U2837', 'U6537', 'U2130', 'U13883']",7
U3525,"['U686', 'U699', 'U9738']",3
U3526,"['U10875', 'U12520', 'U6150', 'U9455', 'U2957', 'U5372']",6
U3527,"['U5718', 'U10355', 'U278']",3
U3528,"['U1053', 'U3959', 'U12814', 'U590']",4
U3529,"['U6411', 'U7218', 'U13282', 'U1417', 'U6089']",5
U3530,"['U13418', 'U1918', 'U8978', 'U1989']",4
U3531,"['U3077', 'U3070']",2
U3532,"['U12519', 'U4051', 'U5374', 'U12776']",4
U3533,"['U3423', 'U9283', 'U4411', 'U13821']",4
U3534,"['U14911', 'U4477', 'U4869', 'U6655', 'U13448']",5
U3535,['U1516'],1
U3536,"['U9443', 'U2535', 'U10136', 'U10020']",4
U3537,"['U12061', 'U8519', 'U3044', 'U3607', 'U1481', 'U6833', 'U11070', 'U1475']",8
U3538,"['U11311', 'U897', 'U11878', 'U3291', 'U9084', 'U11367', 'U4822', 'U6094']",8
U3539,"['U12972', 'U12316', 'U10324', 'U12169']",4
U3540,"['U9683', 'U11227', 'U4807', 'U1045']",4
U3541,"['U7994', 'U14623']",2
U3542,"['U9892', 'U10428', 'U569', 'U9327']",4
U3543,"['U7803', 'U12027', 'U11938', 'U509', 'U9425', 'U5831', 'U14147']",7
U3544,"['U7374', 'U10997']",2
U3545,"['U6235', 'U2904', 'U297']",3
U3546,"['U6783', 'U769', 'U97', 'U343']",4
U3547,"['U360', 'U9539', 'U10249', 'U2604', 'U5377', 'U8076']",6
U3548,"['U13644', 'U14107', 'U1947', 'U8188']",4
U3549,"['U5377', 'U8841', 'U1096', 'U7070', 'U3303', 'U6003', 'U2244', 'U12126', 'U6071', 'U4507', 'U9271', 'U9959', 'U13437']",13
U3550,"['U14660', 'U12154', 'U14383', 'U2240']",4
U3551,"['U10173', 'U4848', 'U2030', 'U4014', 'U11477']",5
U3552,"['U11839', 'U5683', 'U11591', 'U1627', 'U11040', 'U4682', 'U9449']",7
U3553,"['U11146', 'U7203', 'U3926', 'U14295']",4
U3554,['U1514'],1
U3555,"['U12635', 'U10648', 'U8051', 'U1867', 'U13849', 'U7098', 'U6189']",7
U3556,"['U10279', 'U13805', 'U10825', 'U6295', 'U14871', 'U2278', 'U7158']",7
U3557,"['U1796', 'U8123']",2
U3558,"['U6506', 'U12623', 'U12953', 'U7786', 'U3034', 'U10901', 'U1052', 'U12168']",8
U3559,"['U9951', 'U8441', 'U2327', 'U6206', 'U13650', 'U10631']",6
U3560,"['U11160', 'U1832', 'U13504']",3
U3561,"['U6465', 'U11075', 'U767']",3
U3562,"['U9875', 'U4754', 'U13251', 'U2411']",4
U3563,"['U13869', 'U6928', 'U12775']",3
U3564,"['U14221', 'U1989', 'U14258']",3
U3565,"['U2104', 'U659', 'U9229', 'U9528', 'U6335']",5
U3566,"['U13256', 'U1685', 'U8930', 'U13693']",4
U3567,"['U10540', 'U3015', 'U1697', 'U426', 'U4196', 'U3518', 'U4790']",7
U3568,"['U14539', 'U14157', 'U1236', 'U13220']",4
U3569,[],0
U3570,"['U1117', 'U295', 'U11941', 'U1477', 'U6288']",5
U3571,"['U10251', 'U3596']",2
U3572,"['U3281', 'U11807']",2
U3573,"['U10735', 'U12070']",2
U3574,"['U1488', 'U1682', 'U3161', 'U7325']",4
U3575,"['U2686', 'U11582', 'U2579', 'U5527', 'U9824', 'U10781', 'U10188']",7
U3576,"['U11052', 'U3050', 'U3932', 'U9076']",4
U3577,"['U1062', 'U10530', 'U732', 'U2792', 'U14094']",5
U3578,"['U7016', 'U14604', 'U10828', 'U3746', 'U9694', 'U5947', 'U7279']",7
U3579,['U1251'],1
U3580,"['U6332', 'U4100', 'U10666', 'U11606', 'U12527']",5
U3581,"['U1905', 'U10321']",2
U3582,"['U9881', 'U1664', 'U4680', 'U10615', 'U13652']",5
U3583,"['U10110', 'U1924', 'U3024', 'U7780']",4
U3584,"['U3435', 'U6612', 'U4161', 'U4673', 'U6081', 'U13184']",6
U3585,"['U3874', 'U14452', 'U3002', 'U3784', 'U331', 'U11746', 'U7843', 'U666', 'U2037']",9
U3586,"['U10727', 'U13997', 'U1811', 'U13423']",4
U3587,"['U4204', 'U3872', 'U7542', 'U10772']",4
U3588,"['U1494', 'U3994', 'U13077', 'U3074']",4
U3589,['U11893'],1
U3590,"['U6594', 'U5255', 'U9611', 'U13988', 'U2833', 'U13122', 'U14518']",7
U3591,"['U11806', 'U14456', 'U875']",3
U3592,"['U4921', 'U7782', 'U4085']",3
U3593,"['U11679', 'U1814', 'U6632', 'U4329', 'U1156', 'U4257', 'U766']",7
U3594,"['U12932', 'U6865', 'U2986', 'U10211']",4
U3595,"['U712', 'U4866', 'U5079', 'U9682', 'U1936', 'U12812']",6
U3596,"['U12976', 'U10279', 'U7491', 'U9550', 'U6660', 'U6877']",6
U3597,"['U654', 'U7767']",2
U3598,"['U9062', 'U9732', 'U6598', 'U6128', 'U12523']",5
U3599,"['U722', 'U7374', 'U13669', 'U3441', 'U11394', 'U9680', 'U14790', 'U11249', 'U12726', 'U7976']",10
U3600,"['U3071', 'U11109', 'U8824', 'U259', 'U8687']",5
U3601,"['U9928', 'U5610']",2
U3602,"['U14548', 'U13717', 'U10466', 'U5964']",4
U3603,"['U7866', 'U365', 'U5600', 'U10466', 'U13280']",5
U3604,"['U8000', 'U6896', 'U3688', 'U12046']",4
U3605,"['U8862', 'U2879']",2
U3606,"['U5568', 'U4334', 'U2083', 'U11331']",4
U3607,"['U778', 'U13240', 'U14628', 'U7756', 'U12528', 'U14552', 'U9453', 'U11535']",8
U3608,"['U8659', 'U3230']",2
U3609,"['U3685', 'U709']",2
U3610,"['U9756', 'U4375', 'U9541', 'U11043']",4
U3611,"['U14834', 'U302', 'U5054', 'U6911', 'U1604', 'U9978']",6
U3612,"['U10894', 'U5826', 'U5531', 'U10507', 'U1119']",5
U3613,"['U6722', 'U2723', 'U8168', 'U13180']",4
U3614,"['U2266', 'U9536', 'U9500', 'U7861', 'U11462']",5
U3615,"['U8218', 'U14385', 'U3932', 'U13295']",4
U3616,"['U2361', 'U5860', 'U14296', 'U6837', 'U811', 'U14103']",6
U3617,"['U9879', 'U2821', 'U1204', 'U7357', 'U6667', 'U12046', 'U3435']",7
U3618,"['U13949', 'U665']",2
U3619,"['U635', 'U750', 'U258', 'U13503']",4
U3620,"['U3501', 'U10546', 'U3161']",3
U3621,"['U3542', 'U10915', 'U7054', 'U4645']",4
U3622,"['U3646', 'U4851', 'U2023', 'U11096', 'U13451', 'U13590']",6
U3623,"['U10790', 'U8054', 'U2253', 'U7532', 'U8823', 'U8340', 'U1642', 'U6358', 'U11308', 'U8777', 'U2213']",11
U3624,"['U14702', 'U11799', 'U764', 'U4108', 'U9224', 'U10073', 'U4095']",7
U3625,"['U2764', 'U6901', 'U11886', 'U84', 'U9809', 'U14378']",6
U3626,"['U2580', 'U12443', 'U12800']",3
U3627,"['U560', 'U5291']",2
U3628,"['U70', 'U8758', 'U2332']",3
U3629,"['U4423', 'U820', 'U1373', 'U8823', 'U13646']",5
U3630,"['U1303', 'U10007', 'U7377', 'U374', 'U3598']",5
U3631,"['U3194', 'U2459', 'U13097', 'U13733', 'U2733']",5
U3632,"['U1588', 'U11050', 'U13555', 'U5237']",4
U3633,['U231'],1
U3634,"['U12695', 'U3371', 'U425', 'U1134', 'U1370', 'U4112', 'U3294']",7
U3635,"['U14654', 'U8897', 'U12762']",3
U3636,"['U12133', 'U12354', 'U4794', 'U2491']",4
U3637,"['U5723', 'U10872', 'U6690', 'U3657']",4
U3638,"['U341', 'U5092', 'U1741', 'U2033', 'U9678']",5
U3639,"['U11768', 'U1532', 'U6151', 'U14539']",4
U3640,"['U12833', 'U4084', 'U12538', 'U230', 'U7508', 'U11532']",6
U3641,"['U13878', 'U14045', 'U11957']",3
U3642,"['U6386', 'U7856', 'U13658', 'U14950', 'U3168', 'U5154', 'U2001', 'U3251']",8
U3643,"['U718', 'U10210', 'U7606']",3
U3644,"['U10184', 'U5623', 'U4819', 'U12423', 'U10907', 'U8478', 'U11518']",7
U3645,"['U7624', 'U4927', 'U3159', 'U2593']",4
U3646,['U13386'],1
U3647,"['U4206', 'U2783', 'U9712']",3
U3648,"['U7697', 'U2578']",2
U3649,['U2611'],1
U3650,"['U4942', 'U4791', 'U1184', 'U8468']",4
U3651,"['U13577', 'U2384']",2
U3652,"['U14241', 'U13913', 'U8351', 'U1582', 'U1995', 'U11818']",6
U3653,"['U9707', 'U8162', 'U6872', 'U4868', 'U2653', 'U7245', 'U7945', 'U8600']",8
U3654,"['U10469', 'U13362', 'U3717', 'U7790', 'U2207', 'U12262', 'U14570']",7
U3655,"['U7515', 'U10882', 'U6366', 'U11991', 'U14559', 'U1801', 'U1231', 'U10470']",8
U3656,[],0
U3657,['U1541'],1
U3658,"['U10939', 'U12831', 'U1481', 'U1497']",4
U3659,"['U8160', 'U8264', 'U12942', 'U14334', 'U492', 'U12401']",6
U3660,"['U12758', 'U14701', 'U10']",3
U3661,"['U11596', 'U8145', 'U4235', 'U1136', 'U12053', 'U2954', 'U10714', 'U2728', 'U1147']",9
U3662,"['U7437', 'U5257', 'U9632']",3
U3663,"['U13374', 'U8507', 'U2484', 'U3139', 'U13648', 'U36']",6
U3664,"['U9337', 'U660', 'U13748']",3
U3665,"['U7407', 'U6449', 'U11588', 'U9814']",4
U3666,"['U10436', 'U5689', 'U9885', 'U8754', 'U12564']",5
U3667,"['U10980', 'U12733', 'U5332', 'U3600', 'U9848', 'U4408']",6
U3668,"['U8213', 'U11258', 'U9281', 'U12819', 'U548', 'U8455']",6
U3669,"['U3046', 'U976', 'U11080', 'U1717']",4
U3670,"['U8105', 'U507', 'U5032', 'U4398']",4
U3671,"['U12309', 'U9132', 'U4040', 'U13643', 'U8948', 'U10763', 'U2019', 'U1370', 'U10964', 'U2781']",10
U3672,"['U4495', 'U1707', 'U10338', 'U6068']",4
U3673,"['U13927', 'U634', 'U5344', 'U10066', 'U13920']",5
U3674,"['U14327', 'U9717', 'U11635']",3
U3675,"['U840', 'U2901']",2
U3676,"['U10266', 'U6892', 'U5390', 'U3385', 'U1209', 'U4863']",6
U3677,"['U10543', 'U7574', 'U11789', 'U5925', 'U9730', 'U5839', 'U1370']",7
U3678,['U5818'],1
U3679,"['U1871', 'U1897', 'U2077']",3
U3680,"['U9438', 'U4633', 'U421', 'U10620']",4
U3681,"['U5959', 'U7626', 'U2993', 'U2250', 'U14604', 'U3236', 'U12128']",7
U3682,"['U4712', 'U13121']",2
U3683,['U10420'],1
U3684,[],0
U3685,"['U13152', 'U2453', 'U1785', 'U7554', 'U14602']",5
U3686,['U13230'],1
U3687,['U10274'],1
U3688,"['U4229', 'U3261', 'U6046', 'U2156', 'U8747', 'U1567', 'U14823']",7
U3689,"['U12089', 'U6760', 'U12414', 'U3738', 'U14933', 'U13856', 'U8133']",7
U3690,['U12518'],1
U3691,"['U4498', 'U4792', 'U10846', 'U6029']",4
U3692,"['U9293', 'U7495', 'U10422', 'U8681', 'U8661']",5
U3693,"['U2789', 'U5870', 'U4250', 'U3590', 'U13577', 'U14701', 'U10740']",7
U3694,"['U11342', 'U9401', 'U8550']",3
U3695,"['U6082', 'U9193', 'U4050', 'U4110', 'U12998', 'U9069', 'U4501']",7
U3696,"['U8254', 'U6176', 'U12686']",3
U3697,"['U4566', 'U2729', 'U7329', 'U3630']",4
U3698,"['U10810', 'U14091', 'U4696']",3
U3699,"['U8690', 'U7878', 'U3292', 'U176']",4
U3700,"['U9158', 'U9562', 'U13826']",3
U3701,"['U14209', 'U13741']",2
U3702,"['U8024', 'U2565', 'U12534', 'U9029', 'U6628', 'U8332', 'U13423']",7
U3703,"['U10961', 'U1312']",2
U3704,"['U9922', 'U2158', 'U12679', 'U13110', 'U8850']",5
U3705,"['U10543', 'U4445', 'U413', 'U6854']",4
U3706,"['U11028', 'U11829', 'U13615', 'U3647', 'U5611']",5
U3707,['U12486'],1
U3708,"['U9333', 'U13974', 'U11187', 'U8042']",4
U3709,"['U3431', 'U771', 'U11019', 'U10306', 'U14913']",5
U3710,"['U3345', 'U9842', 'U10788']",3
U3711,"['U11912', 'U10037', 'U13073', 'U11259']",4
U3712,"['U11293', 'U34', 'U11906', 'U3920', 'U13975', 'U6308']",6
U3713,"['U2540', 'U11899', 'U14561']",3
U3714,"['U14506', 'U12021', 'U7677', 'U5846', 'U8923']",5
U3715,"['U9104', 'U624', 'U279', 'U1063']",4
U3716,"['U13481', 'U13955', 'U11899', 'U10879', 'U14571', 'U9407']",6
U3717,"['U6815', 'U8382', 'U10246', 'U7018']",4
U3718,"['U1804', 'U12237', 'U13074', 'U8356', 'U6225', 'U14152']",6
U3719,"['U8909', 'U13286']",2
U3720,"['U12562', 'U4095', 'U251', 'U4974', 'U13377']",5
U3721,"['U11203', 'U8207', 'U2704']",3
U3722,"['U3862', 'U2281', 'U7181']",3
U3723,"['U6469', 'U3397', 'U3345', 'U144']",4
U3724,"['U6350', 'U14429', 'U13806', 'U11461', 'U1001', 'U5028']",6
U3725,['U9715'],1
U3726,"['U11621', 'U7486', 'U3917', 'U1820', 'U9675']",5
U3727,"['U7395', 'U29', 'U10016', 'U5245']",4
U3728,"['U3745', 'U7540', 'U1082', 'U14326', 'U5546', 'U10597', 'U9784', 'U9508', 'U5964']",9
U3729,"['U200', 'U5594', 'U14578']",3
U3730,"['U1288', 'U5000', 'U4692']",3
U3731,"['U8416', 'U7753']",2
U3732,"['U3276', 'U2576', 'U10642']",3
U3733,"['U6408', 'U13126', 'U10343', 'U5039']",4
U3734,"['U2434', 'U7828', 'U11038', 'U2091', 'U1065', 'U13697', 'U11796', 'U5240', 'U1915']",9
U3735,"['U5129', 'U11992', 'U10863', 'U2330', 'U10234', 'U3914']",6
U3736,"['U5997', 'U10156', 'U14472', 'U13984', 'U1667', 'U1946', 'U5264']",7
U3737,"['U8557', 'U10392', 'U10957', 'U10078', 'U5029', 'U5347']",6
U3738,"['U10295', 'U10175', 'U13525', 'U1445', 'U8575', 'U13272', 'U7773', 'U10022', 'U10985']",9
U3739,"['U7796', 'U3164', 'U9326', 'U14387', 'U4349', 'U5823']",6
U3740,"['U13267', 'U12209', 'U10828', 'U14523', 'U7254']",5
U3741,"['U793', 'U6336']",2
U3742,"['U4708', 'U12164', 'U3598', 'U14124']",4
U3743,"['U12662', 'U5231', 'U5180', 'U4575', 'U12611']",5
U3744,"['U1484', 'U11639', 'U7555', 'U8935', 'U2023', 'U9757']",6
U3745,"['U5684', 'U5837', 'U2429', 'U8383', 'U14885', 'U4556']",6
U3746,"['U8577', 'U7409']",2
U3747,"['U1192', 'U13745', 'U4607', 'U2109']",4
U3748,"['U12207', 'U8722', 'U10330', 'U10235', 'U7520', 'U11458', 'U7449']",7
U3749,"['U3848', 'U12642', 'U14028', 'U3698']",4
U3750,"['U7429', 'U9487']",2
U3751,['U3186'],1
U3752,"['U1838', 'U9459', 'U12411']",3
U3753,"['U14413', 'U6852']",2
U3754,"['U11176', 'U8352', 'U14323', 'U9784', 'U6696', 'U11426']",6
U3755,"['U588', 'U5966', 'U14299']",3
U3756,"['U10357', 'U6064', 'U7961']",3
U3757,"['U550', 'U13731', 'U13249', 'U5427', 'U9518', 'U14761', 'U11070', 'U1723']",8
U3758,"['U13512', 'U748', 'U1420', 'U12635']",4
U3759,['U13820'],1
U3760,"['U14729', 'U7498']",2
U3761,['U9164'],1
U3762,"['U7838', 'U11816', 'U2174', 'U4317', 'U9270', 'U2300', 'U8019']",7
U3763,"['U485', 'U814', 'U8940', 'U7404']",4
U3764,"['U3940', 'U13212']",2
U3765,"['U12798', 'U6194', 'U4394']",3
U3766,"['U9571', 'U282', 'U9942', 'U12029', 'U1257', 'U8453', 'U4230', 'U11772', 'U3488']",9
U3767,"['U4293', 'U9501', 'U13281', 'U14788', 'U11932', 'U11637', 'U5160']",7
U3768,"['U5301', 'U4934', 'U9708', 'U1176', 'U10699']",5
U3769,"['U9803', 'U7690']",2
U3770,"['U6764', 'U13162', 'U14294', 'U14571', 'U5519', 'U3354', 'U177', 'U12377']",8
U3771,['U2671'],1
U3772,"['U8166', 'U86']",2
U3773,"['U12322', 'U10605']",2
U3774,"['U13082', 'U10040']",2
U3775,"['U8849', 'U9111', 'U8522', 'U10260', 'U13718', 'U14954']",6
U3776,"['U8912', 'U8654', 'U3877', 'U5263']",4
U3777,"['U13475', 'U10001', 'U5197', 'U3097', 'U5236', 'U1440']",6
U3778,['U13615'],1
U3779,"['U13233', 'U5228', 'U7677', 'U10801', 'U2904']",5
U3780,"['U2509', 'U9490', 'U13095', 'U3849']",4
U3781,"['U8816', 'U1075', 'U7623', 'U13418', 'U10283', 'U1323']",6
U3782,"['U8720', 'U8676']",2
U3783,"['U11719', 'U137', 'U9116', 'U10338', 'U8251']",5
U3784,"['U2388', 'U7498', 'U6089']",3
U3785,"['U6134', 'U7374', 'U2384', 'U2303']",4
U3786,"['U13388', 'U8762', 'U9760', 'U14127', 'U10279', 'U8163']",6
U3787,"['U9892', 'U5220', 'U4046', 'U10085', 'U4403']",5
U3788,"['U3862', 'U3210', 'U12791', 'U5156', 'U9206']",5
U3789,['U8563'],1
U3790,"['U8705', 'U649', 'U11482', 'U4703', 'U3222', 'U13483', 'U5529', 'U2593', 'U10544']",9
U3791,"['U12329', 'U4231']",2
U3792,"['U1273', 'U1398', 'U4941', 'U11244', 'U5534']",5
U3793,"['U1956', 'U581']",2
U3794,"['U10030', 'U11862', 'U1168', 'U5620']",4
U3795,"['U6733', 'U4349', 'U11842', 'U2395', 'U14968', 'U6864', 'U10791', 'U1578', 'U1884']",9
U3796,"['U2882', 'U1238', 'U4629']",3
U3797,"['U10756', 'U4240', 'U13691', 'U5075']",4
U3798,"['U11641', 'U5339', 'U7473', 'U2073', 'U7865', 'U2891', 'U14302']",7
U3799,"['U8181', 'U11631', 'U3452', 'U14968', 'U903', 'U6721']",6
U3800,"['U9558', 'U1225', 'U4664', 'U8344']",4
U3801,"['U11478', 'U14476']",2
U3802,"['U10594', 'U8951', 'U9913', 'U12370']",4
U3803,"['U7069', 'U6838', 'U1131', 'U11460', 'U4924']",5
U3804,"['U13207', 'U7520', 'U12770', 'U9371', 'U761', 'U7413', 'U8513']",7
U3805,"['U2950', 'U12070', 'U11700']",3
U3806,"['U7976', 'U9881', 'U14181', 'U10463', 'U13042']",5
U3807,"['U10508', 'U12622', 'U125', 'U13130', 'U2953']",5
U3808,"['U14105', 'U3559', 'U4999']",3
U3809,"['U9227', 'U1936', 'U11370', 'U3106', 'U3285', 'U12474', 'U7375', 'U9155']",8
U3810,"['U8008', 'U10479', 'U5982', 'U5907', 'U10162', 'U11061', 'U6937']",7
U3811,['U11594'],1
U3812,"['U631', 'U468', 'U9181']",3
U3813,"['U12621', 'U10197', 'U2889', 'U11476', 'U12107']",5
U3814,"['U12131', 'U13034', 'U3679', 'U9353', 'U14260', 'U12214']",6
U3815,"['U5388', 'U2089', 'U11922', 'U6948']",4
U3816,"['U7072', 'U6435', 'U6416', 'U14511']",4
U3817,"['U12776', 'U6220', 'U9987', 'U2617', 'U1066', 'U3726']",6
U3818,"['U14198', 'U11439', 'U11566', 'U3977', 'U13235', 'U7768', 'U3139']",7
U3819,"['U8857', 'U8012']",2
U3820,"['U9917', 'U14453', 'U3363', 'U9112', 'U8413', 'U2642']",6
U3821,"['U13199', 'U9305', 'U12570', 'U886']",4
U3822,"['U4787', 'U6054', 'U2325']",3
U3823,"['U14101', 'U13783', 'U6585', 'U5482', 'U11653', 'U12506', 'U10715', 'U7284', 'U7719']",9
U3824,"['U445', 'U13687', 'U13787', 'U11428', 'U12016']",5
U3825,"['U8965', 'U9346', 'U8705']",3
U3826,"['U9907', 'U4523', 'U11526', 'U8192', 'U6130', 'U635', 'U935']",7
U3827,"['U10813', 'U14651', 'U14335', 'U12904']",4
U3828,"['U3171', 'U4801']",2
U3829,"['U8313', 'U6830']",2
U3830,"['U13802', 'U11369']",2
U3831,"['U13426', 'U13691', 'U8119', 'U14326']",4
U3832,"['U13027', 'U8585', 'U13585', 'U2629', 'U9803']",5
U3833,"['U11196', 'U10172', 'U9860', 'U10179']",4
U3834,"['U14411', 'U1372', 'U1589', 'U12337', 'U10556', 'U12473']",6
U3835,"['U10832', 'U12001']",2
U3836,"['U13886', 'U8336', 'U6400']",3
U3837,"['U12729', 'U6103', 'U5103']",3
U3838,"['U9529', 'U5195', 'U8990', 'U11799', 'U12', 'U14064']",6
U3839,"['U3506', 'U8169', 'U4173', 'U4585', 'U12998', 'U12075', 'U8528', 'U3420', 'U13512']",9
U3840,"['U353', 'U11900', 'U14092', 'U4330']",4
U3841,"['U308', 'U8202', 'U305', 'U1284']",4
U3842,"['U75', 'U7393', 'U13218']",3
U3843,"['U7594', 'U6039', 'U3228', 'U1013', 'U2754']",5
U3844,"['U6801', 'U9065', 'U3939', 'U3973', 'U9145']",5
U3845,"['U6255', 'U2182', 'U9304', 'U487', 'U11593', 'U3548']",6
U3846,"['U8818', 'U977', 'U13526', 'U2217']",4
U3847,"['U6852', 'U2824', 'U14505', 'U570', 'U8260', 'U13769', 'U4357', 'U12919', 'U6077', 'U904']",10
U3848,"['U8973', 'U10146', 'U1951', 'U13653']",4
U3849,"['U6046', 'U6162', 'U6199', 'U11173', 'U9041', 'U12023']",6
U3850,"['U11624', 'U13892', 'U6195', 'U14484', 'U14883', 'U6840']",6
U3851,"['U11674', 'U12519', 'U8463', 'U768', 'U10855', 'U12876']",6
U3852,['U8437'],1
U3853,['U8100'],1
U3854,"['U10150', 'U8774', 'U8272', 'U13669', 'U4624', 'U3403', 'U9778', 'U4226', 'U3521']",9
U3855,"['U7269', 'U1954', 'U5080', 'U12759', 'U1608', 'U10695', 'U9587']",7
U3856,"['U13406', 'U999', 'U6576', 'U10177', 'U481', 'U5157', 'U1672', 'U4612']",8
U3857,"['U3660', 'U3022', 'U892', 'U12192', 'U14666', 'U2332', 'U1657']",7
U3858,"['U14044', 'U8287', 'U13650', 'U3611', 'U3616']",5
U3859,"['U8367', 'U1673', 'U9640', 'U12509', 'U1354', 'U10963', 'U8672']",7
U3860,"['U6157', 'U2895']",2
U3861,"['U14129', 'U4527', 'U10713']",3
U3862,"['U13083', 'U14442', 'U1568', 'U9779', 'U3079', 'U7362', 'U10143', 'U5726']",8
U3863,"['U13073', 'U1958', 'U13648', 'U9819', 'U7744', 'U10668']",6
U3864,"['U6396', 'U1628', 'U1022', 'U3736', 'U11652']",5
U3865,"['U2012', 'U8033', 'U3896', 'U9345']",4
U3866,"['U9829', 'U11453', 'U9783', 'U11203', 'U87', 'U14279']",6
U3867,"['U3074', 'U9237', 'U5452']",3
U3868,"['U6231', 'U10285', 'U12447', 'U4597', 'U10262', 'U10498', 'U12759']",7
U3869,[],0
U3870,"['U1621', 'U13759', 'U5002', 'U1281', 'U9765']",5
U3871,['U12304'],1
U3872,"['U2325', 'U4311', 'U9456', 'U10468']",4
U3873,"['U2149', 'U14024', 'U7387', 'U13474', 'U12763', 'U12174', 'U13886']",7
U3874,"['U8608', 'U1488', 'U197', 'U6631', 'U4868', 'U8184', 'U732']",7
U3875,"['U12072', 'U3230', 'U3936', 'U6610', 'U12256']",5
U3876,"['U13010', 'U12332', 'U7595', 'U9465', 'U776', 'U9708', 'U2228']",7
U3877,"['U2063', 'U12041', 'U8272', 'U13368', 'U6072', 'U11428', 'U7978', 'U12350', 'U2542']",9
U3878,"['U9167', 'U8892', 'U13191', 'U13433', 'U14797', 'U5423', 'U3656', 'U8795']",8
U3879,"['U11943', 'U11806', 'U2933', 'U4638']",4
U3880,"['U5782', 'U701', 'U7202', 'U13599', 'U114', 'U6174', 'U12531']",7
U3881,"['U12776', 'U5851']",2
U3882,"['U4991', 'U13073', 'U7319', 'U6024', 'U5413', 'U8680', 'U12618', 'U5966']",8
U3883,"['U5309', 'U2403', 'U12306', 'U6650']",4
U3884,"['U224', 'U5898', 'U4806', 'U12737', 'U7045', 'U2523']",6
U3885,['U8889'],1
U3886,"['U1510', 'U2823', 'U2641', 'U7355', 'U10281', 'U7156']",6
U3887,"['U5419', 'U3229', 'U3430', 'U10377']",4
U3888,"['U3001', 'U2482', 'U8155', 'U12138']",4
U3889,"['U14271', 'U38', 'U13190', 'U14201']",4
U3890,"['U7537', 'U12759', 'U3345', 'U3121', 'U6452']",5
U3891,"['U9167', 'U2424']",2
U3892,['U11246'],1
U3893,['U8743'],1
U3894,"['U8809', 'U9243', 'U3498', 'U13381', 'U3649', 'U3201']",6
U3895,"['U7868', 'U9264', 'U13561']",3
U3896,"['U9694', 'U11864', 'U4647', 'U4807', 'U13981', 'U5662', 'U1426', 'U2191', 'U3627']",9
U3897,"['U6915', 'U7481', 'U9910', 'U490', 'U12395']",5
U3898,"['U14947', 'U12402', 'U13209', 'U4705', 'U8701', 'U4961']",6
U3899,['U12429'],1
U3900,"['U7633', 'U10688', 'U1884', 'U3934', 'U10105']",5
U3901,"['U9211', 'U6918', 'U10254', 'U3797', 'U6431', 'U929']",6
U3902,"['U386', 'U13618', 'U2682', 'U2792', 'U7294']",5
U3903,"['U5441', 'U12285', 'U13516', 'U9882', 'U11207', 'U12773']",6
U3904,"['U707', 'U9551', 'U4499', 'U12037']",4
U3905,"['U12841', 'U7099', 'U6232', 'U1725', 'U7390', 'U3125']",6
U3906,"['U1522', 'U12838', 'U1481', 'U12103', 'U724', 'U8206', 'U1440', 'U14604']",8
U3907,"['U98', 'U10289', 'U860']",3
U3908,"['U4702', 'U14140', 'U13925', 'U8093']",4
U3909,"['U11319', 'U3494', 'U11624']",3
U3910,"['U5543', 'U13359', 'U2532', 'U4374', 'U2330', 'U7536', 'U4572']",7
U3911,"['U7172', 'U1134', 'U769', 'U12229', 'U10649', 'U4713']",6
U3912,"['U7951', 'U11094']",2
U3913,"['U10511', 'U8120']",2
U3914,"['U2209', 'U2715', 'U1109']",3
U3915,"['U7263', 'U7037', 'U3795', 'U6480', 'U10493', 'U13270', 'U5818']",7
U3916,"['U14497', 'U7657']",2
U3917,"['U7109', 'U9538', 'U1049', 'U11747', 'U12856']",5
U3918,"['U7931', 'U14692', 'U3976']",3
U3919,"['U3971', 'U499', 'U4929']",3
U3920,"['U1976', 'U13738', 'U4692', 'U1321', 'U6028', 'U4881', 'U8189', 'U8784']",8
U3921,"['U10481', 'U8424']",2
U3922,"['U6545', 'U311', 'U8326', 'U6711', 'U2690', 'U10329']",6
U3923,"['U8521', 'U6273', 'U6536', 'U3343', 'U6631']",5
U3924,"['U5985', 'U8260', 'U3777']",3
U3925,"['U14314', 'U12618', 'U13418']",3
U3926,"['U9876', 'U9624', 'U5420']",3
U3927,"['U3044', 'U7133', 'U476', 'U9738', 'U3628', 'U14985']",6
U3928,"['U12785', 'U5993', 'U3126', 'U9527', 'U6262', 'U524']",6
U3929,"['U7459', 'U9027', 'U1140', 'U8747', 'U1931', 'U13073', 'U12358']",7
U3930,"['U7257', 'U14585', 'U11277', 'U10679', 'U13051']",5
U3931,"['U3684', 'U12633', 'U7611', 'U8172', 'U1705']",5
U3932,['U13778'],1
U3933,"['U7736', 'U2311', 'U13336', 'U10780']",4
U3934,['U8439'],1
U3935,"['U1978', 'U5068', 'U13112', 'U13816', 'U12050', 'U1261', 'U13814', 'U11629']",8
U3936,"['U12310', 'U10278', 'U5087', 'U8814', 'U7391', 'U2623']",6
U3937,"['U1803', 'U11886', 'U975', 'U8243', 'U4538', 'U8644', 'U7469', 'U6935']",8
U3938,"['U7359', 'U8579', 'U8150', 'U195', 'U13777', 'U10809', 'U6646', 'U6363', 'U7598', 'U133', 'U402']",11
U3939,"['U247', 'U11668', 'U11718', 'U4004', 'U12483', 'U3803', 'U83', 'U2889']",8
U3940,"['U2864', 'U4492', 'U8268']",3
U3941,"['U10081', 'U13488', 'U4455', 'U1529', 'U14153', 'U14962', 'U7639']",7
U3942,"['U10081', 'U1159', 'U3100', 'U2715', 'U10955']",5
U3943,"['U13108', 'U1695', 'U6641', 'U5346', 'U13953']",5
U3944,"['U10687', 'U13390', 'U10306', 'U10118', 'U5755']",5
U3945,"['U4874', 'U5347', 'U4203', 'U4123', 'U59', 'U322', 'U8566']",7
U3946,"['U7817', 'U10988', 'U3237', 'U11436', 'U5995', 'U32', 'U4420', 'U6680', 'U4501']",9
U3947,"['U11736', 'U13287', 'U3157', 'U13869', 'U5484']",5
U3948,"['U2717', 'U8347', 'U9331', 'U12331']",4
U3949,"['U4030', 'U11890', 'U7651']",3
U3950,"['U4311', 'U1306', 'U10969']",3
U3951,"['U5151', 'U3641', 'U1986', 'U5991']",4
U3952,"['U9711', 'U14200', 'U12837', 'U3073']",4
U3953,"['U7588', 'U3342', 'U7509', 'U4766']",4
U3954,"['U3359', 'U3920', 'U6162', 'U14317']",4
U3955,"['U12306', 'U13917', 'U3194', 'U327', 'U14597', 'U3882', 'U8331', 'U13856']",8
U3956,"['U2417', 'U1356', 'U10398']",3
U3957,"['U14879', 'U11981', 'U5263', 'U9620', 'U10790', 'U10607', 'U1683']",7
U3958,"['U1638', 'U5443', 'U10009', 'U12920', 'U11501', 'U2192', 'U5861', 'U11557']",8
U3959,"['U4587', 'U5724', 'U4277']",3
U3960,"['U6365', 'U12046', 'U3521', 'U8996']",4
U3961,"['U9839', 'U13370', 'U11816', 'U12744']",4
U3962,"['U11974', 'U10639', 'U1251', 'U13470', 'U3502', 'U6996', 'U12117', 'U7698', 'U8892']",9
U3963,"['U14362', 'U8338', 'U3826', 'U10275']",4
U3964,"['U2931', 'U10481', 'U5097']",3
U3965,"['U6769', 'U3992', 'U14038', 'U11576', 'U13404', 'U11722']",6
U3966,"['U12180', 'U3341', 'U3995', 'U7494', 'U8871', 'U14979']",6
U3967,['U3783'],1
U3968,"['U5197', 'U2453']",2
U3969,"['U8171', 'U11655', 'U12107', 'U1181', 'U899', 'U10240']",6
U3970,"['U9985', 'U6721', 'U3095', 'U1818', 'U12233']",5
U3971,"['U10322', 'U11468', 'U6708', 'U5915', 'U1383', 'U8674']",6
U3972,"['U7072', 'U7259', 'U9811', 'U3057', 'U6546']",5
U3973,[],0
U3974,"['U4197', 'U5729', 'U9392', 'U785']",4
U3975,"['U5275', 'U1425', 'U9053', 'U5889', 'U8179', 'U8577', 'U1699']",7
U3976,"['U8086', 'U11183', 'U10613', 'U5088', 'U8357']",5
U3977,"['U5866', 'U967', 'U13132', 'U10920', 'U9524', 'U10156', 'U8353', 'U9604', 'U13202', 'U10243']",10
U3978,"['U13215', 'U7444', 'U5508', 'U2646', 'U6177', 'U11954', 'U5039', 'U10398', 'U1806']",9
U3979,"['U5642', 'U12633', 'U7317', 'U10767', 'U8020']",5
U3980,"['U13766', 'U3940', 'U7492', 'U9904', 'U3953']",5
U3981,"['U11678', 'U12325', 'U6094', 'U5602']",4
U3982,"['U5410', 'U8882', 'U3327']",3
U3983,"['U7640', 'U9677', 'U1378', 'U1452']",4
U3984,"['U14428', 'U2640', 'U11122', 'U3822']",4
U3985,"['U2209', 'U268', 'U10285']",3
U3986,"['U11394', 'U5962', 'U12469', 'U2399', 'U12935']",5
U3987,"['U7668', 'U14479', 'U1435', 'U12373', 'U14927']",5
U3988,"['U5721', 'U8404', 'U1979']",3
U3989,"['U3148', 'U12948', 'U5894', 'U2118', 'U6158', 'U14101', 'U8661']",7
U3990,"['U4319', 'U11429', 'U4353', 'U891', 'U3874']",5
U3991,"['U364', 'U10188', 'U4598']",3
U3992,"['U13510', 'U14229', 'U10783', 'U11136', 'U14613', 'U9475']",6
U3993,"['U9615', 'U11988', 'U8274', 'U13069', 'U9017', 'U11513', 'U6834', 'U4657', 'U4053', 'U170', 'U6309']",11
U3994,"['U6177', 'U1019', 'U13304', 'U10538', 'U2011', 'U1811', 'U14794', 'U8988']",8
U3995,"['U11270', 'U8684', 'U13245', 'U9584']",4
U3996,"['U2231', 'U3175', 'U8777', 'U14530', 'U10551', 'U12016', 'U3280', 'U7510', 'U8403']",9
U3997,"['U3222', 'U12502', 'U4592', 'U8526', 'U8640', 'U9112', 'U639']",7
U3998,"['U12440', 'U7805', 'U14880', 'U5035', 'U14012', 'U5856', 'U14570']",7
U3999,"['U12752', 'U35', 'U4570', 'U8195', 'U4897']",5
U4000,"['U409', 'U11564', 'U10551', 'U9936', 'U13974', 'U4341', 'U8228']",7
U4001,"['U9291', 'U14994', 'U8859']",3
U4002,"['U7859', 'U9674', 'U7405', 'U5808', 'U13316', 'U13076', 'U9872']",7
U4003,"['U11728', 'U11716', 'U11925', 'U7525', 'U2818']",5
U4004,['U1512'],1
U4005,"['U9353', 'U7225', 'U4100', 'U5365', 'U3809', 'U5944', 'U264', 'U14915', 'U12900']",9
U4006,"['U11026', 'U13505', 'U13130']",3
U4007,"['U14494', 'U2924', 'U5565', 'U11315', 'U13484', 'U12435']",6
U4008,"['U5809', 'U13111', 'U7556', 'U2989', 'U14061', 'U6881', 'U315', 'U4308', 'U14390', 'U3027', 'U8378']",11
U4009,"['U5320', 'U14126', 'U6526', 'U8245']",4
U4010,"['U123', 'U809', 'U10347', 'U12630', 'U1491']",5
U4011,"['U11859', 'U11451', 'U2559']",3
U4012,"['U12416', 'U12976', 'U2703']",3
U4013,"['U8450', 'U14005', 'U11590', 'U13345', 'U2374']",5
U4014,"['U9779', 'U11741', 'U12690', 'U14256', 'U7969', 'U13461', 'U710', 'U11018']",8
U4015,"['U5706', 'U11370', 'U2669', 'U11962', 'U1039']",5
U4016,"['U1123', 'U5938', 'U9738', 'U7807', 'U12662', 'U6046', 'U1125', 'U2082']",8
U4017,"['U4322', 'U1869', 'U4413', 'U5602', 'U7874', 'U1814']",6
U4018,['U5264'],1
U4019,['U12138'],1
U4020,"['U5782', 'U2962', 'U13961', 'U4451']",4
U4021,"['U1779', 'U2028', 'U13478']",3
U4022,"['U12611', 'U5645', 'U10666', 'U11293', 'U12527']",5
U4023,"['U4120', 'U12920']",2
U4024,"['U14591', 'U428', 'U7173', 'U6475', 'U1446']",5
U4025,"['U10208', 'U12082', 'U8628', 'U12463']",4
U4026,"['U11903', 'U9863', 'U10413', 'U9143']",4
U4027,"['U7655', 'U14844', 'U5664', 'U11667', 'U7580', 'U1561', 'U9864']",7
U4028,"['U10667', 'U14729', 'U4707', 'U6904', 'U13495', 'U7388', 'U7176']",7
U4029,"['U4496', 'U10033', 'U8270', 'U1744', 'U8', 'U4654']",6
U4030,"['U275', 'U8360', 'U6285', 'U14099']",4
U4031,"['U894', 'U5197', 'U4644', 'U3292']",4
U4032,"['U14899', 'U10735']",2
U4033,"['U9128', 'U8752', 'U7776', 'U14064']",4
U4034,"['U3450', 'U8021', 'U6488', 'U6841', 'U10765', 'U5961']",6
U4035,"['U6959', 'U1442']",2
U4036,"['U14784', 'U7134', 'U8211', 'U4143', 'U11651', 'U12598']",6
U4037,"['U13923', 'U4987', 'U14593', 'U2160', 'U12766', 'U9869', 'U11036', 'U8709']",8
U4038,"['U7829', 'U7241', 'U1134', 'U11516', 'U1868', 'U7511', 'U7027']",7
U4039,"['U12016', 'U198', 'U7954']",3
U4040,['U2980'],1
U4041,"['U13488', 'U4989', 'U2502', 'U1776', 'U7754', 'U13445', 'U11593', 'U7465']",8
U4042,"['U7918', 'U10016', 'U13960', 'U1300', 'U6701', 'U10993']",6
U4043,"['U6598', 'U3335', 'U9564', 'U9519']",4
U4044,"['U8533', 'U2551']",2
U4045,"['U10400', 'U7166', 'U9076', 'U4166', 'U5338', 'U5277', 'U10255', 'U641']",8
U4046,"['U10509', 'U6755', 'U7482', 'U14376', 'U7229']",5
U4047,"['U3761', 'U1975', 'U8676', 'U9743']",4
U4048,"['U13534', 'U14715', 'U8569', 'U10772', 'U8181']",5
U4049,"['U9396', 'U6820', 'U49', 'U9676']",4
U4050,"['U892', 'U4118', 'U7339']",3
U4051,"['U7776', 'U7528', 'U13667']",3
U4052,"['U3328', 'U4271', 'U10033', 'U12809']",4
U4053,"['U4053', 'U12560', 'U9236', 'U8578', 'U10818', 'U14528']",6
U4054,"['U2879', 'U7843']",2
U4055,"['U5281', 'U5669', 'U1737', 'U6793', 'U10388', 'U11323', 'U10750', 'U2606']",8
U4056,"['U5220', 'U12663', 'U4156', 'U1409', 'U3046', 'U8068']",6
U4057,"['U13503', 'U8898', 'U11764', 'U2977', 'U14203']",5
U4058,"['U7775', 'U4827', 'U4217', 'U5540']",4
U4059,"['U14289', 'U9054', 'U9528']",3
U4060,"['U10525', 'U11871']",2
U4061,"['U9103', 'U1495', 'U8149', 'U10553', 'U12822', 'U12661', 'U9333', 'U11929']",8
U4062,"['U1799', 'U11226', 'U6645', 'U3015']",4
U4063,"['U2377', 'U8147', 'U6924', 'U9362', 'U817']",5
U4064,"['U12751', 'U2852', 'U8221', 'U1691', 'U10629']",5
U4065,"['U4010', 'U3540']",2
U4066,"['U126', 'U3230', 'U652']",3
U4067,"['U13121', 'U9465']",2
U4068,"['U466', 'U2707']",2
U4069,"['U3053', 'U1037', 'U7332']",3
U4070,"['U4284', 'U6366']",2
U4071,"['U876', 'U2056', 'U6696', 'U7373', 'U12843', 'U7433', 'U12370']",7
U4072,"['U6751', 'U9738', 'U14934', 'U12189', 'U11863', 'U13863', 'U6929', 'U4614', 'U7458']",9
U4073,"['U13562', 'U14418', 'U7651', 'U12568', 'U4399', 'U2793']",6
U4074,"['U10122', 'U10337', 'U5938']",3
U4075,"['U4444', 'U7511', 'U1690', 'U2601']",4
U4076,"['U12957', 'U11834', 'U10999', 'U5111', 'U2598', 'U12843']",6
U4077,"['U12237', 'U14345', 'U8905']",3
U4078,"['U5048', 'U6945', 'U12435', 'U13685', 'U11772']",5
U4079,"['U11128', 'U9653', 'U5515', 'U12493']",4
U4080,"['U11036', 'U6799', 'U6661']",3
U4081,"['U6104', 'U2889', 'U14630', 'U8259', 'U1055', 'U2018', 'U3181', 'U12908']",8
U4082,"['U11627', 'U2404', 'U3435', 'U13610', 'U4330', 'U767']",6
U4083,"['U3648', 'U4359', 'U12150']",3
U4084,"['U11480', 'U2583', 'U10114', 'U1432', 'U13384', 'U7962', 'U6006', 'U347', 'U13583']",9
U4085,"['U2528', 'U3416', 'U10997', 'U5793', 'U12449', 'U8154', 'U1420']",7
U4086,"['U3505', 'U13940', 'U13385', 'U5989', 'U4153', 'U11', 'U3615']",7
U4087,"['U3785', 'U223', 'U8374', 'U7757', 'U8361']",5
U4088,"['U10327', 'U14153', 'U13238', 'U8156', 'U1906']",5
U4089,"['U1382', 'U14162', 'U11174', 'U8104', 'U4945', 'U5710', 'U3207', 'U13513', 'U11712']",9
U4090,"['U1018', 'U12727', 'U11176']",3
U4091,"['U1270', 'U6147']",2
U4092,"['U2634', 'U8513', 'U11951', 'U8452', 'U7986', 'U2879', 'U8943']",7
U4093,"['U13457', 'U7094', 'U10951', 'U8769']",4
U4094,"['U1271', 'U6928']",2
U4095,"['U14101', 'U6254']",2
U4096,"['U6218', 'U8814', 'U11337']",3
U4097,"['U2003', 'U5806', 'U5721']",3
U4098,['U4501'],1
U4099,"['U5076', 'U12060', 'U6922', 'U1706']",4
U4100,"['U13412', 'U5375']",2
U4101,"['U14691', 'U448', 'U3401', 'U2356', 'U5562', 'U2983']",6
U4102,"['U4634', 'U5899', 'U4269', 'U6680']",4
U4103,"['U4698', 'U659', 'U14947', 'U1061', 'U102', 'U7429', 'U7370', 'U14271', 'U13720', 'U7977', 'U10490']",11
U4104,"['U13911', 'U10715', 'U14941', 'U4702', 'U3134', 'U5406', 'U6808', 'U8013']",8
U4105,"['U3101', 'U8695', 'U4958']",3
U4106,"['U13846', 'U8473']",2
U4107,"['U13912', 'U7850', 'U11443', 'U7604', 'U11702']",5
U4108,"['U631', 'U224', 'U2082', 'U14300']",4
U4109,"['U95', 'U9439', 'U4354', 'U8271', 'U9063']",5
U4110,"['U4588', 'U5602', 'U13422', 'U708', 'U10885', 'U8707', 'U9402', 'U8447', 'U3333']",9
U4111,"['U2840', 'U8335', 'U12914']",3
U4112,"['U4202', 'U14842', 'U8215', 'U5510', 'U6853']",5
U4113,"['U3742', 'U966', 'U5080', 'U6991', 'U4143', 'U3905', 'U6687', 'U8077', 'U5750', 'U9050', 'U5322', 'U4631']",12
U4114,"['U9228', 'U7568', 'U6696', 'U809']",4
U4115,"['U11078', 'U5641', 'U8904', 'U4659', 'U9769', 'U240', 'U9997']",7
U4116,"['U7771', 'U1874', 'U5689']",3
U4117,"['U12800', 'U14038', 'U13611', 'U14171']",4
U4118,"['U8375', 'U13497', 'U12134', 'U11076', 'U12177']",5
U4119,"['U12926', 'U3938', 'U6673', 'U12609', 'U138', 'U12463', 'U9736', 'U7824']",8
U4120,"['U4098', 'U7523', 'U3029', 'U4524']",4
U4121,"['U5218', 'U5484', 'U1274']",3
U4122,"['U1574', 'U10845', 'U10992', 'U6441', 'U5402']",5
U4123,"['U4252', 'U4328', 'U12134']",3
U4124,"['U6718', 'U10524']",2
U4125,"['U9507', 'U13924', 'U13575']",3
U4126,"['U13051', 'U3226', 'U768']",3
U4127,"['U2544', 'U8797', 'U1911', 'U1929', 'U7309', 'U8016', 'U2074', 'U245', 'U8327', 'U4825']",10
U4128,"['U1131', 'U3840', 'U12226', 'U10474', 'U13561', 'U6902', 'U2141', 'U7048']",8
U4129,"['U6580', 'U5820', 'U13178', 'U508', 'U4135', 'U210', 'U5937']",7
U4130,"['U4931', 'U5776', 'U4110', 'U2644']",4
U4131,"['U84', 'U6773', 'U2854']",3
U4132,"['U12978', 'U6637', 'U12178', 'U9976']",4
U4133,"['U6740', 'U11525', 'U14971', 'U5348']",4
U4134,"['U1294', 'U8898', 'U4411', 'U8688', 'U9321', 'U10737']",6
U4135,"['U11558', 'U5011']",2
U4136,"['U10244', 'U8530', 'U8690', 'U13348', 'U7938', 'U10663']",6
U4137,"['U5705', 'U5152', 'U7390', 'U4980', 'U1733']",5
U4138,"['U14778', 'U9254', 'U9459', 'U10803', 'U10121']",5
U4139,"['U3996', 'U13068', 'U180', 'U1577', 'U7484']",5
U4140,"['U8764', 'U2509', 'U14471']",3
U4141,"['U13333', 'U13283', 'U8608', 'U5927']",4
U4142,"['U5671', 'U4570', 'U11000', 'U2009']",4
U4143,"['U9927', 'U14990', 'U6303', 'U1714', 'U3628']",5
U4144,"['U3765', 'U7945', 'U6211', 'U9512', 'U6309']",5
U4145,['U14430'],1
U4146,"['U8804', 'U8643']",2
U4147,"['U14629', 'U4879', 'U11421', 'U6815', 'U10363']",5
U4148,"['U2772', 'U11269', 'U10436']",3
U4149,"['U9273', 'U13851', 'U14621', 'U892', 'U14276']",5
U4150,"['U5594', 'U2885', 'U7803', 'U1966', 'U1604']",5
U4151,"['U11697', 'U9121', 'U12232', 'U1022', 'U12653']",5
U4152,"['U4560', 'U8448', 'U4278', 'U1857']",4
U4153,"['U7664', 'U14562', 'U5662', 'U5907', 'U6487', 'U14855', 'U11289']",7
U4154,"['U1791', 'U13171', 'U4038', 'U1277', 'U14564', 'U11891']",6
U4155,"['U9021', 'U13941', 'U5061', 'U9255', 'U13965', 'U5686']",6
U4156,"['U11294', 'U11269', 'U9800', 'U13096', 'U14524', 'U3674', 'U12651', 'U7495']",8
U4157,"['U757', 'U316', 'U10853', 'U2510', 'U1305', 'U9933']",6
U4158,['U3268'],1
U4159,"['U8344', 'U9827', 'U7123', 'U7121']",4
U4160,"['U4700', 'U11935', 'U10059', 'U14160', 'U7719', 'U1618', 'U6946', 'U12076']",8
U4161,"['U10830', 'U9975', 'U11409', 'U7854']",4
U4162,"['U4064', 'U4086', 'U4810', 'U2826']",4
U4163,"['U8650', 'U14522', 'U3290', 'U13036']",4
U4164,"['U11125', 'U12084', 'U10314', 'U2580']",4
U4165,"['U9622', 'U2429', 'U5446', 'U13154', 'U1871', 'U4439', 'U6508', 'U7710', 'U4256', 'U2455']",10
U4166,"['U7805', 'U11308', 'U6897', 'U11223', 'U6569', 'U7054']",6
U4167,"['U2763', 'U4658', 'U14828', 'U1310', 'U12520']",5
U4168,"['U7395', 'U3008', 'U6113', 'U12905']",4
U4169,"['U9020', 'U13609', 'U1489', 'U3568']",4
U4170,['U6052'],1
U4171,"['U7660', 'U4732', 'U8255', 'U7196']",4
U4172,"['U2641', 'U4048', 'U13304', 'U7235', 'U14875']",5
U4173,"['U5175', 'U2116', 'U87', 'U11566', 'U5049', 'U14799']",6
U4174,"['U8203', 'U4793', 'U12864']",3
U4175,"['U3199', 'U1192', 'U3914']",3
U4176,"['U5554', 'U6156', 'U1083', 'U7989']",4
U4177,"['U7067', 'U3793']",2
U4178,"['U5459', 'U5472', 'U10547', 'U4952', 'U2269']",5
U4179,"['U3095', 'U14152', 'U12272', 'U9740', 'U2518', 'U7267', 'U4920', 'U9901']",8
U4180,"['U1725', 'U1047', 'U14035', 'U11797', 'U5196']",5
U4181,"['U10779', 'U2124', 'U1500', 'U150', 'U6429', 'U9654', 'U7657']",7
U4182,"['U4793', 'U8255', 'U13567', 'U14986', 'U736', 'U5429']",6
U4183,"['U13275', 'U8552', 'U14670']",3
U4184,"['U12285', 'U351', 'U13170']",3
U4185,"['U760', 'U9864', 'U10945', 'U9536', 'U5309']",5
U4186,"['U5295', 'U13964', 'U10971', 'U12464']",4
U4187,['U8318'],1
U4188,"['U6626', 'U9035', 'U9551', 'U7860', 'U6547']",5
U4189,['U9567'],1
U4190,"['U8760', 'U5842', 'U11509', 'U4774']",4
U4191,"['U6080', 'U451', 'U4355']",3
U4192,"['U3504', 'U10286', 'U255', 'U12724', 'U28']",5
U4193,"['U12956', 'U8810', 'U1775', 'U5649']",4
U4194,"['U10571', 'U12570', 'U13095', 'U13150', 'U5820']",5
U4195,"['U3457', 'U11792', 'U11304', 'U7754', 'U7932', 'U12473']",6
U4196,"['U882', 'U5087', 'U4079', 'U12741', 'U12973']",5
U4197,"['U8755', 'U6860', 'U9363', 'U10909', 'U12030']",5
U4198,"['U5475', 'U4671', 'U9373', 'U14101', 'U1512']",5
U4199,"['U5648', 'U1399', 'U2121']",3
U4200,"['U6332', 'U14655', 'U5477']",3
U4201,"['U5238', 'U2925', 'U7394', 'U3147']",4
U4202,"['U5347', 'U13445', 'U1918', 'U2828', 'U2015', 'U8885', 'U13416', 'U6973', 'U440', 'U1261']",10
U4203,"['U2581', 'U13157', 'U6417', 'U5918', 'U3584', 'U1298', 'U12719', 'U11712']",8
U4204,"['U10287', 'U6004', 'U3501', 'U2294', 'U12797']",5
U4205,"['U3768', 'U7851', 'U10762']",3
U4206,"['U10933', 'U4480', 'U5261', 'U7628']",4
U4207,"['U2445', 'U10325', 'U5364']",3
U4208,"['U5480', 'U6346', 'U9624', 'U13124', 'U4159']",5
U4209,"['U4941', 'U12049', 'U13471']",3
U4210,"['U3473', 'U11463', 'U2576', 'U13421', 'U14215']",5
U4211,"['U7168', 'U5846', 'U8921']",3
U4212,"['U139', 'U7193']",2
U4213,"['U5380', 'U537', 'U6921', 'U10458', 'U6108']",5
U4214,"['U5851', 'U9256', 'U14346', 'U8996']",4
U4215,"['U12742', 'U1991', 'U14257', 'U6771', 'U12466', 'U3399']",6
U4216,"['U14014', 'U12071', 'U11458', 'U13181', 'U11379']",5
U4217,"['U13044', 'U4444']",2
U4218,"['U5994', 'U7565', 'U8266', 'U453', 'U3690', 'U1393']",6
U4219,"['U11274', 'U12071']",2
U4220,"['U8438', 'U13907', 'U9893', 'U2082', 'U146', 'U9944']",6
U4221,"['U9384', 'U7910', 'U4406', 'U273', 'U9595']",5
U4222,"['U10356', 'U13269', 'U3264', 'U7539', 'U3315']",5
U4223,"['U2432', 'U4127', 'U12712', 'U5477']",4
U4224,"['U7084', 'U8181', 'U11672', 'U893', 'U2717', 'U3895']",6
U4225,"['U2243', 'U10737', 'U12532']",3
U4226,"['U5676', 'U12020', 'U576', 'U11461', 'U14097']",5
U4227,['U6173'],1
U4228,"['U9259', 'U6269', 'U20', 'U6051', 'U14496', 'U3184']",6
U4229,"['U5500', 'U7294', 'U7088', 'U10451', 'U1417', 'U7596', 'U2389']",7
U4230,"['U378', 'U5157', 'U14522', 'U3125', 'U8208', 'U5212', 'U5208', 'U5240']",8
U4231,"['U4758', 'U5459', 'U11576', 'U1927', 'U6714', 'U6846', 'U14573']",7
U4232,"['U6007', 'U11812', 'U14045', 'U8559', 'U6385', 'U13008', 'U14448']",7
U4233,"['U5937', 'U9967', 'U11199', 'U9763', 'U10387', 'U6857', 'U12843']",7
U4234,"['U3347', 'U8912', 'U6870', 'U13719', 'U7391', 'U11193', 'U7983', 'U517']",8
U4235,"['U7128', 'U9448', 'U6419', 'U1743']",4
U4236,"['U13969', 'U12821', 'U13540', 'U11167', 'U9717']",5
U4237,"['U9994', 'U11777', 'U5578', 'U4436', 'U1713']",5
U4238,"['U4889', 'U1889', 'U3149', 'U7549']",4
U4239,"['U7011', 'U9067', 'U5994', 'U7817', 'U7985']",5
U4240,['U13272'],1
U4241,"['U6373', 'U937', 'U12201', 'U4286', 'U14685', 'U4115', 'U10895', 'U7974']",8
U4242,"['U4270', 'U8703', 'U14032', 'U11176', 'U8339', 'U14940', 'U543']",7
U4243,"['U6225', 'U4338', 'U5543', 'U10115']",4
U4244,"['U13753', 'U14185', 'U14298', 'U149', 'U14548']",5
U4245,"['U7628', 'U6343', 'U4901', 'U5827', 'U7221', 'U12664', 'U7036']",7
U4246,"['U1649', 'U1173', 'U14980', 'U953', 'U1741', 'U14149', 'U11954', 'U8292']",8
U4247,"['U8405', 'U10954']",2
U4248,"['U8387', 'U6361', 'U14810', 'U4705', 'U7839', 'U14455']",6
U4249,"['U2612', 'U10109', 'U13033', 'U13380', 'U3867', 'U2145', 'U6957', 'U4621', 'U1133']",9
U4250,"['U9090', 'U9113', 'U1704']",3
U4251,"['U14416', 'U3887', 'U2645', 'U11462', 'U7622']",5
U4252,"['U3750', 'U14853', 'U6287']",3
U4253,"['U14298', 'U1419', 'U441', 'U3798', 'U5631', 'U6480', 'U8924']",7
U4254,"['U12143', 'U718', 'U13064', 'U14213', 'U4548', 'U9362']",6
U4255,['U2859'],1
U4256,"['U4619', 'U12965', 'U7963', 'U14801', 'U14779']",5
U4257,"['U14261', 'U11178', 'U350']",3
U4258,"['U6021', 'U14729', 'U6915', 'U9033', 'U5056', 'U1707', 'U9762', 'U10187']",8
U4259,"['U3136', 'U920', 'U6661', 'U2664']",4
U4260,"['U10337', 'U1675', 'U9532']",3
U4261,"['U10948', 'U8039']",2
U4262,"['U12460', 'U1212', 'U4870']",3
U4263,"['U466', 'U13855', 'U13090', 'U12779', 'U14403', 'U1610']",6
U4264,"['U1694', 'U1091', 'U5727', 'U9418', 'U13320']",5
U4265,"['U5895', 'U9483', 'U1584']",3
U4266,"['U3407', 'U13925']",2
U4267,"['U10716', 'U3361', 'U2529']",3
U4268,['U6930'],1
U4269,"['U7913', 'U425', 'U5799', 'U3916', 'U13484', 'U4477']",6
U4270,"['U14548', 'U13195', 'U10502', 'U2311', 'U3358']",5
U4271,"['U11930', 'U2626', 'U10947', 'U1776']",4
U4272,"['U5627', 'U10089', 'U13529', 'U2350', 'U9893', 'U373']",6
U4273,"['U5261', 'U14272']",2
U4274,"['U5708', 'U897']",2
U4275,"['U10577', 'U8479', 'U9622', 'U12860', 'U10605', 'U11891', 'U2424', 'U11064', 'U1627']",9
U4276,"['U9913', 'U3648', 'U2699', 'U10802']",4
U4277,"['U7068', 'U11748', 'U10701', 'U10357']",4
U4278,"['U5331', 'U14488']",2
U4279,"['U11574', 'U9395', 'U14008']",3
U4280,"['U5131', 'U1258', 'U790']",3
U4281,"['U5042', 'U1870', 'U49', 'U13155', 'U228']",5
U4282,"['U9956', 'U10967', 'U14876', 'U11883']",4
U4283,"['U9275', 'U11492', 'U14526', 'U11069', 'U8628', 'U8736']",6
U4284,"['U2160', 'U1070', 'U13562']",3
U4285,"['U5461', 'U12139', 'U4166', 'U9583', 'U973']",5
U4286,"['U7874', 'U11486', 'U647', 'U9044', 'U1753']",5
U4287,"['U12555', 'U1068', 'U4733', 'U146', 'U3988', 'U3623']",6
U4288,"['U11883', 'U2921', 'U7505', 'U3535', 'U8397', 'U10283']",6
U4289,"['U10042', 'U9521', 'U9831', 'U10051', 'U11109', 'U14656']",6
U4290,"['U11324', 'U1854', 'U10936', 'U12071', 'U7421', 'U6283']",6
U4291,"['U3110', 'U6939', 'U10955', 'U14621', 'U1076', 'U4749']",6
U4292,"['U5304', 'U9992', 'U2204', 'U4983', 'U7077']",5
U4293,"['U10697', 'U13524', 'U4668']",3
U4294,"['U1916', 'U6492', 'U3657', 'U1822', 'U8324', 'U6367', 'U6902']",7
U4295,"['U7004', 'U7269', 'U9771', 'U12393', 'U3535']",5
U4296,"['U11639', 'U14180', 'U7075', 'U8323', 'U1877', 'U1105']",6
U4297,"['U14245', 'U10291', 'U10443', 'U3797', 'U8389', 'U3383']",6
U4298,"['U11878', 'U10946', 'U5799', 'U14812', 'U2132', 'U14319', 'U12585', 'U3281']",8
U4299,"['U1556', 'U5665', 'U8376', 'U2205']",4
U4300,"['U4753', 'U12711', 'U12384']",3
U4301,"['U7577', 'U4450', 'U8416', 'U11791', 'U1265', 'U8665']",6
U4302,"['U2284', 'U2006', 'U8699', 'U14751', 'U14555', 'U427', 'U4875']",7
U4303,['U11161'],1
U4304,['U6513'],1
U4305,"['U11765', 'U12448', 'U13440', 'U11795', 'U7425', 'U13523', 'U9374', 'U14452', 'U10027', 'U13032']",10
U4306,"['U7805', 'U5818', 'U5883', 'U12257', 'U9144']",5
U4307,"['U2304', 'U5152', 'U14413', 'U5209', 'U7391']",5
U4308,"['U6178', 'U11849', 'U9170']",3
U4309,"['U9698', 'U13054', 'U1086', 'U8467', 'U2024']",5
U4310,"['U5787', 'U5773', 'U9849', 'U8360']",4
U4311,"['U4695', 'U7219', 'U5711']",3
U4312,"['U10722', 'U10273', 'U14559', 'U4983', 'U13086', 'U7097']",6
U4313,"['U1557', 'U6807', 'U3626', 'U12785', 'U4728', 'U3646', 'U6226', 'U4129', 'U3285']",9
U4314,"['U6898', 'U6640', 'U741', 'U2458', 'U5671', 'U10151']",6
U4315,['U9611'],1
U4316,"['U2436', 'U2186', 'U6423', 'U11754']",4
U4317,"['U70', 'U13655', 'U46']",3
U4318,"['U5319', 'U12567', 'U13527']",3
U4319,"['U665', 'U4844', 'U14929', 'U3582', 'U9740', 'U12777']",6
U4320,"['U4609', 'U6279', 'U3864']",3
U4321,"['U3170', 'U13110', 'U1574']",3
U4322,"['U12807', 'U4757', 'U3278', 'U8608', 'U4164']",5
U4323,"['U557', 'U12895', 'U9016', 'U14786', 'U1082', 'U12752', 'U10660', 'U11921']",8
U4324,"['U559', 'U1142', 'U6941', 'U12158', 'U2507', 'U12206']",6
U4325,"['U142', 'U10303', 'U5280', 'U7736']",4
U4326,['U14068'],1
U4327,"['U2926', 'U11934', 'U12572']",3
U4328,"['U10213', 'U11269']",2
U4329,"['U1740', 'U6300', 'U3440']",3
U4330,"['U5396', 'U6872']",2
U4331,"['U2174', 'U6837', 'U5004', 'U8177', 'U1521', 'U2124']",6
U4332,"['U5154', 'U4418', 'U6741', 'U3220', 'U9930']",5
U4333,"['U6109', 'U8602', 'U12127', 'U9173', 'U4631']",5
U4334,"['U520', 'U8824', 'U1957', 'U11961']",4
U4335,"['U14908', 'U8595', 'U4901']",3
U4336,"['U7636', 'U6041', 'U2626']",3
U4337,"['U2657', 'U9089']",2
U4338,"['U8192', 'U12167', 'U5641', 'U2013', 'U12531']",5
U4339,"['U14407', 'U2651', 'U3151', 'U14062', 'U9736', 'U11210', 'U10363', 'U7202', 'U944']",9
U4340,"['U8100', 'U4192', 'U7058']",3
U4341,"['U9402', 'U10785', 'U9628', 'U6020', 'U13694', 'U357']",6
U4342,"['U14602', 'U6079', 'U10165']",3
U4343,"['U6168', 'U14906', 'U2733', 'U7469', 'U9192', 'U11141', 'U13349']",7
U4344,"['U1614', 'U7842', 'U11226', 'U204']",4
U4345,"['U1746', 'U13755']",2
U4346,"['U4535', 'U14431', 'U5669', 'U2521', 'U2886']",5
U4347,['U7581'],1
U4348,"['U6303', 'U25', 'U1646', 'U7138']",4
U4349,"['U3916', 'U14272', 'U14540', 'U3426', 'U6098']",5
U4350,"['U10231', 'U6322', 'U1921', 'U1748', 'U372', 'U5952', 'U9001', 'U1133']",8
U4351,"['U9255', 'U27', 'U4501', 'U1388']",4
U4352,"['U11206', 'U3346', 'U6195', 'U8042', 'U10450']",5
U4353,"['U14286', 'U14792', 'U13770']",3
U4354,"['U10087', 'U5207', 'U5432', 'U5504', 'U5049', 'U3777', 'U3497']",7
U4355,"['U3197', 'U3865', 'U10855', 'U6498', 'U48']",5
U4356,"['U10309', 'U5404', 'U13018', 'U91']",4
U4357,"['U14455', 'U12879', 'U13607', 'U12880']",4
U4358,"['U8862', 'U5246', 'U3073', 'U4738', 'U11586']",5
U4359,"['U13642', 'U3856', 'U2291']",3
U4360,"['U11948', 'U3596', 'U11258', 'U2650', 'U3592', 'U5320', 'U12215']",7
U4361,"['U6263', 'U9998', 'U12460', 'U12571', 'U14193', 'U1228']",6
U4362,"['U9123', 'U6004']",2
U4363,"['U5914', 'U12313', 'U13564', 'U2601', 'U3679']",5
U4364,"['U5508', 'U8345', 'U12195', 'U8045', 'U13606', 'U10933', 'U2878', 'U4925']",8
U4365,"['U11679', 'U11667', 'U8193', 'U8713']",4
U4366,"['U4428', 'U6710', 'U3350', 'U2695', 'U4999']",5
U4367,"['U14322', 'U750', 'U12256', 'U11322']",4
U4368,"['U12068', 'U8211', 'U13382', 'U2412']",4
U4369,"['U13785', 'U7123', 'U5631', 'U80']",4
U4370,"['U9357', 'U8052', 'U286', 'U10309', 'U1020', 'U955', 'U13185']",7
U4371,['U5334'],1
U4372,"['U12045', 'U2593']",2
U4373,"['U13530', 'U3397', 'U14572', 'U2429']",4
U4374,"['U8818', 'U3556', 'U14294', 'U2275', 'U2184', 'U5351', 'U1130']",7
U4375,"['U3715', 'U1338', 'U11504', 'U11596', 'U6583']",5
U4376,"['U4650', 'U6201', 'U11566']",3
U4377,"['U3743', 'U11244', 'U9041', 'U3210', 'U8717', 'U11313', 'U6611', 'U3149']",8
U4378,"['U1958', 'U4972', 'U7978']",3
U4379,"['U14727', 'U3428', 'U3068', 'U10638', 'U11918']",5
U4380,['U3227'],1
U4381,"['U2892', 'U8460', 'U6938']",3
U4382,"['U6507', 'U811', 'U9540', 'U13521']",4
U4383,"['U8212', 'U7344', 'U6013', 'U12873', 'U13564']",5
U4384,"['U2404', 'U6099', 'U2134', 'U11328', 'U8732', 'U9951']",6
U4385,"['U9064', 'U5391']",2
U4386,"['U13113', 'U7196', 'U7731', 'U6985', 'U12913', 'U6018']",6
U4387,"['U7211', 'U6761']",2
U4388,"['U14646', 'U8407', 'U2719', 'U7749', 'U12741', 'U5135', 'U5733']",7
U4389,"['U1356', 'U9268', 'U12380', 'U10970', 'U6677']",5
U4390,"['U4161', 'U1989', 'U7801', 'U4089', 'U4572', 'U7914']",6
U4391,"['U13332', 'U5038', 'U5395', 'U1498']",4
U4392,"['U13384', 'U10884', 'U4845']",3
U4393,"['U14138', 'U8661', 'U7669', 'U14435', 'U4658']",5
U4394,"['U4213', 'U11093', 'U14662', 'U14157', 'U1007', 'U7111', 'U13275', 'U6906', 'U13867']",9
U4395,"['U3761', 'U10525', 'U735', 'U10569']",4
U4396,"['U7550', 'U6992']",2
U4397,"['U13233', 'U10022', 'U772', 'U3852', 'U4402']",5
U4398,"['U5602', 'U11531', 'U740']",3
U4399,"['U10889', 'U5451', 'U7000', 'U5939', 'U46']",5
U4400,"['U2833', 'U7178', 'U11575', 'U13928', 'U12054']",5
U4401,"['U4328', 'U10478', 'U2175']",3
U4402,"['U2264', 'U13437', 'U10816']",3
U4403,"['U2672', 'U5198', 'U14402']",3
U4404,"['U193', 'U9649', 'U12294', 'U8970', 'U6203', 'U12363']",6
U4405,"['U5396', 'U11724', 'U11568']",3
U4406,"['U4854', 'U9981', 'U5896', 'U1774', 'U2844']",5
U4407,"['U2956', 'U479', 'U2830', 'U101', 'U4177']",5
U4408,"['U1614', 'U5485', 'U4379', 'U14292', 'U14422', 'U11614', 'U8651']",7
U4409,"['U5027', 'U2419']",2
U4410,"['U11911', 'U3745', 'U12080', 'U5641', 'U9862']",5
U4411,"['U6838', 'U3596', 'U8780', 'U3327', 'U14002', 'U12774', 'U9101']",7
U4412,"['U13888', 'U2725', 'U10459']",3
U4413,"['U5635', 'U11306', 'U725', 'U10931', 'U8596', 'U9078', 'U6568']",7
U4414,"['U11596', 'U8468', 'U1600', 'U11494', 'U9960']",5
U4415,"['U577', 'U13184', 'U11672']",3
U4416,"['U11923', 'U12769']",2
U4417,"['U11892', 'U5643', 'U5020']",3
U4418,"['U2385', 'U2387', 'U11135']",3
U4419,"['U2623', 'U8382', 'U5999', 'U10049', 'U3282', 'U14341', 'U5527', 'U11139']",8
U4420,"['U8741', 'U5371', 'U12889', 'U9265']",4
U4421,"['U3030', 'U7987', 'U6229', 'U13731', 'U10101']",5
U4422,['U844'],1
U4423,"['U544', 'U11876', 'U10682', 'U5582', 'U3244', 'U1786']",6
U4424,['U10930'],1
U4425,"['U4811', 'U6589', 'U10215']",3
U4426,"['U7102', 'U6559', 'U11121', 'U762', 'U1496']",5
U4427,"['U3612', 'U14501', 'U12510']",3
U4428,"['U9089', 'U539', 'U14732', 'U3728', 'U13312', 'U9712']",6
U4429,"['U491', 'U14707', 'U5186', 'U703', 'U1369']",5
U4430,"['U1923', 'U14624', 'U11708', 'U1631', 'U4234', 'U2139', 'U10885', 'U14457', 'U7775']",9
U4431,"['U14703', 'U3462', 'U1673', 'U1108']",4
U4432,"['U14453', 'U443', 'U13611', 'U1659']",4
U4433,"['U3004', 'U10461']",2
U4434,"['U2354', 'U8374', 'U2717', 'U9623', 'U12866']",5
U4435,"['U1077', 'U12805', 'U10183', 'U8404']",4
U4436,"['U5566', 'U5262', 'U685']",3
U4437,"['U6482', 'U9029', 'U1945']",3
U4438,"['U502', 'U1325']",2
U4439,['U1996'],1
U4440,"['U12219', 'U11423', 'U12391', 'U8849', 'U12401', 'U5912']",6
U4441,"['U6322', 'U12997', 'U2329', 'U4753']",4
U4442,"['U3914', 'U2476']",2
U4443,"['U11860', 'U3060', 'U4532', 'U8955', 'U1481', 'U4821']",6
U4444,"['U10506', 'U13978', 'U4716', 'U6008', 'U7136', 'U4470', 'U3874']",7
U4445,"['U8089', 'U7766', 'U13247', 'U9652']",4
U4446,[],0
U4447,"['U12463', 'U2685']",2
U4448,"['U7646', 'U7819']",2
U4449,"['U11231', 'U14631', 'U1160', 'U340']",4
U4450,"['U13140', 'U8506', 'U8648', 'U12472', 'U11520']",5
U4451,"['U4273', 'U13015', 'U10463', 'U4312']",4
U4452,[],0
U4453,"['U152', 'U11103', 'U9818', 'U7496', 'U123', 'U12735']",6
U4454,['U942'],1
U4455,"['U2958', 'U6291', 'U7681', 'U7818', 'U10889', 'U11498']",6
U4456,"['U12068', 'U13473', 'U13993', 'U4921', 'U12503']",5
U4457,"['U11680', 'U7218', 'U6393', 'U3419']",4
U4458,"['U14444', 'U8072', 'U1376', 'U227', 'U10965']",5
U4459,"['U10481', 'U6270', 'U8823', 'U9067', 'U3159']",5
U4460,"['U1354', 'U481', 'U9778']",3
U4461,"['U6963', 'U13239', 'U4245', 'U1389', 'U3049']",5
U4462,"['U11787', 'U11452']",2
U4463,"['U1511', 'U778', 'U1679', 'U7891', 'U8561']",5
U4464,"['U1371', 'U9102', 'U7565', 'U5192', 'U11146', 'U12509']",6
U4465,"['U3458', 'U6090', 'U8403', 'U12390']",4
U4466,"['U14836', 'U580', 'U14777', 'U14826', 'U5385']",5
U4467,"['U11327', 'U12155', 'U11767', 'U4857', 'U9985', 'U2143', 'U9927', 'U14496', 'U6458']",9
U4468,"['U12450', 'U7270']",2
U4469,"['U9084', 'U14141', 'U12656', 'U6481', 'U14573']",5
U4470,"['U13763', 'U3216', 'U10560', 'U9634', 'U5239', 'U7813', 'U14319']",7
U4471,"['U6808', 'U6749']",2
U4472,"['U3120', 'U4607', 'U6952', 'U14577', 'U11357', 'U2779', 'U5157', 'U2173']",8
U4473,"['U1884', 'U3415', 'U14190', 'U1174', 'U8763']",5
U4474,"['U704', 'U9235', 'U14163', 'U13479', 'U5766', 'U1076']",6
U4475,"['U3291', 'U8524', 'U1028', 'U14555', 'U4190', 'U9583']",6
U4476,"['U10626', 'U330']",2
U4477,"['U1561', 'U1533', 'U7727', 'U12299', 'U10154', 'U5494', 'U11161', 'U7445', 'U4703', 'U6060', 'U13554', 'U13278', 'U10900', 'U4400']",14
U4478,"['U9172', 'U10269', 'U6091', 'U11989', 'U11680']",5
U4479,"['U10591', 'U6267', 'U9088', 'U14127']",4
U4480,"['U2019', 'U268']",2
U4481,"['U3673', 'U13981']",2
U4482,"['U8446', 'U14701', 'U10447', 'U7981']",4
U4483,"['U13060', 'U723', 'U11048', 'U5010', 'U6648']",5
U4484,['U1921'],1
U4485,"['U6452', 'U3022', 'U14847', 'U14969', 'U3591', 'U2447', 'U9425']",7
U4486,"['U10198', 'U13180', 'U5791', 'U8745', 'U1141', 'U3474', 'U4234']",7
U4487,"['U184', 'U13072', 'U8514', 'U2584', 'U7971', 'U1765']",6
U4488,"['U7849', 'U12416', 'U2813', 'U4066']",4
U4489,"['U9985', 'U2369', 'U13992', 'U14556', 'U8063', 'U14237', 'U8075']",7
U4490,"['U3168', 'U179']",2
U4491,"['U9213', 'U2024', 'U9711', 'U5007', 'U6573']",5
U4492,[],0
U4493,"['U13120', 'U13049', 'U14619', 'U13961', 'U14166']",5
U4494,"['U11439', 'U9033', 'U12892', 'U7010', 'U13162', 'U1890', 'U5781', 'U10840', 'U7925', 'U560']",10
U4495,"['U5658', 'U10152', 'U2037']",3
U4496,"['U12240', 'U6706', 'U9505', 'U400', 'U1042', 'U10584', 'U14201', 'U733', 'U12650']",9
U4497,"['U2585', 'U4952', 'U2723', 'U5775', 'U1443']",5
U4498,"['U13273', 'U14101', 'U6421', 'U10668', 'U1995', 'U10447']",6
U4499,"['U10359', 'U8770', 'U10326', 'U432']",4
U4500,"['U509', 'U14716', 'U7859', 'U7301', 'U12309', 'U14493', 'U3496', 'U9407', 'U1061']",9
U4501,"['U4411', 'U932', 'U4077', 'U7963']",4
U4502,"['U2612', 'U4785', 'U1935', 'U11707', 'U634']",5
U4503,"['U5935', 'U3673', 'U7461']",3
U4504,"['U10324', 'U10142', 'U13778', 'U11700']",4
U4505,"['U8546', 'U9125', 'U6264', 'U1368', 'U2980', 'U5185', 'U3692', 'U9811']",8
U4506,"['U11648', 'U14480', 'U8009', 'U10129', 'U7783', 'U3941', 'U9044']",7
U4507,"['U3863', 'U9998', 'U1342']",3
U4508,"['U10560', 'U7881', 'U14998', 'U12063']",4
U4509,"['U1196', 'U5089', 'U3563', 'U10746', 'U3875', 'U2942', 'U1708', 'U1637']",8
U4510,"['U3339', 'U11823', 'U13982']",3
U4511,"['U6355', 'U13633', 'U14795']",3
U4512,"['U4545', 'U12635', 'U1491', 'U3895']",4
U4513,"['U7972', 'U4422', 'U9015', 'U186', 'U250', 'U14126', 'U7447', 'U7967']",8
U4514,"['U4236', 'U8645', 'U14842', 'U10453']",4
U4515,[],0
U4516,"['U5091', 'U11533', 'U9188', 'U78']",4
U4517,"['U9512', 'U9387', 'U7487']",3
U4518,"['U9692', 'U9517', 'U2472', 'U9791', 'U2880', 'U14059']",6
U4519,"['U14114', 'U13440', 'U1714', 'U2274']",4
U4520,"['U3721', 'U13714', 'U4875', 'U11148', 'U12524']",5
U4521,"['U8266', 'U7231', 'U14119']",3
U4522,"['U3642', 'U4580', 'U11834', 'U9566', 'U12660', 'U2356']",6
U4523,"['U5727', 'U14156', 'U6234']",3
U4524,"['U11145', 'U1397', 'U4571']",3
U4525,"['U5804', 'U7343', 'U7041', 'U561', 'U880', 'U2712']",6
U4526,"['U4695', 'U5639', 'U3789', 'U4109', 'U11155', 'U9737']",6
U4527,"['U4008', 'U6253', 'U10826', 'U1875', 'U4675', 'U2272']",6
U4528,"['U7983', 'U3377', 'U12052', 'U5449']",4
U4529,"['U2112', 'U8280', 'U6469', 'U1832', 'U9910', 'U10432']",6
U4530,['U7882'],1
U4531,['U12265'],1
U4532,"['U6277', 'U12166', 'U8782', 'U14582']",4
U4533,"['U11734', 'U8290', 'U7344', 'U12740', 'U5717', 'U14840']",6
U4534,"['U67', 'U14341', 'U7893', 'U4363']",4
U4535,"['U7632', 'U164']",2
U4536,"['U2871', 'U12556', 'U5455']",3
U4537,"['U1160', 'U2275', 'U5251', 'U7016', 'U2028', 'U2482', 'U11859']",7
U4538,"['U2448', 'U10329']",2
U4539,"['U12002', 'U989', 'U12317', 'U10039', 'U14351']",5
U4540,"['U1999', 'U12983', 'U5427', 'U1909']",4
U4541,"['U3508', 'U13863', 'U8914', 'U5638', 'U6056', 'U13086']",6
U4542,"['U8738', 'U12689', 'U11678', 'U12278', 'U5208', 'U5448', 'U7616']",7
U4543,"['U10784', 'U14064', 'U1985', 'U5476', 'U2511']",5
U4544,"['U1609', 'U10547', 'U13888', 'U8176', 'U644', 'U8685']",6
U4545,"['U5941', 'U4061', 'U10731', 'U4844']",4
U4546,"['U1062', 'U3158', 'U14474', 'U14891', 'U7442', 'U13720']",6
U4547,"['U7035', 'U2423', 'U9837', 'U7802']",4
U4548,"['U7695', 'U6690']",2
U4549,"['U1282', 'U14288']",2
U4550,['U1170'],1
U4551,"['U10239', 'U12139', 'U1785', 'U9487']",4
U4552,"['U12962', 'U8049', 'U4', 'U11904', 'U10589', 'U4313', 'U8997']",7
U4553,"['U4676', 'U2954', 'U7718', 'U6068']",4
U4554,"['U6256', 'U1670', 'U6405', 'U8013']",4
U4555,"['U12846', 'U11271', 'U6078', 'U12447', 'U6156']",5
U4556,"['U13100', 'U3487', 'U5990', 'U5976', 'U3175', 'U1919']",6
U4557,"['U13890', 'U3850', 'U1385', 'U4313', 'U10141']",5
U4558,"['U14470', 'U4608', 'U14657', 'U6631', 'U11014', 'U7883', 'U8914', 'U10586']",8
U4559,"['U7552', 'U8060', 'U11811', 'U5667', 'U698']",5
U4560,"['U11689', 'U312', 'U8671']",3
U4561,"['U7882', 'U3002', 'U3732', 'U3691', 'U8104', 'U8373']",6
U4562,['U5182'],1
U4563,"['U14304', 'U11055', 'U4809', 'U14001', 'U9507', 'U5180', 'U4703', 'U2027', 'U3187']",9
U4564,['U2849'],1
U4565,"['U7107', 'U8334', 'U4736', 'U6292', 'U9327', 'U11399']",6
U4566,"['U1723', 'U1829', 'U7564', 'U11882', 'U6321', 'U12939']",6
U4567,"['U10781', 'U9515', 'U9230', 'U2841', 'U5283', 'U7456', 'U1879', 'U6124', 'U12988']",9
U4568,"['U14532', 'U5543', 'U1810', 'U2818', 'U398', 'U13276']",6
U4569,['U11476'],1
U4570,"['U6956', 'U7187', 'U11851']",3
U4571,['U6882'],1
U4572,"['U5119', 'U1215', 'U8367', 'U2932', 'U4855', 'U4989', 'U12435', 'U1665', 'U12547', 'U9335']",10
U4573,"['U14880', 'U10650', 'U9573', 'U13007', 'U7761', 'U9260']",6
U4574,['U10745'],1
U4575,"['U2217', 'U2301', 'U5296']",3
U4576,"['U13704', 'U692', 'U3533', 'U6105', 'U270']",5
U4577,"['U8802', 'U7120', 'U7290', 'U6753']",4
U4578,"['U8837', 'U3199', 'U5587', 'U5900', 'U10742']",5
U4579,"['U11210', 'U6174', 'U9066', 'U1723', 'U13467', 'U7333', 'U3036', 'U1400']",8
U4580,['U10656'],1
U4581,"['U6633', 'U6084', 'U334', 'U14497']",4
U4582,"['U5533', 'U4052', 'U5779', 'U14212', 'U3811', 'U752']",6
U4583,"['U7089', 'U2480', 'U2459', 'U8362', 'U4623']",5
U4584,"['U5839', 'U7025', 'U4387', 'U8186', 'U1468']",5
U4585,"['U3107', 'U9122']",2
U4586,"['U9542', 'U1252', 'U1166']",3
U4587,"['U5490', 'U6338', 'U6657']",3
U4588,"['U3408', 'U4113', 'U11108', 'U304', 'U6719', 'U4031']",6
U4589,"['U4738', 'U11831']",2
U4590,"['U6552', 'U3575', 'U7118', 'U10579', 'U4328', 'U2139', 'U14150', 'U10761']",8
U4591,"['U11295', 'U12753']",2
U4592,"['U6242', 'U13844', 'U12749']",3
U4593,"['U3064', 'U9254', 'U7085', 'U14490', 'U10327', 'U13815', 'U14848']",7
U4594,"['U2250', 'U1460', 'U9215', 'U5512', 'U2231', 'U3148']",6
U4595,"['U3436', 'U12819', 'U1059', 'U7074', 'U1324', 'U7137', 'U323']",7
U4596,"['U13519', 'U1803', 'U7865', 'U14310']",4
U4597,"['U14833', 'U4716', 'U10429']",3
U4598,"['U13587', 'U5522', 'U13911', 'U11397']",4
U4599,[],0
U4600,"['U14477', 'U3656', 'U1980', 'U8378', 'U14017', 'U8443', 'U6003', 'U5510']",8
U4601,"['U5878', 'U1809', 'U5724', 'U7548']",4
U4602,"['U187', 'U590', 'U3394', 'U6140', 'U6939', 'U8', 'U2441']",7
U4603,"['U14366', 'U5019', 'U5001', 'U6006', 'U10196', 'U4134', 'U10510']",7
U4604,"['U12805', 'U3720', 'U5717', 'U6502', 'U1886']",5
U4605,"['U12611', 'U3229']",2
U4606,"['U11468', 'U1708', 'U11818', 'U728']",4
U4607,"['U11366', 'U6007', 'U4434', 'U4801', 'U6299', 'U451']",6
U4608,"['U10471', 'U13993', 'U8998', 'U3394', 'U9844', 'U2158', 'U11466', 'U1674']",8
U4609,"['U13989', 'U11561', 'U1198']",3
U4610,"['U11664', 'U10117', 'U13889', 'U4565', 'U13698', 'U12710']",6
U4611,"['U6104', 'U9024', 'U4953', 'U996', 'U7165', 'U8613', 'U5974']",7
U4612,"['U12614', 'U6882', 'U10787', 'U3775', 'U12262', 'U9463']",6
U4613,"['U1634', 'U5941', 'U3860', 'U11316']",4
U4614,"['U11664', 'U6747', 'U3004', 'U1975', 'U7556', 'U9717']",6
U4615,"['U2798', 'U1370', 'U11036', 'U3703', 'U9121', 'U5641']",6
U4616,"['U8556', 'U3701', 'U9310', 'U6018', 'U3288', 'U6547', 'U10986', 'U3677']",8
U4617,"['U2493', 'U14236', 'U9938', 'U14452', 'U3072', 'U9444', 'U9064', 'U10735', 'U14302', 'U8438', 'U12915']",11
U4618,"['U3352', 'U14351']",2
U4619,"['U4703', 'U2497', 'U171', 'U7783', 'U2453', 'U8347', 'U10172']",7
U4620,"['U9153', 'U13717', 'U5290', 'U4612']",4
U4621,"['U8412', 'U12684', 'U5381', 'U10999']",4
U4622,"['U10656', 'U13889', 'U13198', 'U10332', 'U14076', 'U11726']",6
U4623,"['U2879', 'U6859', 'U7702', 'U9553', 'U2340', 'U12905', 'U984', 'U12133', 'U8114']",9
U4624,"['U12814', 'U8978']",2
U4625,"['U7501', 'U6403', 'U14523', 'U9871', 'U6532', 'U10972']",6
U4626,"['U7637', 'U10849', 'U745', 'U9538', 'U1045']",5
U4627,"['U10650', 'U2857']",2
U4628,"['U12399', 'U5894', 'U3382', 'U7147', 'U2191']",5
U4629,"['U3110', 'U12972', 'U14564']",3
U4630,"['U13675', 'U9993']",2
U4631,"['U12379', 'U4878', 'U4756']",3
U4632,"['U8212', 'U1277', 'U12758', 'U13916', 'U1868']",5
U4633,"['U4294', 'U2463', 'U3878', 'U3276', 'U14752']",5
U4634,"['U3198', 'U14951', 'U10807']",3
U4635,[],0
U4636,"['U3832', 'U11861', 'U13305', 'U7919', 'U12552', 'U7828']",6
U4637,"['U14348', 'U1861', 'U12649', 'U9199', 'U11930']",5
U4638,"['U11305', 'U4478', 'U14062', 'U5804', 'U10919']",5
U4639,"['U2060', 'U1304', 'U1262', 'U9442']",4
U4640,"['U7779', 'U1490', 'U3053', 'U117', 'U14898', 'U14581', 'U11839', 'U1438', 'U5090', 'U6779']",10
U4641,"['U4937', 'U12596', 'U11855', 'U1776', 'U6029', 'U2267']",6
U4642,"['U10095', 'U9844', 'U2903', 'U812', 'U10224']",5
U4643,"['U14825', 'U7622', 'U556', 'U8873', 'U5984']",5
U4644,"['U8151', 'U2259', 'U12223', 'U7249', 'U9593', 'U6195']",6
U4645,"['U10313', 'U6930']",2
U4646,[],0
U4647,"['U10550', 'U14731', 'U3733', 'U6933', 'U10401', 'U3620', 'U8811', 'U13822', 'U5220', 'U12552', 'U13942']",11
U4648,"['U8951', 'U12986', 'U12986', 'U11693', 'U11424']",5
U4649,"['U1460', 'U7545', 'U14616', 'U1560']",4
U4650,"['U9061', 'U287', 'U4837', 'U7256']",4
U4651,"['U6058', 'U6384', 'U9332', 'U7772', 'U1622', 'U2242']",6
U4652,"['U4398', 'U11306', 'U9434', 'U11544', 'U4912', 'U6370']",6
U4653,"['U8310', 'U2689']",2
U4654,"['U4774', 'U10771', 'U2847', 'U4447']",4
U4655,"['U9734', 'U224', 'U11018', 'U13067']",4
U4656,"['U11176', 'U13693', 'U1696', 'U2624', 'U9124', 'U7867', 'U1354', 'U865']",8
U4657,"['U12526', 'U6813']",2
U4658,['U14061'],1
U4659,"['U3932', 'U12371', 'U13538', 'U11898', 'U5566', 'U2063']",6
U4660,"['U12791', 'U12788', 'U13056', 'U338']",4
U4661,"['U9621', 'U3606', 'U14781', 'U13148']",4
U4662,"['U6699', 'U4026', 'U1269', 'U7993']",4
U4663,"['U7653', 'U12616', 'U13245', 'U48', 'U12725', 'U4883']",6
U4664,"['U8840', 'U352', 'U1139', 'U6913', 'U2144']",5
U4665,"['U172', 'U13181']",2
U4666,"['U917', 'U2053', 'U11141', 'U1538', 'U5886']",5
U4667,"['U196', 'U14693', 'U11937', 'U5255', 'U4799']",5
U4668,"['U5721', 'U3901', 'U10092', 'U5624']",4
U4669,"['U8216', 'U6352', 'U3774', 'U8850', 'U525', 'U4010', 'U14570']",7
U4670,"['U13086', 'U2079']",2
U4671,"['U4368', 'U3323', 'U4348', 'U10869']",4
U4672,"['U13113', 'U6425']",2
U4673,"['U1993', 'U11058', 'U5957', 'U1780']",4
U4674,['U13114'],1
U4675,"['U942', 'U1634', 'U6278', 'U7230', 'U5702', 'U6361', 'U3542']",7
U4676,"['U6303', 'U7252', 'U5357', 'U13472', 'U14327', 'U3841', 'U9086']",7
U4677,"['U2883', 'U14859', 'U6303', 'U4245', 'U7434', 'U10262']",6
U4678,"['U3592', 'U10985', 'U1162', 'U13106', 'U3780']",5
U4679,"['U3381', 'U8244', 'U14432', 'U621', 'U14018']",5
U4680,"['U2456', 'U10232']",2
U4681,"['U8828', 'U14222', 'U10385', 'U2722', 'U3493', 'U9950', 'U11031', 'U14994']",8
U4682,"['U2923', 'U7730', 'U6843', 'U5691', 'U9455', 'U925', 'U1802', 'U13252']",8
U4683,"['U3941', 'U12945', 'U8329', 'U13902', 'U9138', 'U10283', 'U9589']",7
U4684,"['U9920', 'U11178', 'U2920', 'U3903', 'U12622']",5
U4685,"['U7676', 'U4543']",2
U4686,"['U14013', 'U5014', 'U1826', 'U4136', 'U3224']",5
U4687,"['U7849', 'U13253', 'U3758', 'U7094', 'U10345']",5
U4688,"['U10402', 'U2211', 'U11898', 'U8339', 'U13201', 'U10871', 'U6417', 'U3776']",8
U4689,"['U2625', 'U2779', 'U4026', 'U12669', 'U7841']",5
U4690,['U6651'],1
U4691,"['U10105', 'U5132', 'U14001', 'U3312']",4
U4692,"['U11477', 'U3572', 'U7651', 'U8035', 'U7330', 'U522', 'U11949', 'U899', 'U8982']",9
U4693,"['U14831', 'U5782', 'U5184']",3
U4694,"['U2780', 'U1466', 'U2860', 'U3918']",4
U4695,"['U11996', 'U66', 'U582', 'U5457', 'U3026', 'U7909']",6
U4696,"['U8518', 'U14526', 'U5695', 'U12596', 'U14461', 'U3367']",6
U4697,"['U10890', 'U2027', 'U8889', 'U13056', 'U11816', 'U11463']",6
U4698,"['U3592', 'U7628', 'U6603', 'U3052', 'U6735', 'U3057', 'U14757', 'U6950']",8
U4699,"['U10110', 'U14894', 'U10418', 'U14583', 'U2747']",5
U4700,"['U4139', 'U6985', 'U9920', 'U1234', 'U507', 'U14501']",6
U4701,"['U8593', 'U194']",2
U4702,"['U5381', 'U10036', 'U10384', 'U5420', 'U1']",5
U4703,"['U12906', 'U511', 'U8488', 'U6460', 'U6475']",5
U4704,"['U11065', 'U2027', 'U4800', 'U6058', 'U12014', 'U783', 'U4373']",7
U4705,"['U6591', 'U11328', 'U12750', 'U11526', 'U5650', 'U8679', 'U6132']",7
U4706,"['U6790', 'U4697', 'U8370', 'U5965', 'U9030', 'U13466']",6
U4707,"['U2632', 'U3371', 'U11600', 'U12853', 'U14578', 'U5174']",6
U4708,"['U11372', 'U12915', 'U9053', 'U12407', 'U10612', 'U4301', 'U14396', 'U14241', 'U9193', 'U14801', 'U4730']",11
U4709,"['U12323', 'U7565']",2
U4710,"['U9816', 'U5745', 'U7613', 'U5380']",4
U4711,"['U9330', 'U9719', 'U9597', 'U14893', 'U12942']",5
U4712,"['U2884', 'U6392', 'U13991', 'U7607']",4
U4713,"['U2762', 'U12531', 'U14638', 'U8786', 'U13958', 'U10302', 'U6764', 'U11587']",8
U4714,"['U2413', 'U6000', 'U1573', 'U6933', 'U1789', 'U8296']",6
U4715,"['U9488', 'U6612', 'U6428', 'U2039']",4
U4716,"['U169', 'U6849', 'U3109', 'U6033', 'U983']",5
U4717,"['U4041', 'U12017', 'U1341', 'U9979', 'U2874']",5
U4718,"['U7703', 'U3733', 'U3447', 'U11543', 'U2706', 'U9741']",6
U4719,"['U3910', 'U3757', 'U5067', 'U1441', 'U4244', 'U12476', 'U8780']",7
U4720,"['U14941', 'U4930', 'U12472', 'U4215', 'U3510']",5
U4721,"['U9478', 'U9430', 'U12104', 'U1052', 'U4048', 'U12163']",6
U4722,"['U12347', 'U867', 'U1122', 'U676', 'U12618', 'U1136']",6
U4723,"['U6055', 'U11514', 'U12118', 'U8846']",4
U4724,['U3357'],1
U4725,"['U1687', 'U10608', 'U11388', 'U10973', 'U9825', 'U4555']",6
U4726,"['U4283', 'U11945']",2
U4727,"['U1966', 'U4108']",2
U4728,[],0
U4729,"['U1697', 'U14407']",2
U4730,"['U1791', 'U12385', 'U13175', 'U8089', 'U6891', 'U7430']",6
U4731,"['U8761', 'U4064', 'U663', 'U294', 'U13971', 'U324']",6
U4732,"['U4946', 'U2538', 'U12741', 'U12924', 'U12059', 'U8168', 'U14213', 'U6676', 'U6444']",9
U4733,"['U10187', 'U10345', 'U3641', 'U11693', 'U7215']",5
U4734,"['U9958', 'U4748', 'U3230', 'U13778', 'U12751']",5
U4735,"['U13378', 'U14561', 'U5170', 'U11463', 'U10546', 'U4393']",6
U4736,"['U3036', 'U4424', 'U2842', 'U5724']",4
U4737,"['U12902', 'U8957', 'U1583', 'U4856', 'U5474', 'U14629']",6
U4738,"['U14333', 'U96', 'U12117']",3
U4739,"['U13510', 'U2970', 'U48', 'U382', 'U8658', 'U14812']",6
U4740,"['U6417', 'U13943', 'U6204', 'U8905']",4
U4741,"['U3190', 'U1486', 'U12150', 'U82']",4
U4742,"['U1427', 'U14373']",2
U4743,"['U14957', 'U11335', 'U13187', 'U9729']",4
U4744,"['U2585', 'U14023', 'U11687', 'U5059', 'U13032', 'U12498']",6
U4745,"['U5662', 'U13123', 'U4139', 'U6476', 'U10565']",5
U4746,"['U3526', 'U9826', 'U5410', 'U1266']",4
U4747,"['U9001', 'U6417', 'U11608', 'U3481', 'U9303']",5
U4748,"['U6343', 'U4397', 'U3623', 'U1104']",4
U4749,"['U6943', 'U10550']",2
U4750,"['U9278', 'U4492', 'U11172', 'U4967']",4
U4751,"['U13804', 'U3028']",2
U4752,"['U14610', 'U8359', 'U11692', 'U11381', 'U1198', 'U1988']",6
U4753,"['U9521', 'U2869', 'U460']",3
U4754,"['U4096', 'U1134', 'U136', 'U7274', 'U3880', 'U8768', 'U13174']",7
U4755,"['U12154', 'U5953', 'U7719', 'U8793']",4
U4756,"['U6694', 'U8800', 'U12258', 'U1091']",4
U4757,['U2006'],1
U4758,"['U7399', 'U9026', 'U13285', 'U4105', 'U14657']",5
U4759,"['U6225', 'U7701', 'U11746', 'U5030', 'U2072', 'U7320', 'U4900']",7
U4760,"['U8021', 'U9936', 'U14440', 'U8372', 'U10023', 'U6389', 'U13666']",7
U4761,"['U12300', 'U9259']",2
U4762,"['U1542', 'U14683', 'U7876', 'U8970', 'U7183', 'U14221', 'U5374']",7
U4763,"['U6110', 'U5628', 'U11649', 'U2373']",4
U4764,"['U2212', 'U7597', 'U12896', 'U12883']",4
U4765,"['U7337', 'U4082', 'U595', 'U8288', 'U9082']",5
U4766,"['U7372', 'U13388', 'U14459', 'U2799']",4
U4767,"['U1285', 'U8358', 'U14519', 'U4716', 'U11760', 'U2929', 'U8386', 'U10435', 'U12640', 'U14488']",10
U4768,"['U13001', 'U5763', 'U2592']",3
U4769,"['U1094', 'U11705', 'U4259', 'U8231', 'U8062', 'U13594']",6
U4770,"['U3317', 'U3879', 'U2503']",3
U4771,"['U3807', 'U12398', 'U10292', 'U7571', 'U3766']",5
U4772,"['U14157', 'U1512', 'U8588']",3
U4773,"['U1344', 'U9217', 'U1892', 'U4550']",4
U4774,"['U14192', 'U7585', 'U3620', 'U2205', 'U193']",5
U4775,"['U1542', 'U13112', 'U12561', 'U10279', 'U13841']",5
U4776,"['U830', 'U2829', 'U12272', 'U2510', 'U10531', 'U13147', 'U3274']",7
U4777,"['U10237', 'U12485', 'U9998', 'U6620', 'U10057', 'U5545']",6
U4778,"['U307', 'U1117', 'U7295', 'U7461', 'U235', 'U14814', 'U8853']",7
U4779,"['U14020', 'U14222', 'U7600']",3
U4780,"['U3849', 'U4184', 'U5251', 'U11646', 'U3003', 'U7832', 'U6598']",7
U4781,"['U6399', 'U412', 'U8116', 'U13388']",4
U4782,"['U9969', 'U1376', 'U13668']",3
U4783,"['U8249', 'U12976', 'U5846', 'U4232', 'U9924']",5
U4784,"['U10416', 'U9560', 'U4330', 'U5689', 'U12965', 'U1578']",6
U4785,"['U10446', 'U14724']",2
U4786,"['U3031', 'U8773', 'U8279', 'U10658', 'U12035', 'U12529']",6
U4787,"['U301', 'U13983', 'U12576', 'U14486', 'U4426', 'U11085']",6
U4788,"['U11955', 'U5153', 'U2663', 'U6697', 'U5519', 'U8628', 'U14368', 'U8913']",8
U4789,"['U5284', 'U11418', 'U1353']",3
U4790,['U13650'],1
U4791,"['U3660', 'U6503', 'U4424']",3
U4792,"['U8370', 'U8664']",2
U4793,"['U4256', 'U2139', 'U1555', 'U10931', 'U5537', 'U2198', 'U3385', 'U6911']",8
U4794,"['U12818', 'U12160', 'U8367', 'U8710']",4
U4795,"['U502', 'U11465', 'U7297']",3
U4796,"['U6299', 'U4548', 'U861']",3
U4797,"['U5709', 'U13373']",2
U4798,"['U6865', 'U8533', 'U353', 'U5282', 'U2162']",5
U4799,"['U1626', 'U10478', 'U12996', 'U6912', 'U5032', 'U1144']",6
U4800,"['U11398', 'U11596', 'U7677']",3
U4801,"['U13404', 'U10879']",2
U4802,"['U4311', 'U1762', 'U10841', 'U14940', 'U1570', 'U5990']",6
U4803,"['U359', 'U13100', 'U9358', 'U8724', 'U7500', 'U201']",6
U4804,"['U14290', 'U5946', 'U6889', 'U5574', 'U3009', 'U10330']",6
U4805,"['U624', 'U2927', 'U5766', 'U2838', 'U12337', 'U10094', 'U12849', 'U8272', 'U1736']",9
U4806,"['U2258', 'U13852', 'U9625', 'U248']",4
U4807,"['U6040', 'U6081']",2
U4808,"['U9216', 'U3273', 'U12864', 'U3537', 'U1002', 'U5410', 'U1242', 'U944', 'U3396', 'U2703']",10
U4809,"['U13833', 'U6889', 'U8131', 'U9938']",4
U4810,"['U3233', 'U166', 'U12213', 'U1199']",4
U4811,"['U13829', 'U8039', 'U13751', 'U14504', 'U12310']",5
U4812,"['U12670', 'U11123', 'U12818', 'U6031']",4
U4813,"['U10916', 'U2884', 'U14017', 'U5759', 'U7665', 'U5070']",6
U4814,"['U5707', 'U14996', 'U10601', 'U3434', 'U472', 'U4600']",6
U4815,"['U8772', 'U13723', 'U506', 'U11558', 'U11885', 'U1235', 'U14190']",7
U4816,"['U3773', 'U4120', 'U9472']",3
U4817,"['U4520', 'U12787', 'U14842', 'U7266', 'U12392', 'U1145', 'U5177', 'U14997']",8
U4818,"['U6925', 'U7932', 'U4458']",3
U4819,"['U10379', 'U2553', 'U2689', 'U8458', 'U14070', 'U12203']",6
U4820,"['U11971', 'U1053', 'U10484']",3
U4821,"['U9667', 'U4886', 'U6842', 'U5088', 'U6972', 'U14185', 'U14700', 'U10205', 'U201']",9
U4822,"['U2568', 'U5330', 'U7169', 'U502', 'U1996', 'U14522', 'U9955', 'U5023', 'U4285', 'U14145']",10
U4823,"['U9243', 'U10237', 'U1714', 'U7254', 'U7913', 'U10519']",6
U4824,"['U9931', 'U4248', 'U7035']",3
U4825,['U4749'],1
U4826,"['U5161', 'U1000', 'U3401', 'U14889', 'U6868']",5
U4827,['U15'],1
U4828,"['U9296', 'U6445']",2
U4829,"['U3981', 'U6335', 'U254']",3
U4830,"['U14975', 'U14561', 'U13974', 'U8759', 'U8076']",5
U4831,"['U9740', 'U6930', 'U3412', 'U7587', 'U12063', 'U9384']",6
U4832,"['U1424', 'U3258', 'U4679', 'U8485']",4
U4833,"['U9195', 'U8127', 'U315', 'U1519', 'U5855', 'U2416']",6
U4834,"['U1042', 'U1821', 'U12496']",3
U4835,"['U5864', 'U2994', 'U10888', 'U4233', 'U3882']",5
U4836,"['U5204', 'U11311', 'U2300', 'U9474', 'U7974']",5
U4837,"['U6217', 'U13979', 'U2330', 'U2509', 'U11431', 'U8499']",6
U4838,"['U14809', 'U6809', 'U7858']",3
U4839,"['U5128', 'U13354', 'U7320']",3
U4840,[],0
U4841,"['U14751', 'U5322', 'U8371', 'U8418', 'U9720', 'U5375', 'U11291', 'U14348']",8
U4842,"['U6302', 'U5998', 'U13799', 'U10974', 'U11654']",5
U4843,"['U6251', 'U7602', 'U12034', 'U5264', 'U9308', 'U14312', 'U8847', 'U3580', 'U10165']",9
U4844,"['U7459', 'U146']",2
U4845,"['U2907', 'U4448', 'U10856', 'U2933', 'U4224', 'U3944', 'U8789', 'U10876', 'U13936']",9
U4846,"['U8867', 'U13336', 'U2913', 'U9222', 'U4902']",5
U4847,"['U9256', 'U11490', 'U7486', 'U10266']",4
U4848,"['U134', 'U5893', 'U13620', 'U3918', 'U10378', 'U3713']",6
U4849,"['U3000', 'U2098', 'U4769', 'U7193', 'U11527']",5
U4850,"['U3224', 'U470', 'U2322', 'U10693']",4
U4851,"['U13111', 'U11470', 'U13922', 'U14246', 'U5299', 'U7588', 'U10726']",7
U4852,"['U443', 'U14976', 'U12408']",3
U4853,"['U12197', 'U7610', 'U3245', 'U6029', 'U6987', 'U434']",6
U4854,"['U8210', 'U6490', 'U522', 'U9152', 'U14621', 'U13953']",6
U4855,"['U4712', 'U13600', 'U1695', 'U7591', 'U11676', 'U4441', 'U9131', 'U6396']",8
U4856,"['U10392', 'U12171', 'U13563']",3
U4857,"['U3836', 'U10890', 'U7418']",3
U4858,"['U13097', 'U5599', 'U9916', 'U12757', 'U3199']",5
U4859,"['U5983', 'U8228', 'U4341']",3
U4860,"['U868', 'U13523', 'U6246', 'U1347', 'U5122']",5
U4861,"['U11807', 'U1864', 'U7602', 'U3480', 'U10822']",5
U4862,"['U9458', 'U6487', 'U7146', 'U4338', 'U3753']",5
U4863,"['U8037', 'U4906', 'U14039', 'U3304']",4
U4864,"['U5698', 'U11642', 'U13203', 'U7541', 'U14235', 'U600']",6
U4865,"['U10382', 'U11763']",2
U4866,"['U13947', 'U11664', 'U11731', 'U10196', 'U4332', 'U14271']",6
U4867,"['U3754', 'U11363', 'U11448', 'U7472', 'U9811', 'U1989', 'U2697']",7
U4868,"['U6813', 'U10451', 'U9215', 'U6034', 'U3837', 'U3197']",6
U4869,"['U8935', 'U3788', 'U10734']",3
U4870,"['U78', 'U391', 'U1593', 'U6663']",4
U4871,"['U13725', 'U8889', 'U28']",3
U4872,"['U1344', 'U9749']",2
U4873,"['U4646', 'U7911', 'U2896', 'U2610', 'U623', 'U6704']",6
U4874,"['U10071', 'U380', 'U13085', 'U1597']",4
U4875,['U3869'],1
U4876,"['U8307', 'U7165']",2
U4877,"['U2871', 'U4548', 'U10498', 'U1913']",4
U4878,"['U13162', 'U13539', 'U1560', 'U1679']",4
U4879,"['U10257', 'U3264', 'U10495', 'U14625', 'U2005', 'U3112']",6
U4880,"['U9936', 'U3741', 'U1014', 'U8493']",4
U4881,"['U2367', 'U14582', 'U1916', 'U6466', 'U2373']",5
U4882,"['U14648', 'U11112', 'U11521']",3
U4883,"['U11253', 'U2815', 'U723', 'U7091', 'U11911', 'U5103', 'U8476']",7
U4884,"['U12088', 'U11636', 'U5467', 'U14973', 'U6055']",5
U4885,"['U7437', 'U8532', 'U7650', 'U4598', 'U10876']",5
U4886,"['U9255', 'U1034', 'U8892', 'U2118', 'U8341', 'U14700']",6
U4887,"['U3836', 'U4788', 'U4051']",3
U4888,"['U1440', 'U1212', 'U11972', 'U14489', 'U1418', 'U2581', 'U13441', 'U7521', 'U6933']",9
U4889,"['U1917', 'U2394']",2
U4890,"['U10863', 'U3883', 'U1599', 'U9768', 'U4890']",5
U4891,"['U5166', 'U11857', 'U13788', 'U4287', 'U9444', 'U1646']",6
U4892,"['U8042', 'U4008', 'U3254', 'U5512', 'U3758']",5
U4893,"['U14801', 'U10690', 'U8785']",3
U4894,"['U2533', 'U14764', 'U13711', 'U14950', 'U11895', 'U12578']",6
U4895,"['U2370', 'U13914', 'U1487', 'U10577']",4
U4896,"['U9616', 'U13391', 'U6532', 'U1045']",4
U4897,"['U5963', 'U11956', 'U14511', 'U13626', 'U6871', 'U665']",6
U4898,"['U8192', 'U8327', 'U1177', 'U8349', 'U274']",5
U4899,"['U14258', 'U14422', 'U6781', 'U4004']",4
U4900,"['U7714', 'U4739', 'U13202']",3
U4901,"['U4401', 'U11862', 'U5695', 'U10529', 'U6341']",5
U4902,"['U4939', 'U345', 'U8975']",3
U4903,"['U10151', 'U13328', 'U1520', 'U6932', 'U4372', 'U2943']",6
U4904,"['U13241', 'U14424', 'U6127', 'U11669', 'U9642']",5
U4905,"['U7203', 'U13469', 'U10745', 'U10754', 'U14278']",5
U4906,"['U447', 'U1585', 'U9549']",3
U4907,"['U13185', 'U6242', 'U3240']",3
U4908,"['U8938', 'U114', 'U2301', 'U5994', 'U2445', 'U3889']",6
U4909,"['U9390', 'U1566', 'U9220', 'U7159']",4
U4910,"['U4787', 'U8968', 'U6328', 'U10772', 'U9719', 'U4965']",6
U4911,"['U8934', 'U7049']",2
U4912,"['U525', 'U12124', 'U8476', 'U6201', 'U1548', 'U3881', 'U14638', 'U5111', 'U11097']",9
U4913,"['U13988', 'U14']",2
U4914,"['U4552', 'U8553', 'U4112', 'U409']",4
U4915,"['U8219', 'U909', 'U2056', 'U5840', 'U3133', 'U11395', 'U6809', 'U253']",8
U4916,"['U13654', 'U681', 'U14585']",3
U4917,"['U11714', 'U3011', 'U2430', 'U8657', 'U1950', 'U7666', 'U2976']",7
U4918,"['U8227', 'U12873', 'U2686', 'U11139', 'U14894']",5
U4919,"['U4125', 'U3897', 'U8412']",3
U4920,['U12530'],1
U4921,"['U8214', 'U10785', 'U6956', 'U4576', 'U14160', 'U4913', 'U8722', 'U11237']",8
U4922,"['U5592', 'U7074', 'U4886', 'U9412', 'U142', 'U7581']",6
U4923,"['U8635', 'U2228', 'U1733', 'U8799', 'U12763']",5
U4924,"['U2686', 'U14823', 'U7515']",3
U4925,"['U7435', 'U4256']",2
U4926,"['U9319', 'U6816']",2
U4927,"['U3029', 'U8668', 'U11164', 'U10906']",4
U4928,"['U13735', 'U13713', 'U1461', 'U10362', 'U11291', 'U2577', 'U9396', 'U995']",8
U4929,"['U13583', 'U7862', 'U3133']",3
U4930,"['U6523', 'U6542', 'U9870']",3
U4931,"['U3574', 'U5424', 'U1160', 'U11936', 'U5836', 'U8246']",6
U4932,"['U73', 'U2131', 'U4907']",3
U4933,"['U12013', 'U14053', 'U7958', 'U3611']",4
U4934,"['U5152', 'U2277', 'U9341', 'U6590']",4
U4935,"['U5581', 'U4146']",2
U4936,"['U8891', 'U7857', 'U2033']",3
U4937,"['U14407', 'U2128', 'U8005', 'U8420', 'U5366']",5
U4938,"['U12091', 'U2226', 'U495', 'U13208']",4
U4939,"['U5056', 'U9934', 'U8939', 'U4890', 'U235']",5
U4940,"['U4192', 'U268', 'U2632']",3
U4941,"['U12354', 'U6493']",2
U4942,"['U11978', 'U1169', 'U7715', 'U2034']",4
U4943,"['U3445', 'U6851', 'U8016', 'U10525', 'U12342', 'U8750']",6
U4944,"['U661', 'U14993', 'U7392', 'U13911', 'U7409', 'U12424', 'U11489', 'U8504']",8
U4945,"['U4999', 'U3124', 'U13194', 'U8146', 'U14431', 'U4596', 'U1074']",7
U4946,"['U10201', 'U2631']",2
U4947,[],0
U4948,"['U6980', 'U6369', 'U14007', 'U14739', 'U10921', 'U1917', 'U11232']",7
U4949,"['U2372', 'U14882', 'U14009', 'U9235', 'U12264']",5
U4950,"['U7016', 'U1547', 'U5956', 'U3997']",4
U4951,"['U10813', 'U3426', 'U194', 'U12746', 'U14717']",5
U4952,"['U7274', 'U2688', 'U7374', 'U5811', 'U4291', 'U99', 'U5069']",7
U4953,"['U9630', 'U8457', 'U8208', 'U4710', 'U9334']",5
U4954,"['U2005', 'U7184', 'U6115', 'U4956', 'U8932', 'U3648', 'U14739', 'U13797']",8
U4955,"['U6601', 'U3968', 'U6239', 'U10086', 'U8361']",5
U4956,"['U8498', 'U5036']",2
U4957,"['U11452', 'U12138', 'U4149', 'U485', 'U1972']",5
U4958,"['U9998', 'U1322', 'U241', 'U611', 'U6555', 'U1609', 'U9581']",7
U4959,"['U13725', 'U7061', 'U7675']",3
U4960,"['U13438', 'U904', 'U2832']",3
U4961,"['U12787', 'U7758']",2
U4962,"['U6273', 'U4280', 'U10624', 'U9892', 'U2205', 'U9149', 'U2320', 'U437', 'U453']",9
U4963,"['U6324', 'U14436', 'U6038', 'U9019', 'U4616']",5
U4964,"['U8917', 'U7231', 'U3809']",3
U4965,"['U2481', 'U14015', 'U12962', 'U12401', 'U12773']",5
U4966,"['U5673', 'U10808', 'U6326', 'U12047', 'U13490']",5
U4967,"['U14436', 'U9841', 'U4032', 'U8901', 'U12540']",5
U4968,"['U11049', 'U1414', 'U13589', 'U4030', 'U13616']",5
U4969,"['U7640', 'U6553', 'U1741', 'U13977']",4
U4970,"['U7290', 'U2230', 'U2455', 'U2371', 'U7282', 'U9298', 'U12492', 'U1826']",8
U4971,"['U13216', 'U10422', 'U9788', 'U13898', 'U5439']",5
U4972,"['U11624', 'U2267', 'U9281', 'U9526', 'U1031', 'U14515', 'U2454']",7
U4973,"['U3343', 'U11600', 'U13581']",3
U4974,"['U13433', 'U4179', 'U14471', 'U1146', 'U6678', 'U1850', 'U9169']",7
U4975,"['U10490', 'U2189', 'U10395', 'U12502', 'U2132', 'U1713', 'U6209', 'U11825']",8
U4976,"['U12732', 'U3396', 'U5238', 'U13756', 'U13856', 'U9303', 'U14000']",7
U4977,"['U9946', 'U6135', 'U1930', 'U6022', 'U6990']",5
U4978,"['U3950', 'U11358', 'U6154', 'U3679', 'U12650', 'U6066', 'U3341', 'U7901']",8
U4979,"['U7132', 'U900', 'U592', 'U10639', 'U8201', 'U13260', 'U13201', 'U11628']",8
U4980,"['U10740', 'U6067', 'U3385', 'U5307']",4
U4981,"['U6925', 'U5211', 'U10120', 'U3736', 'U2050', 'U8771', 'U6162']",7
U4982,"['U12450', 'U8326', 'U1028', 'U2445', 'U13385', 'U10211']",6
U4983,"['U576', 'U7112', 'U11962', 'U6561', 'U7889', 'U3231']",6
U4984,"['U10479', 'U8355', 'U3376', 'U14305']",4
U4985,"['U6066', 'U13605', 'U7828', 'U14340', 'U12731', 'U353']",6
U4986,"['U2904', 'U2868', 'U3234']",3
U4987,"['U11199', 'U13759', 'U7746']",3
U4988,"['U586', 'U12000', 'U1195', 'U4931']",4
U4989,"['U14525', 'U2526', 'U3785', 'U12214']",4
U4990,"['U10383', 'U13665', 'U829', 'U5417']",4
U4991,['U14918'],1
U4992,"['U11604', 'U5180', 'U3226', 'U4911', 'U13779', 'U12071']",6
U4993,"['U10101', 'U9641', 'U12041', 'U7005', 'U7394', 'U10039']",6
U4994,"['U1630', 'U6356', 'U3260']",3
U4995,"['U1531', 'U8842', 'U198', 'U6970', 'U3626']",5
U4996,"['U2820', 'U12470', 'U898', 'U10042', 'U83']",5
U4997,"['U11607', 'U11557', 'U771']",3
U4998,"['U4677', 'U997', 'U7222', 'U1876', 'U9234', 'U11234']",6
U4999,"['U2497', 'U12192', 'U10421', 'U62', 'U6146']",5
U5000,"['U5071', 'U4197', 'U8575', 'U5214', 'U10741', 'U4397']",6
U5001,"['U2657', 'U209', 'U8962']",3
U5002,"['U5115', 'U14118', 'U10075', 'U12130', 'U10646']",5
U5003,"['U5488', 'U3416', 'U11843', 'U8349', 'U8228', 'U6937']",6
U5004,"['U11576', 'U5300', 'U4666', 'U416', 'U12586', 'U5761', 'U189']",7
U5005,"['U2003', 'U5098', 'U2719', 'U12335', 'U11143']",5
U5006,"['U9706', 'U11522', 'U6211', 'U1865', 'U5697', 'U4973', 'U11859', 'U5588', 'U11730']",9
U5007,"['U4227', 'U12290', 'U10460', 'U227', 'U3968', 'U3884', 'U9711', 'U268', 'U14333']",9
U5008,"['U2139', 'U2930', 'U5970', 'U173', 'U6318']",5
U5009,"['U2383', 'U9649', 'U10668']",3
U5010,"['U5940', 'U12850', 'U8407', 'U8762', 'U7890', 'U13483', 'U2406', 'U13770', 'U6579']",9
U5011,"['U2928', 'U5092', 'U9653']",3
U5012,"['U5278', 'U7782', 'U11700', 'U12098', 'U5421', 'U78', 'U4727', 'U1262', 'U8904', 'U13806', 'U12203']",11
U5013,"['U10008', 'U10171', 'U3922']",3
U5014,"['U1430', 'U745', 'U818']",3
U5015,"['U4127', 'U8368', 'U5022', 'U6290']",4
U5016,"['U14169', 'U13409', 'U11236', 'U10557', 'U7364']",5
U5017,"['U5491', 'U1118', 'U13681', 'U5145', 'U8148']",5
U5018,"['U10633', 'U9067', 'U8385', 'U14174', 'U11612', 'U1693', 'U14730', 'U5042']",8
U5019,"['U4928', 'U4348', 'U7783', 'U3479']",4
U5020,"['U6797', 'U4820', 'U6200', 'U1765']",4
U5021,"['U6432', 'U11643', 'U12612', 'U8498', 'U4763', 'U5082', 'U10185']",7
U5022,"['U13030', 'U6650']",2
U5023,"['U11205', 'U14265', 'U12419', 'U1804', 'U1230']",5
U5024,"['U6372', 'U36', 'U7457', 'U7972', 'U6983', 'U8147', 'U14516']",7
U5025,"['U10391', 'U1625', 'U556']",3
U5026,"['U2610', 'U1307', 'U7385', 'U8472']",4
U5027,"['U7944', 'U12774', 'U2069', 'U9386', 'U2244']",5
U5028,"['U6846', 'U11305', 'U607', 'U9577']",4
U5029,"['U13215', 'U3298', 'U13861', 'U111', 'U3139']",5
U5030,"['U3513', 'U5414', 'U12143', 'U7297', 'U5197', 'U4511']",6
U5031,"['U2828', 'U2565', 'U5573', 'U12327', 'U10558', 'U3946', 'U9081']",7
U5032,"['U5811', 'U12969']",2
U5033,"['U10429', 'U4571', 'U4842', 'U10349']",4
U5034,"['U5973', 'U13086', 'U3065', 'U13664', 'U10649', 'U13938', 'U8986']",7
U5035,"['U4056', 'U5970', 'U12557']",3
U5036,['U1484'],1
U5037,"['U2812', 'U10990', 'U13044', 'U12649']",4
U5038,"['U504', 'U1890', 'U1378']",3
U5039,"['U2474', 'U7110']",2
U5040,"['U3183', 'U7818']",2
U5041,"['U7537', 'U12210', 'U13758', 'U14836', 'U8035', 'U14835', 'U9788', 'U352']",8
U5042,"['U2796', 'U14860', 'U5014', 'U1765', 'U14796', 'U1141', 'U14145']",7
U5043,"['U10182', 'U8777', 'U2505', 'U13384']",4
U5044,"['U7017', 'U8459', 'U10964', 'U14293']",4
U5045,['U3362'],1
U5046,"['U13832', 'U9981', 'U12004', 'U228']",4
U5047,"['U467', 'U8065', 'U13833', 'U12357']",4
U5048,"['U10817', 'U11588', 'U11784']",3
U5049,"['U6533', 'U5020', 'U8389', 'U1816', 'U2247']",5
U5050,"['U3017', 'U2380', 'U5217', 'U13268']",4
U5051,"['U56', 'U10757', 'U10182', 'U75', 'U7756', 'U13052', 'U8717', 'U5515']",8
U5052,"['U3009', 'U11010', 'U5636', 'U10506', 'U14015', 'U870', 'U4618']",7
U5053,['U5180'],1
U5054,"['U7649', 'U11787', 'U8821', 'U1303', 'U2850']",5
U5055,"['U2580', 'U5834', 'U5649', 'U2837']",4
U5056,"['U9602', 'U2991', 'U6920', 'U2100', 'U12690']",5
U5057,"['U5473', 'U13189', 'U8876', 'U13922']",4
U5058,"['U7221', 'U2537']",2
U5059,"['U5864', 'U10451', 'U1872', 'U11898', 'U7840', 'U3724', 'U8885']",7
U5060,"['U11318', 'U8831']",2
U5061,"['U640', 'U7122', 'U14949', 'U207']",4
U5062,"['U12232', 'U6708', 'U11571', 'U10456', 'U11830', 'U803', 'U12335', 'U2976', 'U5048']",9
U5063,"['U3059', 'U14321', 'U2030', 'U12484', 'U2017', 'U8799', 'U6317', 'U4286']",8
U5064,['U1380'],1
U5065,"['U7498', 'U4829', 'U6713', 'U14779', 'U7209']",5
U5066,"['U3223', 'U13626', 'U12944', 'U246', 'U10462', 'U7879']",6
U5067,"['U889', 'U10421', 'U12155', 'U11068', 'U11589', 'U11892', 'U13343', 'U8621', 'U3888']",9
U5068,"['U2801', 'U14331', 'U12956', 'U11857', 'U526', 'U5270']",6
U5069,"['U6370', 'U13679', 'U344', 'U11105', 'U10162', 'U10056', 'U5538', 'U6513', 'U2422', 'U13641']",10
U5070,"['U5014', 'U1900', 'U2876', 'U8612', 'U12878', 'U1856', 'U14084']",7
U5071,['U7955'],1
U5072,"['U601', 'U11529', 'U5948', 'U9633', 'U7341', 'U8639']",6
U5073,"['U9405', 'U14708']",2
U5074,"['U1501', 'U3902', 'U8733', 'U1230', 'U12418']",5
U5075,"['U14752', 'U11685', 'U3369']",3
U5076,"['U13961', 'U14919', 'U6433', 'U11311']",4
U5077,"['U169', 'U3083', 'U14506', 'U286', 'U12713', 'U1547', 'U13369']",7
U5078,"['U12913', 'U5873', 'U11175', 'U7252']",4
U5079,"['U14627', 'U4083', 'U5020', 'U5767', 'U3848', 'U705']",6
U5080,"['U3993', 'U12500', 'U13934', 'U7158', 'U683', 'U7105']",6
U5081,"['U10515', 'U14507', 'U14371']",3
U5082,"['U8242', 'U14048', 'U1479', 'U1388', 'U10331', 'U9649', 'U7189']",7
U5083,"['U1000', 'U9064', 'U13968', 'U12024', 'U9050', 'U2846']",6
U5084,"['U5154', 'U3472', 'U12523', 'U12548', 'U14549']",5
U5085,"['U6938', 'U14170', 'U720', 'U7543', 'U13162', 'U13023', 'U87']",7
U5086,"['U10102', 'U14997']",2
U5087,"['U4443', 'U14692', 'U13016']",3
U5088,"['U9127', 'U3605', 'U9069']",3
U5089,"['U10673', 'U12252', 'U4549', 'U7985', 'U14190', 'U5399']",6
U5090,"['U14522', 'U2190', 'U14110', 'U11271', 'U4800']",5
U5091,"['U12714', 'U11085', 'U1129', 'U1659', 'U11253', 'U4099']",6
U5092,"['U3334', 'U9197', 'U8316', 'U11779']",4
U5093,"['U2392', 'U10970', 'U4685', 'U14563']",4
U5094,"['U10904', 'U14868', 'U9627', 'U5236', 'U4240']",5
U5095,"['U5086', 'U13072', 'U4716', 'U11561']",4
U5096,"['U3393', 'U2257', 'U5405', 'U14844', 'U2511']",5
U5097,"['U14209', 'U33']",2
U5098,"['U8389', 'U4137', 'U13802', 'U3187', 'U4508', 'U7707', 'U13459']",7
U5099,"['U14335', 'U7498', 'U7225']",3
U5100,"['U7061', 'U2653', 'U4800']",3
U5101,"['U2152', 'U10140', 'U14886', 'U13217', 'U13902', 'U14747', 'U11085']",7
U5102,"['U8427', 'U7283', 'U1096']",3
U5103,"['U5626', 'U4654', 'U3811', 'U13676']",4
U5104,"['U11077', 'U397', 'U1751', 'U2285', 'U6244', 'U9946', 'U5659']",7
U5105,"['U6737', 'U6621', 'U13476', 'U3016']",4
U5106,"['U12670', 'U120', 'U4504', 'U14567']",4
U5107,"['U11947', 'U35']",2
U5108,"['U5379', 'U945', 'U250', 'U1979']",4
U5109,"['U970', 'U3825']",2
U5110,"['U10848', 'U1525', 'U4257', 'U3090']",4
U5111,"['U11054', 'U6599', 'U9410']",3
U5112,"['U3655', 'U3754', 'U14804', 'U6912', 'U6888', 'U12060']",6
U5113,"['U11885', 'U11578', 'U1766', 'U14361', 'U2885', 'U14201', 'U12107', 'U12563', 'U14965', 'U7707', 'U10213']",11
U5114,"['U9113', 'U5092', 'U8393']",3
U5115,"['U10656', 'U14437']",2
U5116,"['U7821', 'U11434']",2
U5117,"['U6944', 'U108', 'U2563', 'U11870', 'U12956']",5
U5118,"['U1383', 'U553', 'U8583']",3
U5119,"['U1508', 'U11200', 'U13981']",3
U5120,"['U2075', 'U11333', 'U4114', 'U3831', 'U8428', 'U545', 'U3244']",7
U5121,"['U12840', 'U10274', 'U11072']",3
U5122,"['U4424', 'U792', 'U14185', 'U14893', 'U3219']",5
U5123,"['U12744', 'U2606', 'U7603', 'U14748', 'U882', 'U8330', 'U5542', 'U970']",8
U5124,"['U2517', 'U3710', 'U2459', 'U11259', 'U7456', 'U3356']",6
U5125,"['U2269', 'U14822', 'U13166', 'U11898', 'U12570']",5
U5126,"['U9786', 'U3116']",2
U5127,"['U924', 'U10332', 'U11649', 'U7697']",4
U5128,"['U10021', 'U4798', 'U2332', 'U2964', 'U4168', 'U13937', 'U6074']",7
U5129,"['U1853', 'U3313', 'U544', 'U8376', 'U13274']",5
U5130,"['U2413', 'U8786', 'U10008', 'U2446', 'U10946', 'U5174']",6
U5131,"['U1603', 'U8223', 'U1905', 'U3204', 'U13904', 'U5461']",6
U5132,"['U6683', 'U5178', 'U10139', 'U13101']",4
U5133,"['U5948', 'U5388', 'U7305', 'U12359']",4
U5134,"['U9180', 'U6654']",2
U5135,"['U2120', 'U9908', 'U499', 'U6642', 'U1705', 'U4904', 'U2575', 'U5761', 'U12999']",9
U5136,"['U9198', 'U6834', 'U5283']",3
U5137,"['U5035', 'U6123', 'U2508', 'U306', 'U4422', 'U7494', 'U11503']",7
U5138,"['U10355', 'U1310', 'U2506', 'U13230', 'U5886']",5
U5139,"['U12531', 'U7939', 'U7573']",3
U5140,"['U1199', 'U7959', 'U7107', 'U13294']",4
U5141,['U1655'],1
U5142,"['U8573', 'U4745', 'U9857']",3
U5143,"['U11613', 'U4568', 'U7604', 'U1039', 'U9957', 'U12445', 'U4439']",7
U5144,[],0
U5145,"['U7571', 'U2993', 'U11007', 'U12022', 'U11106', 'U3043']",6
U5146,"['U249', 'U6262', 'U419']",3
U5147,"['U6299', 'U2147', 'U14091']",3
U5148,"['U6272', 'U12102', 'U1407', 'U5635']",4
U5149,"['U13851', 'U2123', 'U11402', 'U4346', 'U6112', 'U11457', 'U8650']",7
U5150,"['U9517', 'U13328', 'U4268', 'U12883', 'U13000']",5
U5151,"['U5836', 'U9984', 'U5745', 'U6781', 'U8402', 'U377', 'U5499', 'U12179', 'U8697', 'U5650', 'U4712']",11
U5152,"['U14790', 'U8180', 'U30', 'U13251', 'U14449']",5
U5153,"['U11336', 'U3597', 'U12084', 'U5443', 'U2522', 'U14601']",6
U5154,"['U9617', 'U7067', 'U6136', 'U4788', 'U10373', 'U7040']",6
U5155,"['U13146', 'U8376', 'U6303', 'U3649', 'U2192']",5
U5156,"['U6605', 'U2156']",2
U5157,"['U11762', 'U1717', 'U13975', 'U10549', 'U8887', 'U5532']",6
U5158,"['U9143', 'U12438', 'U14897', 'U8649', 'U10559']",5
U5159,"['U12718', 'U7160', 'U13069', 'U6484', 'U10266']",5
U5160,"['U14571', 'U5308', 'U10425']",3
U5161,['U1466'],1
U5162,"['U8329', 'U7724', 'U7115', 'U13765', 'U7192']",5
U5163,"['U13640', 'U4205', 'U5015', 'U10371', 'U9115', 'U1301', 'U7441']",7
U5164,"['U3687', 'U13677', 'U12015', 'U1452', 'U9197', 'U4308']",6
U5165,"['U12045', 'U2013', 'U10107']",3
U5166,"['U7016', 'U1177', 'U13070', 'U7555']",4
U5167,"['U6229', 'U11565', 'U7089', 'U9124', 'U8624', 'U5822']",6
U5168,"['U6143', 'U221']",2
U5169,"['U14659', 'U2711', 'U8682']",3
U5170,"['U1803', 'U5900', 'U10752', 'U12082', 'U184', 'U10631']",6
U5171,"['U10042', 'U7171', 'U11805', 'U13621', 'U13848', 'U5161', 'U585']",7
U5172,"['U10444', 'U9413', 'U7063', 'U1286', 'U2570', 'U9561', 'U1336', 'U12294']",8
U5173,"['U12172', 'U1594', 'U9646', 'U9391', 'U7060', 'U12826', 'U6445']",7
U5174,"['U9587', 'U1036', 'U6810']",3
U5175,"['U2950', 'U278']",2
U5176,"['U677', 'U14379', 'U6367', 'U10879', 'U11280', 'U7417', 'U3956', 'U5249', 'U759', 'U13540']",10
U5177,"['U7681', 'U12599', 'U9217', 'U7555', 'U6740', 'U12679']",6
U5178,"['U13724', 'U2521', 'U14578', 'U11885', 'U291']",5
U5179,"['U14192', 'U14125', 'U6275', 'U6727', 'U13680', 'U8209', 'U3315']",7
U5180,"['U2749', 'U11486', 'U8755', 'U11011']",4
U5181,"['U7647', 'U5560', 'U6897', 'U6755', 'U6978', 'U4281', 'U5506', 'U5172']",8
U5182,"['U13553', 'U1111', 'U6241', 'U9122', 'U7526', 'U1567', 'U7444']",7
U5183,[],0
U5184,"['U14150', 'U8791', 'U4026']",3
U5185,"['U3069', 'U14466', 'U13880', 'U6583', 'U7557', 'U10509', 'U3313']",7
U5186,"['U4714', 'U14508', 'U12289']",3
U5187,"['U11212', 'U8168', 'U6605', 'U6343', 'U9788']",5
U5188,"['U7171', 'U13363', 'U9669', 'U11000', 'U14759']",5
U5189,"['U14634', 'U8776', 'U1542', 'U8895']",4
U5190,"['U4102', 'U11153', 'U7367', 'U9734']",4
U5191,"['U8619', 'U5371', 'U8185', 'U1339']",4
U5192,"['U14353', 'U13202', 'U8275', 'U24', 'U10855']",5
U5193,"['U7554', 'U6725', 'U5566', 'U2956']",4
U5194,"['U4864', 'U5369', 'U13717', 'U3301', 'U14379']",5
U5195,"['U3816', 'U14578', 'U6754', 'U5583', 'U3344']",5
U5196,"['U1769', 'U1694', 'U10592', 'U2754', 'U8506', 'U7938']",6
U5197,"['U1691', 'U4046', 'U8761', 'U12902', 'U3182']",5
U5198,"['U5583', 'U14057', 'U10032', 'U11574', 'U2551']",5
U5199,"['U3190', 'U3924', 'U2474']",3
U5200,"['U5701', 'U7087', 'U9066']",3
U5201,"['U10492', 'U10465', 'U2054', 'U2025']",4
U5202,"['U7311', 'U10251', 'U832', 'U14825', 'U3780']",5
U5203,"['U10383', 'U11500', 'U8662', 'U12671', 'U11394', 'U624']",6
U5204,"['U13112', 'U3957', 'U12618', 'U4286']",4
U5205,"['U5163', 'U12695', 'U1813', 'U2679', 'U13465']",5
U5206,"['U11065', 'U14064', 'U7373', 'U5074']",4
U5207,"['U4165', 'U8247', 'U13481']",3
U5208,"['U5833', 'U3416', 'U9913', 'U11996']",4
U5209,"['U12765', 'U8691', 'U208', 'U11521', 'U14754']",5
U5210,"['U1807', 'U10944', 'U6877', 'U12039', 'U7395']",5
U5211,"['U9481', 'U13835', 'U13866', 'U4934', 'U10498', 'U7854', 'U10835', 'U10238', 'U5929', 'U7728']",10
U5212,"['U3658', 'U6024', 'U2786', 'U8936']",4
U5213,"['U5347', 'U5177', 'U13819', 'U4538', 'U11913', 'U10566', 'U14314']",7
U5214,"['U9092', 'U5595', 'U5984', 'U10611', 'U8081']",5
U5215,"['U274', 'U13660', 'U11673', 'U3202', 'U5641', 'U7244', 'U14630']",7
U5216,"['U12798', 'U2390', 'U430', 'U8029', 'U3194', 'U1047', 'U7424']",7
U5217,"['U14837', 'U12475', 'U7889', 'U908']",4
U5218,"['U11718', 'U6917', 'U12146', 'U13070', 'U3438']",5
U5219,"['U2', 'U7461']",2
U5220,['U3883'],1
U5221,"['U4672', 'U7479', 'U5756', 'U5550', 'U12666']",5
U5222,"['U4068', 'U10948', 'U2895', 'U5820', 'U5633']",5
U5223,"['U6379', 'U3682']",2
U5224,"['U1683', 'U11910', 'U10826', 'U1206']",4
U5225,"['U14639', 'U5408', 'U14118', 'U2711', 'U1130', 'U8863']",6
U5226,"['U954', 'U7642', 'U2996', 'U5200', 'U1695', 'U2053', 'U11213', 'U13964', 'U4263', 'U4311']",10
U5227,"['U5679', 'U3337', 'U3262']",3
U5228,"['U7', 'U8334', 'U7879']",3
U5229,"['U1116', 'U2068']",2
U5230,['U3448'],1
U5231,"['U4063', 'U12336', 'U2317', 'U1357']",4
U5232,"['U4583', 'U14705', 'U6961', 'U1142']",4
U5233,[],0
U5234,"['U1481', 'U6667', 'U12555', 'U14143', 'U2968']",5
U5235,"['U10176', 'U7398', 'U4199', 'U14810']",4
U5236,"['U1481', 'U422', 'U10258', 'U14638', 'U7396', 'U11609']",6
U5237,"['U10300', 'U14090']",2
U5238,"['U14354', 'U12400', 'U173', 'U12850', 'U4144', 'U11837', 'U7711', 'U14448']",8
U5239,['U11608'],1
U5240,"['U5705', 'U8474', 'U5826', 'U3302', 'U1215']",5
U5241,"['U9511', 'U4714', 'U7468', 'U13628']",4
U5242,"['U13443', 'U11308', 'U4312', 'U10510', 'U25']",5
U5243,['U1242'],1
U5244,"['U159', 'U14262', 'U6969', 'U12920']",4
U5245,"['U5730', 'U14933', 'U8298']",3
U5246,"['U10101', 'U3504', 'U4774', 'U13507']",4
U5247,"['U10666', 'U8990', 'U656', 'U14523', 'U12305']",5
U5248,"['U8797', 'U14709', 'U4490', 'U7497', 'U14092', 'U11237', 'U12064']",7
U5249,"['U3969', 'U4464', 'U9580']",3
U5250,"['U9696', 'U4173', 'U10978', 'U8030', 'U10639']",5
U5251,"['U2660', 'U9637', 'U6045']",3
U5252,"['U7745', 'U9565', 'U566', 'U5695']",4
U5253,"['U2847', 'U14577', 'U4876', 'U1801', 'U5206', 'U13819', 'U5318', 'U14039']",8
U5254,"['U3107', 'U5400', 'U150', 'U6009']",4
U5255,['U9513'],1
U5256,"['U5343', 'U3167', 'U10992', 'U14355', 'U8636', 'U11904', 'U2692', 'U851', 'U5750', 'U7173', 'U3203']",11
U5257,"['U12486', 'U2195', 'U11239', 'U498', 'U5800', 'U2908']",6
U5258,['U10840'],1
U5259,"['U4185', 'U1106', 'U9341', 'U2640', 'U11856', 'U4334']",6
U5260,"['U10526', 'U13289', 'U4188', 'U1278', 'U1053', 'U8261']",6
U5261,"['U5816', 'U1344', 'U4676', 'U7094']",4
U5262,"['U8185', 'U10891', 'U10026', 'U5593']",4
U5263,"['U12092', 'U4681']",2
U5264,['U4512'],1
U5265,"['U9667', 'U10781', 'U9825', 'U9527', 'U7865', 'U8937']",6
U5266,"['U2664', 'U14336', 'U10079', 'U4311']",4
U5267,"['U2427', 'U9291', 'U9093', 'U4618', 'U7067']",5
U5268,"['U933', 'U2434']",2
U5269,"['U6411', 'U6816', 'U3009']",3
U5270,"['U3978', 'U12187', 'U13313']",3
U5271,"['U9911', 'U3897', 'U10743']",3
U5272,"['U12206', 'U9303', 'U4664', 'U8077', 'U8711', 'U8671', 'U4109', 'U14200']",8
U5273,"['U13144', 'U14473', 'U12028', 'U1424', 'U5563', 'U11204', 'U14907']",7
U5274,"['U2549', 'U8832', 'U14579', 'U10749', 'U7963']",5
U5275,"['U10300', 'U8922', 'U8709', 'U9208']",4
U5276,"['U5103', 'U14707', 'U2091', 'U2862', 'U6832', 'U7999', 'U6485', 'U10238', 'U3816', 'U9362']",10
U5277,"['U5841', 'U6634', 'U5425']",3
U5278,"['U4932', 'U5632', 'U166', 'U4514', 'U8793']",5
U5279,"['U14801', 'U14731', 'U6373', 'U13095', 'U7570', 'U14695']",6
U5280,"['U4542', 'U3778', 'U14034', 'U4850', 'U11940', 'U11200', 'U1429', 'U8240']",8
U5281,"['U5831', 'U6526', 'U12415', 'U8789', 'U2533']",5
U5282,"['U1543', 'U7829', 'U3191', 'U492', 'U14541', 'U5916', 'U11833', 'U5230']",8
U5283,"['U14749', 'U4111', 'U9365']",3
U5284,"['U4935', 'U3649', 'U10248', 'U14151']",4
U5285,"['U14140', 'U13560', 'U2104', 'U6715', 'U14196', 'U2354', 'U14189']",7
U5286,"['U13158', 'U1378', 'U5861', 'U7256', 'U10465']",5
U5287,"['U1303', 'U10418', 'U3567', 'U1775', 'U12052', 'U3927', 'U8772', 'U7399', 'U10351', 'U1004']",10
U5288,"['U11628', 'U2024', 'U13800', 'U10036']",4
U5289,"['U12066', 'U5767', 'U4374', 'U2974', 'U14554', 'U12477']",6
U5290,"['U8889', 'U5373', 'U7113', 'U2604']",4
U5291,"['U4735', 'U13633', 'U3366', 'U2537', 'U7761', 'U9839', 'U6368']",7
U5292,"['U5534', 'U5925', 'U11614', 'U1798']",4
U5293,"['U14295', 'U9437', 'U13828', 'U1940', 'U14379', 'U10775']",6
U5294,"['U2470', 'U12916', 'U4928', 'U3914']",4
U5295,"['U994', 'U8588', 'U7038', 'U13879', 'U6926']",5
U5296,"['U3477', 'U2112', 'U8180', 'U7673', 'U14988', 'U14242', 'U12325']",7
U5297,"['U11344', 'U13429', 'U14166', 'U9565', 'U266', 'U5876', 'U3172', 'U10761', 'U10575', 'U10136']",10
U5298,"['U11421', 'U1499', 'U801', 'U11784', 'U14671', 'U14925', 'U11743']",7
U5299,"['U2581', 'U2985', 'U14373']",3
U5300,"['U2816', 'U3549', 'U2262', 'U14198']",4
U5301,"['U9476', 'U10450', 'U13443', 'U1242', 'U8345']",5
U5302,"['U13845', 'U7206', 'U10298']",3
U5303,"['U4127', 'U13778', 'U8171', 'U2170']",4
U5304,"['U3522', 'U11870', 'U4374', 'U4361']",4
U5305,"['U4663', 'U4586', 'U12595', 'U11339']",4
U5306,"['U5958', 'U931']",2
U5307,"['U7322', 'U5199', 'U5008']",3
U5308,"['U146', 'U6163', 'U6876', 'U14904', 'U11460', 'U2592', 'U8731', 'U3664']",8
U5309,"['U790', 'U4579', 'U9454', 'U6046', 'U9955']",5
U5310,"['U5269', 'U1912', 'U5311', 'U4563', 'U10237', 'U4110']",6
U5311,"['U6668', 'U7969', 'U11165', 'U6298', 'U2906']",5
U5312,"['U4820', 'U14663', 'U3722', 'U3498']",4
U5313,"['U7185', 'U3316', 'U10896', 'U8858', 'U9887', 'U12927', 'U2202', 'U5310']",8
U5314,"['U10047', 'U3564', 'U5006', 'U146', 'U2982', 'U11840']",6
U5315,"['U9791', 'U10669', 'U617', 'U4378', 'U4535', 'U9267', 'U106', 'U1196', 'U819', 'U3752', 'U58']",11
U5316,"['U4469', 'U655']",2
U5317,"['U11995', 'U781', 'U3450', 'U5916', 'U12216']",5
U5318,"['U6940', 'U6795', 'U14615']",3
U5319,"['U8211', 'U6191']",2
U5320,[],0
U5321,"['U14843', 'U11318', 'U4935', 'U9412', 'U4709']",5
U5322,[],0
U5323,"['U5988', 'U11042']",2
U5324,"['U8043', 'U2868', 'U12585', 'U12614', 'U10914']",5
U5325,"['U14319', 'U10098', 'U2594', 'U2825', 'U10701', 'U7629']",6
U5326,"['U715', 'U12170', 'U1839', 'U4787', 'U2134', 'U3006']",6
U5327,"['U6846', 'U3105', 'U12542']",3
U5328,"['U986', 'U14401', 'U445', 'U10356', 'U13117']",5
U5329,"['U8582', 'U12521', 'U14999', 'U2137', 'U12040', 'U845']",6
U5330,"['U10758', 'U5401', 'U13716']",3
U5331,"['U4316', 'U6322', 'U2360']",3
U5332,"['U3922', 'U13797']",2
U5333,"['U9007', 'U7441', 'U4627', 'U8790', 'U8121', 'U12238']",6
U5334,"['U8325', 'U4142', 'U3651', 'U13781', 'U3018']",5
U5335,"['U3421', 'U5065', 'U12267', 'U13917', 'U13873', 'U12401']",6
U5336,"['U7949', 'U5707', 'U1427', 'U2443', 'U4195', 'U1157', 'U6716', 'U11810', 'U8854']",9
U5337,"['U11886', 'U7360', 'U6597']",3
U5338,"['U3068', 'U4363', 'U4403', 'U9019', 'U314', 'U4663', 'U12964', 'U11718', 'U1477', 'U11692']",10
U5339,"['U10965', 'U1622', 'U9605', 'U5352', 'U7134', 'U2318', 'U8460', 'U1019']",8
U5340,"['U8507', 'U14292', 'U5402', 'U11461']",4
U5341,"['U12037', 'U4041', 'U4501', 'U12408']",4
U5342,"['U5151', 'U5431', 'U829', 'U1888', 'U3434']",5
U5343,"['U8211', 'U6790', 'U12710', 'U5772', 'U6704']",5
U5344,"['U3894', 'U13549', 'U7251', 'U470']",4
U5345,"['U151', 'U2699', 'U4692', 'U10351']",4
U5346,"['U1343', 'U14263', 'U11634', 'U3248']",4
U5347,"['U12075', 'U13339', 'U14620', 'U1103', 'U13508', 'U12954', 'U988']",7
U5348,"['U12574', 'U11038', 'U14984', 'U9526', 'U7787', 'U13825']",6
U5349,"['U9016', 'U12847', 'U12080', 'U13695', 'U13903', 'U11387', 'U1037']",7
U5350,"['U4994', 'U13596']",2
U5351,"['U1306', 'U12046', 'U14555']",3
U5352,"['U13593', 'U3643', 'U1010', 'U10649', 'U8858', 'U6146', 'U7453']",7
U5353,"['U2781', 'U7207', 'U998', 'U1978']",4
U5354,"['U9001', 'U6444', 'U10757', 'U4089', 'U10106', 'U9916']",6
U5355,"['U3598', 'U12408', 'U12622', 'U8247', 'U12537']",5
U5356,"['U6368', 'U11722', 'U7744', 'U12183']",4
U5357,"['U13969', 'U11482']",2
U5358,"['U1923', 'U1262']",2
U5359,"['U1551', 'U14462', 'U11846']",3
U5360,"['U8732', 'U9897', 'U12173', 'U8253', 'U13628', 'U1880']",6
U5361,"['U13523', 'U180', 'U5301', 'U29']",4
U5362,"['U6213', 'U13806']",2
U5363,"['U11052', 'U8170', 'U11773', 'U7630']",4
U5364,['U3168'],1
U5365,"['U11496', 'U81', 'U14192']",3
U5366,"['U11557', 'U13822', 'U65', 'U3736']",4
U5367,"['U7413', 'U5798', 'U5091']",3
U5368,"['U9035', 'U2183']",2
U5369,"['U6510', 'U3653']",2
U5370,"['U9696', 'U13479', 'U8715']",3
U5371,['U6184'],1
U5372,"['U13743', 'U9075', 'U7004', 'U1212', 'U3351', 'U8471']",6
U5373,"['U13449', 'U14497', 'U7066', 'U11223', 'U2746']",5
U5374,"['U10704', 'U10168', 'U9674', 'U46']",4
U5375,"['U3664', 'U1239', 'U354', 'U2168']",4
U5376,"['U4009', 'U12860', 'U3063', 'U7980']",4
U5377,"['U13198', 'U12700', 'U4060', 'U12484', 'U6886', 'U10159', 'U9439']",7
U5378,"['U8341', 'U12305', 'U157', 'U3112', 'U7741', 'U4265']",6
U5379,"['U13356', 'U3994']",2
U5380,"['U9984', 'U11627', 'U7349', 'U4461', 'U10341', 'U13582']",6
U5381,"['U3014', 'U513', 'U191', 'U2111']",4
U5382,"['U3463', 'U4357', 'U3875']",3
U5383,['U6628'],1
U5384,"['U11350', 'U12769', 'U12029', 'U4107', 'U10373', 'U9507', 'U2072', 'U6933']",8
U5385,"['U14098', 'U13384', 'U9418', 'U6229']",4
U5386,"['U695', 'U3453', 'U6970', 'U11323']",4
U5387,"['U7742', 'U9588', 'U1304', 'U5811', 'U8812', 'U4576', 'U2231', 'U1362', 'U856']",9
U5388,"['U3948', 'U4618', 'U10729', 'U10036', 'U6012', 'U8977', 'U13053']",7
U5389,"['U14375', 'U12155', 'U10918']",3
U5390,"['U14709', 'U925', 'U5538', 'U10653']",4
U5391,"['U7238', 'U4820', 'U6299', 'U37']",4
U5392,"['U10397', 'U9321', 'U7764', 'U4242']",4
U5393,"['U513', 'U2598', 'U3998', 'U8931', 'U13278', 'U10060']",6
U5394,"['U14005', 'U7449', 'U12515', 'U13330', 'U5423']",5
U5395,"['U7393', 'U10235', 'U4838', 'U1450']",4
U5396,"['U3682', 'U4929']",2
U5397,['U11789'],1
U5398,"['U6063', 'U6556', 'U6051', 'U14010', 'U7865', 'U11746']",6
U5399,"['U12776', 'U534', 'U14621', 'U5374', 'U12308', 'U7990', 'U7916']",7
U5400,"['U11060', 'U1934', 'U14314', 'U14345', 'U14551']",5
U5401,"['U11349', 'U11715', 'U703', 'U11664']",4
U5402,"['U4858', 'U8611', 'U2147', 'U10383', 'U7058', 'U3847', 'U10919', 'U6588']",8
U5403,"['U3883', 'U4429', 'U9579', 'U9873', 'U11750', 'U10488', 'U4317', 'U4325']",8
U5404,"['U62', 'U1015']",2
U5405,"['U10461', 'U11425', 'U13396']",3
U5406,"['U11068', 'U309', 'U381']",3
U5407,"['U4130', 'U11850', 'U9366', 'U7926', 'U7363', 'U7155', 'U11023']",7
U5408,"['U4231', 'U1655', 'U7932', 'U8742', 'U8460', 'U11762', 'U8895']",7
U5409,"['U6188', 'U13111', 'U2799', 'U5158', 'U11570', 'U7065', 'U4265', 'U1844']",8
U5410,"['U7514', 'U7772', 'U14600', 'U13818', 'U10690']",5
U5411,"['U13477', 'U10296', 'U1387', 'U14073', 'U8844']",5
U5412,"['U565', 'U3375', 'U6217', 'U8350', 'U6374', 'U2590', 'U9683', 'U14351', 'U11254']",9
U5413,"['U11458', 'U11609', 'U1275', 'U7691']",4
U5414,"['U771', 'U10201', 'U3238', 'U13475', 'U14714']",5
U5415,"['U6699', 'U1379', 'U7695', 'U4144', 'U11742', 'U8052', 'U8837', 'U5667', 'U11092', 'U7475']",10
U5416,['U9818'],1
U5417,"['U8674', 'U12253', 'U10559']",3
U5418,"['U3505', 'U10405']",2
U5419,"['U7539', 'U6445', 'U14550', 'U12495']",4
U5420,"['U10110', 'U3163', 'U7311', 'U13740', 'U9751', 'U6699', 'U9420', 'U5520', 'U12323']",9
U5421,"['U2853', 'U4080', 'U8981']",3
U5422,"['U2127', 'U6140', 'U4948', 'U2292', 'U1014', 'U6496']",6
U5423,"['U14850', 'U5933']",2
U5424,"['U4345', 'U13716', 'U7982', 'U1877', 'U9556', 'U4474', 'U5095', 'U10281', 'U3969', 'U11474']",10
U5425,"['U6468', 'U99', 'U14972', 'U9959']",4
U5426,"['U3126', 'U14174', 'U5398', 'U5634', 'U11440', 'U7235']",6
U5427,"['U4229', 'U5778', 'U9553', 'U13648', 'U2615']",5
U5428,"['U14954', 'U13424', 'U7715', 'U7365']",4
U5429,"['U7337', 'U823', 'U7578', 'U2614', 'U113']",5
U5430,"['U1509', 'U941', 'U5707', 'U6424', 'U1334', 'U3582']",6
U5431,"['U10888', 'U3590', 'U6801', 'U8826', 'U12400', 'U444', 'U14897', 'U13507']",8
U5432,"['U9737', 'U7389']",2
U5433,"['U11475', 'U4338', 'U650', 'U10558', 'U1120', 'U3329', 'U5691']",7
U5434,"['U12019', 'U6307', 'U10209', 'U4273', 'U9901', 'U4164', 'U2013']",7
U5435,"['U1104', 'U8955', 'U4840']",3
U5436,"['U3047', 'U6610', 'U8777', 'U12138']",4
U5437,"['U11548', 'U6671', 'U7334', 'U13467', 'U9867', 'U2493']",6
U5438,"['U7697', 'U2838', 'U4738', 'U7834', 'U2633']",5
U5439,"['U7369', 'U600', 'U5771', 'U5581', 'U7909', 'U8340']",6
U5440,"['U7541', 'U3054', 'U6062', 'U8034', 'U6208', 'U1616', 'U13328']",7
U5441,"['U8982', 'U1069', 'U10922', 'U14806', 'U3508', 'U14059', 'U11973', 'U8178', 'U12733', 'U4226', 'U13695']",11
U5442,"['U7645', 'U8544', 'U3025', 'U7739', 'U4104', 'U13419']",6
U5443,"['U11637', 'U3349', 'U2990', 'U2430', 'U502', 'U2666', 'U11802', 'U2505']",8
U5444,"['U11865', 'U6468', 'U9095', 'U11814', 'U7003', 'U7211', 'U9692']",7
U5445,"['U12187', 'U10015', 'U11648', 'U13254']",4
U5446,"['U7560', 'U5987']",2
U5447,"['U12432', 'U4800', 'U5947', 'U14079', 'U2884', 'U12170']",6
U5448,"['U834', 'U5621', 'U9716', 'U2546']",4
U5449,"['U6801', 'U4779', 'U4323', 'U6068']",4
U5450,"['U8630', 'U7837', 'U1778', 'U13896', 'U59', 'U13886', 'U9405', 'U5852', 'U9438']",9
U5451,"['U11086', 'U8111', 'U9625', 'U11047']",4
U5452,"['U11051', 'U1401', 'U8950', 'U10966', 'U656', 'U8778']",6
U5453,"['U558', 'U9487', 'U9360', 'U12466']",4
U5454,"['U12401', 'U12585', 'U14591', 'U8852', 'U738', 'U10885', 'U14449', 'U1409']",8
U5455,"['U3073', 'U10581', 'U14989']",3
U5456,"['U2146', 'U9657', 'U834', 'U7812', 'U6515']",5
U5457,"['U3107', 'U7215', 'U3140', 'U4186', 'U2506', 'U12301', 'U11904', 'U7971', 'U11600']",9
U5458,"['U1702', 'U3757', 'U5760', 'U14071', 'U3550', 'U394']",6
U5459,"['U9794', 'U12360']",2
U5460,"['U14358', 'U371', 'U3826']",3
U5461,"['U5897', 'U13672', 'U11638', 'U10800', 'U6226', 'U14605', 'U4412']",7
U5462,"['U7165', 'U1708', 'U6927', 'U14014']",4
U5463,"['U799', 'U12629', 'U11119', 'U9080', 'U8167']",5
U5464,"['U4120', 'U1767', 'U11708', 'U5710', 'U2548']",5
U5465,"['U9936', 'U9915', 'U4534']",3
U5466,"['U3867', 'U3633', 'U14014', 'U13549', 'U13357', 'U11643']",6
U5467,"['U521', 'U5296', 'U7144', 'U6976', 'U10264', 'U14161', 'U10250']",7
U5468,"['U1870', 'U3764', 'U10885', 'U14941', 'U14777', 'U13954', 'U6801', 'U12635']",8
U5469,"['U9116', 'U5197', 'U11210']",3
U5470,"['U10970', 'U10076', 'U2843', 'U13933', 'U9991']",5
U5471,"['U3541', 'U10436', 'U13573']",3
U5472,"['U2563', 'U8499', 'U11428', 'U9359', 'U11139', 'U1774', 'U1159']",7
U5473,"['U10154', 'U5577', 'U7966', 'U1344']",4
U5474,"['U6199', 'U5913', 'U1611']",3
U5475,"['U5494', 'U7367', 'U7783', 'U9155', 'U10611']",5
U5476,"['U4885', 'U6769', 'U14275', 'U2417', 'U14638', 'U5600', 'U2380', 'U14201']",8
U5477,"['U8956', 'U9389']",2
U5478,['U12180'],1
U5479,"['U3248', 'U12206', 'U8506', 'U9180']",4
U5480,"['U1685', 'U2394']",2
U5481,"['U6237', 'U7926', 'U11438', 'U13754', 'U3192', 'U11555']",6
U5482,"['U4076', 'U1324', 'U13951', 'U2050', 'U5860', 'U8461']",6
U5483,"['U9733', 'U806', 'U7012']",3
U5484,"['U10356', 'U7728']",2
U5485,"['U6187', 'U7350', 'U2369']",3
U5486,"['U8301', 'U11608', 'U8296']",3
U5487,"['U2333', 'U7744', 'U5684', 'U14369', 'U8504']",5
U5488,"['U11756', 'U2098', 'U4957', 'U3370', 'U9572', 'U7092']",6
U5489,"['U3058', 'U7831', 'U9007', 'U795', 'U4584']",5
U5490,"['U12218', 'U12167', 'U7826']",3
U5491,"['U4714', 'U2999', 'U14869', 'U7403']",4
U5492,"['U6061', 'U6526', 'U2402', 'U3028', 'U13269']",5
U5493,"['U2454', 'U871', 'U5073', 'U11242', 'U4386']",5
U5494,"['U5858', 'U8216', 'U10763']",3
U5495,"['U1559', 'U4877', 'U3316', 'U6805', 'U3303', 'U8753']",6
U5496,"['U3608', 'U11035', 'U1659', 'U12478']",4
U5497,"['U1111', 'U7252', 'U13827']",3
U5498,"['U12381', 'U1310', 'U11842']",3
U5499,"['U6448', 'U10096', 'U14400', 'U12956', 'U10832']",5
U5500,"['U5759', 'U793', 'U7615']",3
U5501,"['U9883', 'U1028', 'U640']",3
U5502,"['U6708', 'U6866', 'U2087']",3
U5503,"['U4058', 'U419', 'U12304', 'U10183', 'U3596']",5
U5504,"['U4192', 'U3330', 'U2890']",3
U5505,"['U4581', 'U861', 'U10906', 'U13312', 'U12572', 'U4979']",6
U5506,"['U14509', 'U2449', 'U10102', 'U14022', 'U6125']",5
U5507,"['U13403', 'U11072', 'U3021', 'U14940', 'U10386', 'U12950']",6
U5508,"['U12099', 'U9923']",2
U5509,"['U1209', 'U13974', 'U12507', 'U5350', 'U14234']",5
U5510,"['U13868', 'U4186', 'U14049', 'U9552', 'U12170', 'U11781']",6
U5511,"['U11597', 'U12001', 'U1147', 'U500']",4
U5512,"['U819', 'U12096']",2
U5513,"['U3796', 'U7691', 'U3284', 'U6859', 'U5224']",5
U5514,"['U11011', 'U1613', 'U11800', 'U2095', 'U10505']",5
U5515,"['U14193', 'U7460', 'U10515', 'U12474']",4
U5516,"['U10948', 'U1365', 'U8636', 'U12201', 'U11893', 'U3563']",6
U5517,"['U5748', 'U4591', 'U3317', 'U6862', 'U6904']",5
U5518,"['U3551', 'U8028', 'U7279', 'U9896', 'U6603', 'U12716']",6
U5519,['U4057'],1
U5520,"['U3621', 'U13013']",2
U5521,"['U8770', 'U12960', 'U9339', 'U8235', 'U7783']",5
U5522,"['U6735', 'U8553', 'U13433', 'U9461']",4
U5523,"['U10666', 'U1018', 'U14565']",3
U5524,"['U13025', 'U13701', 'U10016', 'U473', 'U8762', 'U7032']",6
U5525,"['U6020', 'U13361', 'U14898', 'U469']",4
U5526,"['U2930', 'U4271', 'U6332', 'U13768', 'U10732', 'U9332', 'U9129', 'U5259', 'U2044']",9
U5527,"['U5412', 'U12705', 'U12845']",3
U5528,"['U4473', 'U13758', 'U4073', 'U13180', 'U3955', 'U11329']",6
U5529,"['U3470', 'U11304', 'U5761']",3
U5530,['U5387'],1
U5531,"['U1327', 'U14266', 'U13189']",3
U5532,"['U14556', 'U12898', 'U5732', 'U12823']",4
U5533,"['U2172', 'U4610', 'U14694', 'U7496', 'U12980']",5
U5534,"['U5011', 'U9863']",2
U5535,"['U12828', 'U5949', 'U8032', 'U10986', 'U7308', 'U1501', 'U2133', 'U12736', 'U13621']",9
U5536,"['U3061', 'U6461', 'U3695', 'U3674', 'U10409', 'U9735', 'U751']",7
U5537,"['U8377', 'U4317', 'U7378']",3
U5538,"['U4155', 'U1301', 'U12780', 'U5858', 'U1308', 'U7689', 'U7340']",7
U5539,"['U12231', 'U14549', 'U2244', 'U10668']",4
U5540,"['U14645', 'U6208', 'U5878', 'U13105', 'U10466']",5
U5541,"['U10802', 'U10522', 'U398', 'U605', 'U14156', 'U12274', 'U3124']",7
U5542,"['U10853', 'U7702', 'U707', 'U6712']",4
U5543,"['U7047', 'U2910', 'U7596', 'U8584', 'U1740', 'U8409', 'U7027', 'U2251', 'U12928']",9
U5544,"['U1431', 'U5625', 'U10093', 'U9994', 'U4394', 'U12565', 'U3266']",7
U5545,"['U8758', 'U627', 'U5623', 'U11257']",4
U5546,"['U9850', 'U656', 'U9319', 'U4990', 'U2542']",5
U5547,"['U10415', 'U4770', 'U12815', 'U11243', 'U1896', 'U539', 'U5473', 'U285']",8
U5548,['U10219'],1
U5549,"['U2682', 'U4483', 'U6315', 'U13469']",4
U5550,"['U3441', 'U4997', 'U2112', 'U11368', 'U4514', 'U12899', 'U5625', 'U12512']",8
U5551,"['U101', 'U3663', 'U8351', 'U14763', 'U6855', 'U13717']",6
U5552,"['U7111', 'U6882', 'U10345', 'U8022']",4
U5553,"['U14900', 'U12069', 'U8650', 'U2154']",4
U5554,"['U4124', 'U10418', 'U6400', 'U8747', 'U14640', 'U4763']",6
U5555,"['U13966', 'U3075', 'U5461']",3
U5556,"['U4960', 'U10161', 'U5297', 'U326', 'U8399', 'U5317']",6
U5557,"['U10272', 'U2400', 'U5300', 'U7213', 'U7912', 'U10518', 'U1985', 'U7817']",8
U5558,"['U4192', 'U8938', 'U9116', 'U2515', 'U10332', 'U4166', 'U6651']",7
U5559,"['U14602', 'U14349']",2
U5560,"['U5393', 'U3074', 'U14809']",3
U5561,[],0
U5562,"['U6285', 'U11918', 'U10455', 'U4100']",4
U5563,"['U12984', 'U11207', 'U13524', 'U12447']",4
U5564,"['U14957', 'U12729']",2
U5565,"['U8358', 'U9914']",2
U5566,"['U3462', 'U2566', 'U2848']",3
U5567,"['U6129', 'U4024', 'U11335', 'U4621', 'U650', 'U10574', 'U5174']",7
U5568,"['U4897', 'U10001', 'U3001', 'U2065', 'U8909']",5
U5569,"['U12121', 'U9663', 'U5171']",3
U5570,"['U1217', 'U14488', 'U6761']",3
U5571,['U2126'],1
U5572,"['U12620', 'U12384', 'U910', 'U4968']",4
U5573,"['U2500', 'U13429', 'U10670', 'U8184']",4
U5574,"['U11631', 'U611', 'U8007', 'U11383', 'U4374']",5
U5575,"['U918', 'U7399', 'U1961', 'U3658']",4
U5576,"['U10707', 'U3629', 'U3214', 'U7306', 'U10499', 'U4392', 'U11912']",7
U5577,"['U14703', 'U5093']",2
U5578,"['U1208', 'U13188']",2
U5579,"['U13126', 'U14717', 'U1793', 'U13498', 'U3102', 'U8516']",6
U5580,"['U11836', 'U13174', 'U5299', 'U6074', 'U3692', 'U11064']",6
U5581,"['U3932', 'U12142', 'U11316', 'U3793']",4
U5582,"['U7021', 'U13668', 'U8209', 'U14144', 'U10482', 'U2521']",6
U5583,"['U12448', 'U14993', 'U14513', 'U13006', 'U1100', 'U9616', 'U10509', 'U2796', 'U11648', 'U4103', 'U958', 'U1769']",12
U5584,"['U2091', 'U2243', 'U3412', 'U4048']",4
U5585,"['U13410', 'U3356', 'U8117', 'U1712']",4
U5586,['U13257'],1
U5587,"['U13071', 'U10526', 'U14186']",3
U5588,"['U8640', 'U2406', 'U12205']",3
U5589,"['U1643', 'U4145', 'U2863', 'U12086', 'U1068']",5
U5590,"['U1540', 'U7674']",2
U5591,['U323'],1
U5592,"['U11390', 'U9242', 'U10396', 'U6688', 'U289']",5
U5593,"['U5601', 'U5946']",2
U5594,"['U7449', 'U7331']",2
U5595,"['U4073', 'U5235', 'U2318', 'U13281', 'U8083']",5
U5596,"['U12118', 'U11221', 'U8257', 'U4630', 'U3218', 'U4860', 'U10734', 'U6517', 'U677', 'U8866', 'U11281']",11
U5597,"['U2213', 'U5763', 'U2474', 'U9788']",4
U5598,"['U6761', 'U13976', 'U12968', 'U13242', 'U7864', 'U9201', 'U8742']",7
U5599,"['U5625', 'U7463', 'U4279', 'U13458', 'U5293']",5
U5600,"['U14740', 'U14848']",2
U5601,"['U11760', 'U561']",2
U5602,"['U7203', 'U7935']",2
U5603,"['U14870', 'U11440', 'U7867', 'U12678']",4
U5604,"['U6779', 'U25', 'U11773', 'U9705']",4
U5605,"['U2436', 'U14235', 'U3891']",3
U5606,"['U4577', 'U7863', 'U4746', 'U9349', 'U6225', 'U10746']",6
U5607,"['U6304', 'U8544', 'U1998', 'U202']",4
U5608,"['U7523', 'U409', 'U14618']",3
U5609,"['U1109', 'U6616', 'U12961', 'U3842', 'U6234']",5
U5610,"['U14268', 'U13528', 'U12980', 'U2043', 'U8711', 'U13169']",6
U5611,"['U3095', 'U1566']",2
U5612,"['U12932', 'U4446', 'U8969']",3
U5613,"['U6176', 'U9427', 'U10276', 'U6018', 'U6415', 'U1929']",6
U5614,"['U13537', 'U6776', 'U13307', 'U3794', 'U9558', 'U11924']",6
U5615,"['U7237', 'U3171', 'U3559', 'U1772']",4
U5616,"['U3909', 'U12575', 'U14009', 'U14559', 'U1264', 'U8429', 'U1170', 'U11453', 'U2137']",9
U5617,"['U11600', 'U11580', 'U6261', 'U11097', 'U2731']",5
U5618,"['U11169', 'U4921', 'U7995', 'U10253', 'U12369', 'U11257']",6
U5619,"['U1630', 'U10371', 'U8098', 'U7800']",4
U5620,"['U14173', 'U13544', 'U11394', 'U13442', 'U14475', 'U12238', 'U722', 'U14378']",8
U5621,"['U14919', 'U10494', 'U11452', 'U10978', 'U7620']",5
U5622,"['U4240', 'U626', 'U12551']",3
U5623,"['U4525', 'U3565', 'U13674', 'U4988', 'U12240']",5
U5624,"['U1199', 'U7976', 'U8237', 'U13759', 'U3211', 'U7107', 'U4939', 'U13940']",8
U5625,"['U7434', 'U12624', 'U12978', 'U5944', 'U5444', 'U3816', 'U12568']",7
U5626,"['U9536', 'U14096', 'U7681']",3
U5627,"['U9058', 'U9836', 'U7892', 'U11778', 'U12566']",5
U5628,"['U8605', 'U5388', 'U8976', 'U130']",4
U5629,"['U10283', 'U11366', 'U12337']",3
U5630,"['U4054', 'U1865', 'U8485', 'U12372', 'U9805', 'U14109']",6
U5631,['U12020'],1
U5632,"['U10222', 'U13931', 'U2391', 'U14303', 'U178', 'U4993']",6
U5633,"['U9093', 'U8530']",2
U5634,"['U8696', 'U10270']",2
U5635,"['U14552', 'U11671', 'U2767', 'U734', 'U6708', 'U408', 'U8141', 'U7883']",8
U5636,"['U14069', 'U524', 'U6988', 'U8284', 'U14381', 'U9570', 'U4049', 'U520', 'U8037']",9
U5637,"['U13778', 'U11545', 'U3144', 'U2417']",4
U5638,"['U11268', 'U13069', 'U12847', 'U5032', 'U2514']",5
U5639,"['U2402', 'U2616', 'U2532', 'U2406', 'U5873']",5
U5640,"['U10094', 'U6419', 'U6107', 'U7535', 'U7036', 'U1891', 'U12623']",7
U5641,"['U455', 'U5772', 'U4453', 'U1811']",4
U5642,"['U2944', 'U10597', 'U8674', 'U3636', 'U11198', 'U452', 'U6466', 'U2928', 'U511', 'U5003', 'U7265']",11
U5643,"['U3513', 'U5260', 'U8193', 'U13270']",4
U5644,['U8147'],1
U5645,"['U11230', 'U14214', 'U8498', 'U2381']",4
U5646,[],0
U5647,"['U10871', 'U2316', 'U1548', 'U9677']",4
U5648,"['U3426', 'U13121', 'U13063', 'U14553']",4
U5649,"['U4692', 'U13927', 'U8151', 'U8718', 'U5219']",5
U5650,"['U5925', 'U10980', 'U4110', 'U9543', 'U13610']",5
U5651,"['U7926', 'U5400', 'U10102']",3
U5652,"['U2155', 'U11564', 'U13505', 'U1419', 'U14111', 'U14104']",6
U5653,"['U6370', 'U7610']",2
U5654,"['U12136', 'U13645', 'U2834', 'U2868', 'U3686', 'U4882', 'U12439']",7
U5655,"['U10529', 'U4559', 'U9715', 'U6455', 'U878']",5
U5656,"['U5669', 'U5920', 'U5526', 'U2636']",4
U5657,"['U10737', 'U13310', 'U6829', 'U14023', 'U6995', 'U2118', 'U13113', 'U573', 'U11779']",9
U5658,"['U920', 'U13339', 'U12649', 'U4745', 'U11623', 'U9892']",6
U5659,['U9962'],1
U5660,"['U9136', 'U608']",2
U5661,"['U12528', 'U13969', 'U870']",3
U5662,"['U322', 'U7938', 'U7293']",3
U5663,"['U11947', 'U990', 'U8294', 'U11360', 'U4172']",5
U5664,"['U3194', 'U1958', 'U9585', 'U2664', 'U4956', 'U482', 'U9259', 'U14262']",8
U5665,"['U3367', 'U14035', 'U5747', 'U12919', 'U12226', 'U5424', 'U7819', 'U6626']",8
U5666,"['U10934', 'U8337', 'U5003', 'U5777', 'U7213', 'U8539', 'U10039', 'U7981']",8
U5667,['U11602'],1
U5668,['U2849'],1
U5669,"['U4504', 'U11597', 'U11194', 'U10093', 'U8260']",5
U5670,['U11335'],1
U5671,"['U458', 'U3260', 'U12267', 'U3054']",4
U5672,"['U5108', 'U7523', 'U5992', 'U1596', 'U9701']",5
U5673,"['U9819', 'U3201', 'U3687', 'U2682']",4
U5674,"['U10684', 'U14144', 'U9049', 'U9980', 'U9400']",5
U5675,"['U14290', 'U4089', 'U10275', 'U9219', 'U9137']",5
U5676,"['U10380', 'U1788', 'U7565', 'U12540', 'U6970', 'U11207']",6
U5677,"['U12162', 'U5497', 'U14909', 'U13829', 'U6381']",5
U5678,"['U5035', 'U8557', 'U109', 'U4218', 'U13391']",5
U5679,"['U11814', 'U4805', 'U6311', 'U14492', 'U12018', 'U2962', 'U13083']",7
U5680,"['U8106', 'U7881', 'U14946']",3
U5681,"['U415', 'U11618', 'U11636']",3
U5682,"['U2874', 'U8572']",2
U5683,"['U8995', 'U473']",2
U5684,"['U1840', 'U2774']",2
U5685,"['U7343', 'U11185', 'U1846', 'U12525', 'U9914', 'U13920']",6
U5686,"['U8653', 'U5067', 'U14533', 'U9911']",4
U5687,['U9034'],1
U5688,"['U9327', 'U4363', 'U11545', 'U7420', 'U12629', 'U8464', 'U12052']",7
U5689,"['U6396', 'U2693', 'U12725', 'U2508']",4
U5690,"['U7852', 'U8529']",2
U5691,"['U11599', 'U13684', 'U4574', 'U14823']",4
U5692,"['U12812', 'U3714', 'U7857', 'U2446', 'U6167']",5
U5693,"['U122', 'U12505', 'U7638', 'U723', 'U14797', 'U7664', 'U14819']",7
U5694,"['U902', 'U8635', 'U13751', 'U4498']",4
U5695,"['U11766', 'U8511', 'U10287', 'U14335', 'U3107', 'U10983', 'U12564']",7
U5696,['U1535'],1
U5697,"['U764', 'U8525', 'U12539', 'U10206', 'U7503', 'U4766', 'U8551']",7
U5698,"['U747', 'U11692']",2
U5699,"['U13951', 'U1800', 'U8515', 'U1642', 'U9711', 'U1978']",6
U5700,"['U7381', 'U120', 'U4222', 'U7883']",4
U5701,"['U1755', 'U3714', 'U14382']",3
U5702,"['U3131', 'U7017', 'U10751', 'U12501']",4
U5703,"['U8975', 'U12907', 'U5936', 'U6555']",4
U5704,"['U1843', 'U14020']",2
U5705,"['U7596', 'U11168', 'U6745', 'U8751']",4
U5706,"['U11948', 'U3708', 'U10622', 'U3893', 'U2123']",5
U5707,"['U7368', 'U13999', 'U2636', 'U8562', 'U10828', 'U14926', 'U2068']",7
U5708,"['U14519', 'U9775', 'U7756', 'U4230', 'U1881', 'U7344', 'U4935']",7
U5709,"['U6952', 'U8470', 'U127', 'U4384']",4
U5710,"['U4782', 'U5086']",2
U5711,"['U11358', 'U3725', 'U4288', 'U14808', 'U11139', 'U5468']",6
U5712,['U353'],1
U5713,"['U3627', 'U8677', 'U9599', 'U14326', 'U10241', 'U11327']",6
U5714,"['U4204', 'U6107', 'U9982', 'U3226', 'U9986', 'U3632', 'U8590', 'U9280', 'U14804']",9
U5715,"['U14400', 'U2713', 'U8209', 'U7385', 'U3858', 'U13622']",6
U5716,"['U13028', 'U14570', 'U5517', 'U8337', 'U4643', 'U12986', 'U7420']",7
U5717,"['U11113', 'U11322', 'U6397', 'U1221', 'U506', 'U7770']",6
U5718,"['U5879', 'U5999', 'U6325']",3
U5719,"['U13023', 'U5051', 'U13111', 'U1001', 'U14375', 'U246']",6
U5720,"['U9407', 'U190', 'U5221', 'U2226', 'U321']",5
U5721,"['U6528', 'U10223', 'U6837', 'U7385']",4
U5722,"['U4117', 'U204', 'U7856', 'U10411', 'U3899', 'U11487', 'U5146']",7
U5723,"['U4491', 'U9059', 'U3555', 'U13994', 'U7402']",5
U5724,"['U1645', 'U14462', 'U7586']",3
U5725,"['U11357', 'U12540', 'U2076', 'U3549', 'U1250', 'U12728']",6
U5726,"['U3282', 'U5123', 'U11674', 'U3690', 'U8778']",5
U5727,"['U5043', 'U2789', 'U7566', 'U11326', 'U1133', 'U13307', 'U7700', 'U3265', 'U5447']",9
U5728,"['U11378', 'U13529', 'U3001', 'U12323']",4
U5729,"['U3009', 'U10874', 'U8997']",3
U5730,"['U6041', 'U4398', 'U9370', 'U43', 'U10027']",5
U5731,"['U10694', 'U2718', 'U12643', 'U8733', 'U2867', 'U10500']",6
U5732,"['U13953', 'U13325', 'U7018', 'U897']",4
U5733,"['U10215', 'U1545', 'U12559']",3
U5734,"['U10666', 'U3644', 'U1462']",3
U5735,"['U7991', 'U5799', 'U10540', 'U11531', 'U12943', 'U174', 'U10147', 'U4599']",8
U5736,"['U498', 'U2319']",2
U5737,"['U2114', 'U13482', 'U1729', 'U381', 'U7538']",5
U5738,"['U11104', 'U203', 'U8142']",3
U5739,"['U9257', 'U3016', 'U350', 'U9607', 'U12067', 'U3726']",6
U5740,"['U6987', 'U1719', 'U501', 'U14798']",4
U5741,"['U1067', 'U12925', 'U12849', 'U1709']",4
U5742,"['U5673', 'U1885', 'U5174']",3
U5743,"['U14675', 'U11024', 'U10172']",3
U5744,"['U8519', 'U12627', 'U13865']",3
U5745,"['U12213', 'U13768', 'U7296', 'U6522', 'U1094']",5
U5746,"['U4033', 'U9100']",2
U5747,"['U8452', 'U13411', 'U1732', 'U13753']",4
U5748,"['U13022', 'U3039', 'U14134']",3
U5749,"['U977', 'U11301']",2
U5750,"['U9589', 'U6672']",2
U5751,"['U8121', 'U2134', 'U8768', 'U13271', 'U8009', 'U7841']",6
U5752,"['U13878', 'U11709', 'U5883', 'U13094']",4
U5753,"['U691', 'U6966', 'U13798', 'U6876', 'U3349', 'U7379', 'U14723', 'U4063']",8
U5754,"['U3812', 'U1251', 'U7225']",3
U5755,"['U2447', 'U9189', 'U1655', 'U8249']",4
U5756,"['U9502', 'U9602']",2
U5757,"['U13894', 'U12715', 'U2771', 'U8597', 'U13773']",5
U5758,"['U12406', 'U14999', 'U9460', 'U6728']",4
U5759,['U767'],1
U5760,"['U14639', 'U6490', 'U13429', 'U151']",4
U5761,"['U6265', 'U460', 'U7795', 'U4987', 'U14371', 'U8748', 'U9084', 'U4823']",8
U5762,"['U9793', 'U3362', 'U12883', 'U9389', 'U7305']",5
U5763,"['U12145', 'U3000', 'U8906', 'U8805']",4
U5764,"['U5679', 'U9771']",2
U5765,"['U7567', 'U14865', 'U2346', 'U12440', 'U9145']",5
U5766,"['U13993', 'U2177', 'U6239', 'U4850']",4
U5767,"['U12325', 'U3650', 'U3417', 'U11811', 'U1544']",5
U5768,"['U681', 'U9795', 'U13904', 'U7437', 'U14663', 'U2935', 'U7998', 'U3503']",8
U5769,"['U1853', 'U11903']",2
U5770,"['U5188', 'U13481', 'U11332', 'U4905', 'U1839', 'U439', 'U3634', 'U1491']",8
U5771,"['U8054', 'U4409', 'U10967', 'U3571', 'U13789', 'U11421']",6
U5772,['U6293'],1
U5773,"['U3203', 'U9936', 'U2493']",3
U5774,"['U11490', 'U11848', 'U1380', 'U395', 'U13730']",5
U5775,"['U10046', 'U13126', 'U3880', 'U12745', 'U12720', 'U4229', 'U9128']",7
U5776,"['U5181', 'U5452', 'U5346', 'U10016']",4
U5777,"['U6709', 'U14004', 'U7659', 'U14746', 'U14821']",5
U5778,"['U11970', 'U3337', 'U14463', 'U3720', 'U9206', 'U14038', 'U7463']",7
U5779,"['U4096', 'U13135', 'U11380', 'U9534', 'U12796', 'U3087']",6
U5780,"['U5035', 'U11775', 'U13175', 'U6670', 'U7208']",5
U5781,"['U10064', 'U4062', 'U6162', 'U4577']",4
U5782,"['U2223', 'U10554', 'U775', 'U1087', 'U11889']",5
U5783,"['U4204', 'U12379', 'U8943', 'U14993']",4
U5784,"['U14265', 'U9016', 'U6480']",3
U5785,"['U5644', 'U1830', 'U13602', 'U11748', 'U14413', 'U5859', 'U7001']",7
U5786,"['U1691', 'U7376']",2
U5787,"['U5876', 'U10652', 'U2682', 'U2312', 'U6190', 'U1316', 'U3895', 'U11046']",8
U5788,"['U13954', 'U614', 'U4060', 'U8442', 'U8699']",5
U5789,"['U7841', 'U735', 'U10631']",3
U5790,"['U8438', 'U10522', 'U13478']",3
U5791,"['U2289', 'U10936', 'U6420', 'U13943', 'U14475']",5
U5792,"['U306', 'U12479', 'U10798']",3
U5793,"['U546', 'U12686', 'U463', 'U9872', 'U3134', 'U7184']",6
U5794,"['U6802', 'U1075', 'U605', 'U5646', 'U6270', 'U8891', 'U9246']",7
U5795,"['U4850', 'U11537', 'U263', 'U6200', 'U75', 'U12824', 'U4745', 'U3312', 'U4023', 'U10732']",10
U5796,"['U3628', 'U8124']",2
U5797,"['U7240', 'U13600', 'U6830', 'U14086']",4
U5798,"['U13696', 'U2898', 'U5429']",3
U5799,"['U642', 'U5796', 'U1972', 'U14966', 'U3747', 'U12328']",6
U5800,"['U12601', 'U1474', 'U12828', 'U4823']",4
U5801,"['U9325', 'U1783', 'U10950']",3
U5802,"['U3074', 'U4501', 'U4007']",3
U5803,"['U14900', 'U2347', 'U10577']",3
U5804,['U6769'],1
U5805,"['U8268', 'U8094', 'U11197', 'U5897', 'U6087']",5
U5806,"['U4672', 'U14912']",2
U5807,"['U14182', 'U2638', 'U1092', 'U8484']",4
U5808,"['U1787', 'U1324', 'U7803']",3
U5809,"['U1049', 'U9537', 'U9432', 'U4936', 'U7242', 'U6318']",6
U5810,"['U11121', 'U14194', 'U4971', 'U13175', 'U11912', 'U7441', 'U5400', 'U11396', 'U11010']",9
U5811,"['U3952', 'U14588', 'U13505']",3
U5812,"['U13303', 'U8682', 'U11654', 'U5191', 'U7623', 'U2339']",6
U5813,"['U11737', 'U13397', 'U7316', 'U14138', 'U3258', 'U369']",6
U5814,"['U5629', 'U13822', 'U8906', 'U335', 'U7258', 'U4858', 'U14826', 'U2913']",8
U5815,"['U8045', 'U12087', 'U1073', 'U13928', 'U3979']",5
U5816,"['U9794', 'U11863']",2
U5817,"['U510', 'U6495', 'U13151', 'U767']",4
U5818,"['U14134', 'U5462', 'U11593', 'U12319', 'U1464', 'U8006', 'U4601']",7
U5819,"['U6678', 'U9777', 'U13666', 'U10039', 'U6975']",5
U5820,"['U9236', 'U4076', 'U11034', 'U14792', 'U2418', 'U13306', 'U13295', 'U354']",8
U5821,"['U1189', 'U2342', 'U3501', 'U12214', 'U9907', 'U5346']",6
U5822,"['U9528', 'U12967', 'U14360', 'U7030', 'U13267', 'U2287']",6
U5823,"['U10796', 'U5166', 'U13482', 'U5252', 'U5131', 'U10131']",6
U5824,"['U1293', 'U5377']",2
U5825,"['U8736', 'U1390', 'U425', 'U10697']",4
U5826,"['U3563', 'U5030', 'U2414', 'U1510']",4
U5827,"['U7150', 'U11639', 'U572', 'U14497']",4
U5828,"['U8542', 'U12424', 'U10357', 'U14027', 'U860', 'U5777']",6
U5829,"['U12489', 'U742', 'U2620', 'U3489', 'U8198', 'U3496']",6
U5830,"['U2316', 'U3279', 'U11599', 'U12135', 'U13081', 'U2836', 'U4374', 'U2530']",8
U5831,"['U6830', 'U7925']",2
U5832,"['U7901', 'U1378', 'U4275', 'U895', 'U1191', 'U687']",6
U5833,"['U11239', 'U3912', 'U1641', 'U1942']",4
U5834,"['U2473', 'U9466', 'U1478', 'U13405', 'U6913', 'U11851']",6
U5835,"['U8410', 'U7193', 'U13935', 'U5184', 'U13873', 'U14505']",6
U5836,"['U11369', 'U9534', 'U14078', 'U2425', 'U13313']",5
U5837,"['U1576', 'U7297', 'U12883', 'U1446', 'U9323']",5
U5838,"['U5393', 'U4269', 'U552']",3
U5839,"['U12284', 'U4872', 'U6339']",3
U5840,"['U6682', 'U12953', 'U4176', 'U681', 'U4994', 'U10137', 'U10135', 'U3819', 'U10033']",9
U5841,"['U4236', 'U14604', 'U3175', 'U7398', 'U12621']",5
U5842,"['U1041', 'U8364', 'U4642', 'U5288', 'U2667', 'U4818', 'U564', 'U3885']",8
U5843,"['U7208', 'U7008', 'U13907', 'U3017']",4
U5844,"['U14300', 'U4615', 'U854', 'U3473']",4
U5845,"['U13799', 'U7691', 'U6364', 'U11178', 'U6630']",5
U5846,"['U9659', 'U8138', 'U14372', 'U2126', 'U8445', 'U3354', 'U3899']",7
U5847,"['U8746', 'U13185', 'U7830', 'U5687', 'U5613', 'U3898', 'U2320']",7
U5848,"['U8134', 'U2454', 'U13218', 'U10098']",4
U5849,"['U8505', 'U1892', 'U686', 'U6761', 'U9222', 'U5753', 'U5271', 'U2062']",8
U5850,"['U3373', 'U7869', 'U8890']",3
U5851,"['U14035', 'U11742', 'U3175']",3
U5852,"['U2241', 'U4259']",2
U5853,"['U1329', 'U3048', 'U7546', 'U11460', 'U3973', 'U4010']",6
U5854,"['U14638', 'U14005', 'U6988', 'U11541']",4
U5855,"['U9443', 'U14184', 'U419', 'U10866', 'U9251', 'U5822', 'U382', 'U6801', 'U780', 'U9140']",10
U5856,"['U9486', 'U2574', 'U9210']",3
U5857,"['U8976', 'U2307', 'U11732', 'U6738', 'U6744']",5
U5858,"['U5383', 'U5863', 'U5311', 'U4434', 'U3878', 'U797', 'U5671', 'U8705']",8
U5859,"['U9531', 'U13845', 'U10146', 'U13607', 'U6581']",5
U5860,"['U11560', 'U7309']",2
U5861,"['U4670', 'U7426', 'U5732', 'U12957', 'U3726', 'U10087']",6
U5862,"['U69', 'U10493', 'U3285']",3
U5863,"['U12575', 'U11085', 'U9298', 'U13351', 'U9675']",5
U5864,"['U5291', 'U4282', 'U1333', 'U9151', 'U5690']",5
U5865,"['U3478', 'U14165', 'U11387']",3
U5866,[],0
U5867,"['U2933', 'U9301']",2
U5868,"['U14111', 'U1413', 'U11993']",3
U5869,"['U11644', 'U1097', 'U5088', 'U9987', 'U13000', 'U2780', 'U10928', 'U4316', 'U581', 'U11038', 'U5469']",11
U5870,"['U148', 'U6277', 'U14009', 'U5478']",4
U5871,"['U12174', 'U7043', 'U9892', 'U14716', 'U6115', 'U14215']",6
U5872,"['U1102', 'U6790', 'U13907', 'U5251', 'U10491', 'U9707']",6
U5873,"['U12145', 'U3158', 'U2619', 'U8861', 'U11221', 'U10192', 'U1918', 'U12149', 'U2649']",9
U5874,"['U10863', 'U8556', 'U94']",3
U5875,"['U1817', 'U3053', 'U4487']",3
U5876,"['U4915', 'U2095', 'U10688', 'U14762']",4
U5877,"['U14831', 'U4881', 'U1160', 'U3846']",4
U5878,"['U8822', 'U13843', 'U5644', 'U4958', 'U9661']",5
U5879,"['U2231', 'U6380', 'U11921', 'U4250', 'U12122']",5
U5880,"['U13792', 'U1032', 'U5951', 'U8015', 'U4812', 'U3235', 'U1968', 'U9056']",8
U5881,"['U1934', 'U11500', 'U7987', 'U2770', 'U12140']",5
U5882,"['U2819', 'U4619', 'U6085', 'U12123', 'U11426']",5
U5883,"['U100', 'U14775', 'U8008', 'U10681']",4
U5884,"['U4682', 'U11493', 'U8901', 'U13741', 'U6068', 'U13430', 'U13228']",7
U5885,"['U1658', 'U7313', 'U559', 'U8558', 'U2031']",5
U5886,"['U13090', 'U9625', 'U12655', 'U13904']",4
U5887,"['U6286', 'U4431', 'U5253', 'U5023', 'U10161', 'U4382', 'U7937', 'U2584']",8
U5888,"['U12678', 'U4346', 'U4705', 'U4994', 'U4156']",5
U5889,"['U5045', 'U7600', 'U12298', 'U13556']",4
U5890,"['U698', 'U10651', 'U14277', 'U6003', 'U6985']",5
U5891,"['U6373', 'U11098', 'U3091', 'U11032', 'U8711', 'U12599', 'U13757']",7
U5892,"['U870', 'U14481', 'U9871', 'U13284', 'U10704']",5
U5893,"['U6236', 'U14675', 'U2079', 'U13334', 'U14906', 'U1465', 'U4160']",7
U5894,"['U12190', 'U14459']",2
U5895,"['U12332', 'U5017', 'U10950', 'U10970', 'U6291']",5
U5896,"['U13838', 'U2039', 'U3910', 'U1735', 'U9838', 'U8078', 'U9474', 'U5991']",8
U5897,"['U1915', 'U13970', 'U2381', 'U6614', 'U12592']",5
U5898,"['U11159', 'U2131', 'U12205', 'U2715', 'U2287', 'U800', 'U1101', 'U10010']",8
U5899,"['U1870', 'U13602']",2
U5900,"['U9588', 'U1252', 'U12666', 'U13973', 'U10911']",5
U5901,"['U4208', 'U10393', 'U11563', 'U11250', 'U3028', 'U10684']",6
U5902,"['U14662', 'U587', 'U11378', 'U4344']",4
U5903,"['U7593', 'U8890', 'U14632', 'U5357', 'U10153', 'U6724']",6
U5904,"['U9695', 'U7972', 'U9032', 'U2750']",4
U5905,"['U12089', 'U9404', 'U12439', 'U11234', 'U13894', 'U8061', 'U10736']",7
U5906,"['U8089', 'U9499']",2
U5907,"['U12444', 'U11090', 'U7443', 'U10846']",4
U5908,"['U1514', 'U137', 'U9313', 'U11107', 'U4134', 'U423', 'U8756', 'U7589', 'U6102']",9
U5909,"['U1548', 'U10286', 'U12012', 'U7761', 'U1140']",5
U5910,"['U1431', 'U5753', 'U240', 'U8383']",4
U5911,"['U4466', 'U14054', 'U4837', 'U9794', 'U4829', 'U2003', 'U1678']",7
U5912,"['U205', 'U13983', 'U549', 'U4093', 'U8821']",5
U5913,"['U13600', 'U12975', 'U6862', 'U3168', 'U8911']",5
U5914,"['U13595', 'U9163', 'U2916']",3
U5915,"['U5528', 'U4316', 'U13013', 'U10056']",4
U5916,"['U13433', 'U14247', 'U3982', 'U4921']",4
U5917,"['U8117', 'U7465', 'U2145', 'U3154', 'U6567', 'U12693']",6
U5918,"['U14243', 'U1330', 'U12546']",3
U5919,"['U12728', 'U2642']",2
U5920,"['U4720', 'U3019']",2
U5921,"['U5075', 'U8593', 'U9030']",3
U5922,"['U5394', 'U12375', 'U5270', 'U7539']",4
U5923,"['U5514', 'U10506', 'U8524', 'U3679', 'U14918', 'U4604', 'U4709', 'U1598']",8
U5924,"['U7464', 'U14285', 'U4431', 'U7645', 'U153', 'U5292', 'U1518', 'U6992']",8
U5925,"['U10780', 'U6903']",2
U5926,"['U6095', 'U4079', 'U6655', 'U11788', 'U12680', 'U9612', 'U960']",7
U5927,"['U6924', 'U6938']",2
U5928,"['U1089', 'U1641']",2
U5929,"['U9448', 'U1739', 'U623', 'U1938']",4
U5930,"['U1635', 'U14139', 'U2596', 'U14133', 'U8977']",5
U5931,"['U12444', 'U9782', 'U8708', 'U10808', 'U8771']",5
U5932,"['U13788', 'U14589', 'U4852', 'U4629', 'U7014', 'U4255']",6
U5933,"['U11445', 'U2641', 'U11274', 'U13112', 'U13164', 'U4778']",6
U5934,"['U548', 'U14564', 'U361', 'U1402', 'U3545', 'U10589', 'U13293', 'U13366']",8
U5935,"['U11760', 'U5011']",2
U5936,"['U11594', 'U4913', 'U2667', 'U10146']",4
U5937,"['U8655', 'U3560', 'U11961', 'U12670', 'U3095']",5
U5938,"['U3822', 'U6421', 'U6936', 'U6101', 'U935']",5
U5939,"['U881', 'U8127', 'U326', 'U13716']",4
U5940,"['U1569', 'U1636', 'U10534']",3
U5941,"['U1569', 'U14646', 'U5870', 'U3397', 'U5568']",5
U5942,"['U13583', 'U6285', 'U4433', 'U10207', 'U5987', 'U3250']",6
U5943,"['U10611', 'U14212', 'U3764', 'U90', 'U3181', 'U277', 'U13163']",7
U5944,"['U2472', 'U4363', 'U7071', 'U8089']",4
U5945,"['U9247', 'U10503', 'U5885', 'U1102', 'U9797']",5
U5946,"['U1662', 'U6123', 'U2071', 'U11759', 'U11946']",5
U5947,"['U8413', 'U6580', 'U11964', 'U707', 'U14853']",5
U5948,"['U7031', 'U9874']",2
U5949,"['U11069', 'U7437', 'U12215']",3
U5950,"['U7831', 'U8796', 'U7102', 'U2076']",4
U5951,"['U10038', 'U5397', 'U3075']",3
U5952,"['U4350', 'U1856', 'U6143']",3
U5953,"['U13680', 'U4302', 'U10542', 'U10261', 'U9740', 'U4091', 'U7908', 'U1089', 'U1887']",9
U5954,"['U12136', 'U10290']",2
U5955,"['U3610', 'U2773', 'U10463', 'U6539']",4
U5956,"['U3471', 'U14272', 'U8603', 'U9487']",4
U5957,"['U11863', 'U13256', 'U10435', 'U7173', 'U7115', 'U13253']",6
U5958,"['U12917', 'U197', 'U14474', 'U3811', 'U10388', 'U2057', 'U111', 'U9849', 'U14186', 'U34']",10
U5959,"['U10411', 'U9404', 'U7401', 'U13896', 'U3321']",5
U5960,"['U8048', 'U679', 'U14462']",3
U5961,"['U10423', 'U11399', 'U10895']",3
U5962,"['U12514', 'U5612', 'U11530', 'U4069', 'U10050', 'U747', 'U7987']",7
U5963,"['U12760', 'U2263', 'U6881', 'U1168', 'U11872', 'U159', 'U8539']",7
U5964,"['U3285', 'U9788', 'U13594', 'U13781', 'U14218']",5
U5965,"['U3611', 'U12919', 'U12554']",3
U5966,"['U9132', 'U14226', 'U6321']",3
U5967,"['U6199', 'U2871', 'U13058', 'U14046', 'U1401', 'U6194', 'U9023']",7
U5968,"['U1313', 'U9575', 'U14083', 'U1191', 'U5123']",5
U5969,"['U2627', 'U8608', 'U11608', 'U2980', 'U14533', 'U6064', 'U6311', 'U4319']",8
U5970,"['U14544', 'U2399', 'U450', 'U13692']",4
U5971,"['U7757', 'U12043', 'U4653', 'U13597', 'U13990']",5
U5972,"['U12010', 'U6903', 'U11966', 'U4281', 'U5630']",5
U5973,"['U4775', 'U12853', 'U1963', 'U14197', 'U2878']",5
U5974,"['U14895', 'U1122', 'U2043', 'U8657']",4
U5975,"['U6498', 'U14030', 'U711', 'U4792']",4
U5976,"['U4947', 'U1679', 'U8501']",3
U5977,"['U14633', 'U4393', 'U2396', 'U6424', 'U3609', 'U5361', 'U2164']",7
U5978,"['U290', 'U14364', 'U10231', 'U8941', 'U1407']",5
U5979,"['U8271', 'U8278', 'U6649', 'U5359']",4
U5980,"['U11810', 'U8941', 'U5577', 'U4420', 'U677']",5
U5981,"['U8439', 'U4295', 'U13597', 'U3095', 'U7749', 'U13986']",6
U5982,"['U3869', 'U11018', 'U716', 'U2671']",4
U5983,"['U3234', 'U6153', 'U8906', 'U11747', 'U14050', 'U927', 'U12765']",7
U5984,"['U11012', 'U6305', 'U4958', 'U10435', 'U1665']",5
U5985,"['U9963', 'U7887', 'U6717', 'U5669']",4
U5986,"['U12523', 'U5506', 'U10336', 'U9308', 'U9157']",5
U5987,"['U2984', 'U14827', 'U9368', 'U12328', 'U7514']",5
U5988,"['U3066', 'U14962', 'U12266', 'U12288', 'U12146', 'U9704']",6
U5989,"['U1341', 'U8892', 'U8064', 'U2384', 'U7235', 'U8278', 'U6484', 'U2183']",8
U5990,"['U8101', 'U9024', 'U13029', 'U4536', 'U8799', 'U6030']",6
U5991,"['U13044', 'U8965', 'U11928', 'U2273', 'U13912', 'U6248', 'U9528', 'U14075']",8
U5992,"['U3699', 'U4152', 'U14287', 'U7902', 'U8604']",5
U5993,"['U4748', 'U2650']",2
U5994,"['U10004', 'U6376', 'U6780', 'U2569', 'U10796']",5
U5995,"['U232', 'U7305', 'U1222']",3
U5996,"['U4802', 'U2074']",2
U5997,"['U14746', 'U297', 'U590', 'U5832', 'U7565', 'U4189', 'U13767', 'U12692']",8
U5998,"['U4264', 'U8078', 'U5042', 'U10582', 'U11416', 'U2509']",6
U5999,"['U10443', 'U2561']",2
U6000,"['U7241', 'U13969', 'U7897', 'U5829', 'U10953', 'U6667', 'U831']",7
U6001,"['U2638', 'U7502']",2
U6002,"['U13615', 'U13003', 'U2583']",3
U6003,"['U5340', 'U6563', 'U10289', 'U1450', 'U10507', 'U5392', 'U14040']",7
U6004,"['U7383', 'U13190', 'U14165']",3
U6005,"['U5614', 'U8883']",2
U6006,"['U12675', 'U6273', 'U12644', 'U7550', 'U4344']",5
U6007,"['U10672', 'U4300', 'U7176', 'U1934', 'U117', 'U146', 'U7132']",7
U6008,"['U13276', 'U4540', 'U5950', 'U1193']",4
U6009,"['U14384', 'U5440', 'U7748', 'U4400', 'U1656', 'U13196', 'U10012']",7
U6010,"['U5753', 'U14537', 'U14524', 'U4588']",4
U6011,"['U11857', 'U7004', 'U12084', 'U13007', 'U4348']",5
U6012,[],0
U6013,"['U14819', 'U10700', 'U3752', 'U4277', 'U517']",5
U6014,"['U2607', 'U12468', 'U10879']",3
U6015,"['U7878', 'U10496', 'U9651', 'U8284', 'U14411']",5
U6016,"['U9517', 'U3140', 'U9527']",3
U6017,"['U2734', 'U11490', 'U2212', 'U14918', 'U3456', 'U4720', 'U2477']",7
U6018,"['U10628', 'U14148', 'U13230']",3
U6019,"['U725', 'U9053', 'U6313', 'U7255', 'U382', 'U3969', 'U13353', 'U13857', 'U14143', 'U5340', 'U6437', 'U3851', 'U11253']",13
U6020,"['U13153', 'U9784', 'U2553', 'U9135']",4
U6021,['U11856'],1
U6022,"['U12790', 'U1992']",2
U6023,"['U4872', 'U4356', 'U8904', 'U7507', 'U11965', 'U12702']",6
U6024,"['U6439', 'U9585', 'U1764', 'U14602']",4
U6025,"['U3264', 'U11613', 'U1411', 'U3377']",4
U6026,"['U12292', 'U11142', 'U2032', 'U5685', 'U82', 'U10703']",6
U6027,[],0
U6028,"['U4027', 'U10441', 'U11732', 'U11971', 'U8677', 'U12229']",6
U6029,"['U4420', 'U1633', 'U12759', 'U13636', 'U9551', 'U4387', 'U14172', 'U4318']",8
U6030,"['U12096', 'U2448', 'U6845', 'U4715', 'U7023', 'U2282', 'U2593', 'U9202']",8
U6031,['U8108'],1
U6032,"['U2591', 'U6753', 'U7159', 'U3991']",4
U6033,"['U13598', 'U8091']",2
U6034,"['U5198', 'U3291', 'U12345', 'U5265']",4
U6035,"['U8842', 'U11673', 'U14898', 'U6129']",4
U6036,"['U4252', 'U9217', 'U3247', 'U5571']",4
U6037,"['U9184', 'U10100', 'U2276', 'U14967', 'U11871', 'U6012', 'U2408', 'U4534']",8
U6038,"['U2535', 'U14720', 'U11617', 'U3874', 'U3004']",5
U6039,"['U10519', 'U10034', 'U11699', 'U8881', 'U1581', 'U827']",6
U6040,['U7735'],1
U6041,"['U5414', 'U7793', 'U3585', 'U9414', 'U8700', 'U50']",6
U6042,[],0
U6043,"['U10511', 'U2649', 'U6437', 'U7405', 'U1191']",5
U6044,"['U13514', 'U7964', 'U10607', 'U7432', 'U10557']",5
U6045,"['U2321', 'U14305', 'U1363', 'U10088', 'U8023']",5
U6046,"['U1691', 'U7782', 'U6211', 'U1039', 'U11301']",5
U6047,"['U12244', 'U8113', 'U3220', 'U8714', 'U6483', 'U4370']",6
U6048,"['U5252', 'U3392', 'U6977']",3
U6049,"['U2148', 'U5469', 'U3062', 'U14698', 'U13325']",5
U6050,"['U8904', 'U10011', 'U10141', 'U5223']",4
U6051,"['U7623', 'U3543', 'U3476']",3
U6052,"['U2146', 'U2267', 'U3090', 'U8474', 'U6544', 'U3642']",6
U6053,"['U12270', 'U12411', 'U1383', 'U11534', 'U5957', 'U2586', 'U4509', 'U12561', 'U11799', 'U11662', 'U3798']",11
U6054,"['U8082', 'U7157']",2
U6055,"['U2612', 'U7389', 'U1052', 'U14193', 'U11105', 'U10478', 'U5697', 'U7908']",8
U6056,['U8945'],1
U6057,"['U9943', 'U13946']",2
U6058,"['U6283', 'U14377', 'U13849']",3
U6059,"['U13821', 'U4533', 'U4281', 'U7817', 'U6003', 'U451', 'U10690', 'U6853', 'U14007']",9
U6060,"['U7118', 'U14151', 'U10906', 'U8087', 'U4717', 'U6296', 'U11283', 'U11617']",8
U6061,"['U9427', 'U7247', 'U1602', 'U5919']",4
U6062,"['U12769', 'U5778', 'U2776', 'U5210', 'U13818', 'U12601', 'U5239', 'U13923']",8
U6063,"['U2336', 'U3387', 'U14736']",3
U6064,"['U995', 'U7013', 'U4619', 'U5388', 'U10899', 'U8023']",6
U6065,"['U1519', 'U7476', 'U8130', 'U5687']",4
U6066,"['U12855', 'U13516', 'U7878', 'U12413', 'U14506', 'U4923', 'U5734']",7
U6067,"['U9351', 'U11053', 'U13482']",3
U6068,"['U12660', 'U6651', 'U14521', 'U5083', 'U10194', 'U2639', 'U14466', 'U3808']",8
U6069,"['U4092', 'U6688']",2
U6070,"['U4949', 'U11740', 'U8358', 'U8953']",4
U6071,"['U5591', 'U7874']",2
U6072,"['U4695', 'U12', 'U1616', 'U12480']",4
U6073,"['U4001', 'U5930', 'U14989', 'U13126', 'U10446', 'U6726', 'U10518', 'U12289']",8
U6074,"['U11701', 'U8881', 'U1772', 'U10955', 'U14165', 'U10713', 'U10085']",7
U6075,"['U1772', 'U7691', 'U916', 'U5075', 'U1214', 'U5612', 'U3433']",7
U6076,"['U9359', 'U12772', 'U2076', 'U8500', 'U12159', 'U8433', 'U7455']",7
U6077,"['U3889', 'U14768', 'U9735']",3
U6078,"['U8755', 'U12057', 'U2318', 'U689', 'U12707', 'U14112']",6
U6079,[],0
U6080,"['U14737', 'U8648', 'U14900', 'U4524', 'U4155', 'U11012']",6
U6081,"['U13004', 'U1851', 'U5422', 'U2489']",4
U6082,"['U8018', 'U5365', 'U8178']",3
U6083,"['U5815', 'U3134', 'U5641', 'U2488', 'U11719']",5
U6084,"['U1878', 'U13342', 'U2823', 'U13020', 'U4314']",5
U6085,"['U2788', 'U14852', 'U1785', 'U1766', 'U6122', 'U1120', 'U11411', 'U11514']",8
U6086,"['U13027', 'U11279', 'U7133', 'U6858', 'U5820']",5
U6087,"['U186', 'U11155', 'U13957']",3
U6088,"['U4847', 'U596']",2
U6089,"['U12843', 'U7366']",2
U6090,"['U13970', 'U8237']",2
U6091,"['U7390', 'U4719', 'U5605', 'U877', 'U3985']",5
U6092,"['U10355', 'U14408']",2
U6093,"['U8143', 'U14905', 'U3632', 'U4738', 'U455', 'U7336', 'U158', 'U591']",8
U6094,"['U1912', 'U7703', 'U14163']",3
U6095,"['U10196', 'U5152', 'U11791']",3
U6096,"['U13447', 'U1891', 'U9977', 'U21', 'U5850']",5
U6097,"['U480', 'U11332', 'U8006', 'U3074', 'U203', 'U1230', 'U1758', 'U4391']",8
U6098,"['U4715', 'U6652', 'U12695', 'U14704', 'U12425', 'U3816']",6
U6099,"['U10413', 'U1179', 'U12176', 'U8630']",4
U6100,"['U12288', 'U12476', 'U4964', 'U11688', 'U7109', 'U7853', 'U11453']",7
U6101,"['U3896', 'U12423', 'U7216', 'U3971', 'U956', 'U8550', 'U8513', 'U5104']",8
U6102,"['U10146', 'U12531', 'U695', 'U814', 'U12944']",5
U6103,"['U9240', 'U2773', 'U9849', 'U5423', 'U13550']",5
U6104,"['U11395', 'U4810', 'U318', 'U1626', 'U13593']",5
U6105,"['U9584', 'U6935', 'U7361']",3
U6106,"['U2967', 'U3791', 'U4845', 'U12308']",4
U6107,"['U8657', 'U2145', 'U6820', 'U3283', 'U12904', 'U4095']",6
U6108,"['U7231', 'U11500']",2
U6109,"['U14516', 'U7914', 'U4012', 'U8830', 'U9381']",5
U6110,"['U5702', 'U14791', 'U10193', 'U12737']",4
U6111,"['U7236', 'U278', 'U12865', 'U10411', 'U11965']",5
U6112,"['U7955', 'U13584', 'U6285', 'U5061', 'U341', 'U6295']",6
U6113,"['U12946', 'U9127']",2
U6114,"['U7496', 'U12222', 'U11538', 'U1370', 'U12370']",5
U6115,"['U11499', 'U14528', 'U954', 'U10371', 'U11677']",5
U6116,"['U164', 'U1128', 'U7486', 'U5956', 'U12298', 'U13231', 'U12606']",7
U6117,"['U14160', 'U5171', 'U10794', 'U14953', 'U3914', 'U11862', 'U9854', 'U13234', 'U429', 'U4427']",10
U6118,"['U4396', 'U3820', 'U8969']",3
U6119,"['U4878', 'U683', 'U12952', 'U13468', 'U7068']",5
U6120,"['U7514', 'U6688', 'U13919', 'U8799', 'U2202', 'U4464']",6
U6121,"['U1359', 'U4885', 'U12037', 'U6643']",4
U6122,"['U14691', 'U12013', 'U12022', 'U8108', 'U5514', 'U1491']",6
U6123,"['U4462', 'U5223', 'U8750', 'U13740', 'U233', 'U6589']",6
U6124,['U2855'],1
U6125,"['U1888', 'U568', 'U14792']",3
U6126,"['U8727', 'U7693', 'U10540', 'U12730', 'U3201', 'U7900']",6
U6127,"['U2612', 'U3125', 'U2395', 'U1956', 'U464', 'U14963', 'U7672', 'U11969', 'U8366']",9
U6128,"['U2300', 'U7238', 'U7372', 'U7480', 'U3921', 'U2866', 'U1650', 'U3977']",8
U6129,"['U11088', 'U14052', 'U4639', 'U13776', 'U8840']",5
U6130,"['U13376', 'U13290']",2
U6131,"['U9365', 'U3488', 'U2403', 'U6335']",4
U6132,"['U7077', 'U6985', 'U11672']",3
U6133,"['U13714', 'U5017', 'U4214', 'U9702']",4
U6134,"['U14609', 'U11672', 'U8773', 'U12892', 'U8639', 'U8361', 'U3211']",7
U6135,"['U1273', 'U7170', 'U6805', 'U11470']",4
U6136,"['U11834', 'U10655', 'U1785', 'U5443', 'U682', 'U8350', 'U11513', 'U7385', 'U13668']",9
U6137,"['U11627', 'U9525', 'U12229', 'U14116']",4
U6138,"['U2111', 'U11021', 'U3483', 'U7398', 'U12542', 'U13994']",6
U6139,"['U1154', 'U1185', 'U9255', 'U12487']",4
U6140,"['U6978', 'U7126', 'U9089', 'U14432']",4
U6141,"['U4466', 'U2893']",2
U6142,"['U5171', 'U7197']",2
U6143,"['U10657', 'U12217', 'U13452', 'U7716', 'U8294']",5
U6144,"['U7713', 'U12178', 'U10558', 'U11414', 'U8829', 'U3885', 'U11987']",7
U6145,"['U3127', 'U7551', 'U1325', 'U5477', 'U12607']",5
U6146,"['U4034', 'U1416', 'U5687']",3
U6147,"['U6840', 'U14059', 'U6851']",3
U6148,"['U1650', 'U8610', 'U3923']",3
U6149,"['U5686', 'U13175', 'U7764', 'U5146', 'U14664']",5
U6150,"['U2210', 'U14964', 'U3325', 'U10477', 'U2498', 'U3969', 'U10235', 'U12267', 'U10779', 'U8411', 'U13928', 'U14012']",12
U6151,"['U12699', 'U4237']",2
U6152,"['U9305', 'U12303', 'U5179', 'U13878', 'U1725', 'U1946', 'U9562']",7
U6153,"['U5273', 'U4150', 'U13594', 'U9545', 'U3']",5
U6154,"['U9189', 'U4550', 'U10829', 'U5496', 'U4995']",5
U6155,"['U12856', 'U6644', 'U12991', 'U6454']",4
U6156,"['U2106', 'U11328', 'U14396', 'U5642', 'U5261', 'U14472', 'U2749', 'U6866', 'U6747']",9
U6157,"['U13913', 'U10964', 'U13126', 'U9961']",4
U6158,"['U12331', 'U2673', 'U12001', 'U9582', 'U5862']",5
U6159,"['U10534', 'U13135', 'U10471', 'U6527', 'U10311', 'U11103']",6
U6160,"['U926', 'U14411', 'U3267', 'U8001', 'U156']",5
U6161,"['U6249', 'U1277', 'U11496', 'U7393', 'U1680', 'U11744', 'U4382', 'U13025']",8
U6162,"['U5049', 'U4088']",2
U6163,"['U9023', 'U6559', 'U8507', 'U1176', 'U5207', 'U9557']",6
U6164,"['U2510', 'U8770', 'U4334', 'U1602', 'U2322', 'U10538', 'U9134', 'U14886', 'U8852', 'U2053', 'U1102', 'U5690']",12
U6165,"['U2359', 'U5578', 'U3036']",3
U6166,"['U7735', 'U5933', 'U13606', 'U2166', 'U150']",5
U6167,"['U1464', 'U10427']",2
U6168,"['U6552', 'U13199', 'U6593', 'U9052']",4
U6169,"['U9668', 'U5326', 'U13781', 'U9186', 'U4388', 'U6233', 'U8921', 'U10699', 'U8590', 'U780']",10
U6170,"['U9697', 'U7566', 'U4011', 'U13081', 'U6568', 'U178', 'U12659']",7
U6171,"['U2646', 'U464', 'U7847', 'U6234', 'U9887']",5
U6172,['U10581'],1
U6173,"['U13927', 'U4934', 'U689', 'U4846', 'U8772']",5
U6174,"['U5568', 'U3255', 'U1009', 'U9654', 'U7423']",5
U6175,"['U1067', 'U8269', 'U14262', 'U5358']",4
U6176,"['U4293', 'U649', 'U9878', 'U10340', 'U9991']",5
U6177,"['U5376', 'U11524', 'U2133', 'U9511', 'U11978']",5
U6178,"['U6236', 'U10445', 'U7840', 'U2860', 'U4940']",5
U6179,"['U12460', 'U4786', 'U13673', 'U11060']",4
U6180,"['U3253', 'U12914', 'U7113']",3
U6181,"['U13880', 'U14942', 'U8720', 'U2757', 'U2439', 'U1567', 'U553']",7
U6182,"['U8161', 'U11286', 'U11673']",3
U6183,"['U3415', 'U544', 'U10736', 'U7146', 'U390', 'U620', 'U8301']",7
U6184,"['U11813', 'U2087']",2
U6185,"['U13536', 'U10114', 'U1210', 'U13897', 'U10561', 'U3595', 'U1178', 'U3897']",8
U6186,"['U4641', 'U5732']",2
U6187,"['U3664', 'U8535', 'U14712']",3
U6188,"['U4591', 'U7642', 'U6000', 'U11828', 'U7150', 'U7618', 'U5406', 'U14073']",8
U6189,"['U6318', 'U11200', 'U8626', 'U5881', 'U14712', 'U10280', 'U12234']",7
U6190,['U11621'],1
U6191,"['U12131', 'U7991', 'U9190', 'U11935', 'U7596']",5
U6192,"['U12285', 'U6441']",2
U6193,"['U807', 'U8022', 'U4244', 'U3321', 'U3717']",5
U6194,"['U1465', 'U4370', 'U14283', 'U3784', 'U4232', 'U2123', 'U13193', 'U13584', 'U10776', 'U8158', 'U1563', 'U2444', 'U6928', 'U9377', 'U14760']",15
U6195,"['U11781', 'U12854', 'U13973', 'U12269']",4
U6196,"['U7899', 'U8306', 'U336', 'U7909', 'U13397', 'U2713']",6
U6197,"['U11209', 'U6875', 'U3223', 'U9863']",4
U6198,"['U2437', 'U5206', 'U5235', 'U8148', 'U13845']",5
U6199,"['U8690', 'U9373']",2
U6200,"['U7874', 'U13646', 'U6943', 'U3155', 'U14277', 'U4226']",6
U6201,['U11104'],1
U6202,"['U13685', 'U14925', 'U9390', 'U6450', 'U5486', 'U1874', 'U6829', 'U14097', 'U6304', 'U402']",10
U6203,"['U11405', 'U9381', 'U5986']",3
U6204,"['U2533', 'U9362', 'U6445']",3
U6205,"['U12013', 'U13325', 'U2301', 'U11602', 'U13226', 'U2471']",6
U6206,"['U3184', 'U4003', 'U9185']",3
U6207,"['U3640', 'U8049', 'U10115', 'U2711', 'U5743']",5
U6208,['U8703'],1
U6209,"['U2461', 'U13886', 'U1067', 'U10864', 'U8187']",5
U6210,"['U5380', 'U12565', 'U4511', 'U116', 'U2799', 'U9966', 'U12728']",7
U6211,"['U2854', 'U14904', 'U10544', 'U7843']",4
U6212,"['U13421', 'U6573', 'U10187', 'U10843', 'U11703', 'U1162', 'U13394']",7
U6213,"['U5538', 'U45', 'U8534', 'U9725', 'U7157', 'U6631', 'U11133', 'U5372']",8
U6214,"['U6573', 'U13441']",2
U6215,"['U8004', 'U678', 'U2486', 'U11184', 'U558', 'U2293', 'U12312', 'U13866']",8
U6216,"['U14023', 'U11022', 'U4597', 'U13087', 'U576']",5
U6217,"['U13158', 'U8193', 'U7313', 'U13786', 'U3648', 'U9355', 'U2632']",7
U6218,"['U11190', 'U11844', 'U13863']",3
U6219,"['U5713', 'U4342', 'U5608', 'U7593', 'U4234', 'U5122']",6
U6220,"['U12463', 'U10556', 'U12484', 'U11322', 'U4822', 'U709', 'U10497']",7
U6221,"['U11289', 'U13209', 'U3074', 'U14149', 'U8432']",5
U6222,"['U12441', 'U9077']",2
U6223,"['U5568', 'U7230', 'U6694']",3
U6224,['U8908'],1
U6225,"['U3677', 'U3423', 'U13081']",3
U6226,"['U3934', 'U9562', 'U1574', 'U7103', 'U11944']",5
U6227,"['U1114', 'U11786', 'U12388', 'U9109', 'U5874', 'U3034']",6
U6228,"['U4748', 'U14675', 'U9985', 'U14438', 'U12057']",5
U6229,"['U10589', 'U5362', 'U10060', 'U13156']",4
U6230,"['U8700', 'U10642', 'U3001', 'U5550', 'U10617', 'U5101']",6
U6231,"['U10899', 'U14646', 'U1368', 'U13325']",4
U6232,"['U1293', 'U2085', 'U10214', 'U6407']",4
U6233,"['U11112', 'U4295', 'U5853', 'U8013', 'U7591', 'U7600', 'U2737', 'U575']",8
U6234,"['U7532', 'U6310', 'U225', 'U14880', 'U4372']",5
U6235,"['U13144', 'U6084', 'U6128', 'U1297', 'U11320']",5
U6236,"['U13313', 'U531', 'U13908', 'U13178', 'U14049', 'U10332', 'U12518', 'U7664', 'U8768', 'U12658', 'U4448']",11
U6237,"['U8697', 'U2060', 'U6385', 'U2205', 'U11859', 'U9215']",6
U6238,"['U2591', 'U9734', 'U9669', 'U13304', 'U8651', 'U6002', 'U14303']",7
U6239,"['U7038', 'U425', 'U2789']",3
U6240,"['U14087', 'U10172', 'U6468', 'U2884']",4
U6241,"['U8871', 'U1062', 'U7689', 'U7539', 'U10023', 'U2668']",6
U6242,"['U8275', 'U4080', 'U4183', 'U13390', 'U7741', 'U8237', 'U1966', 'U8624', 'U9799', 'U13328', 'U4253', 'U14677']",12
U6243,"['U6944', 'U4772', 'U4751']",3
U6244,"['U2705', 'U14923', 'U10488', 'U11691', 'U10357']",5
U6245,"['U4849', 'U14036', 'U976']",3
U6246,"['U794', 'U12117', 'U12181']",3
U6247,"['U5100', 'U3665']",2
U6248,"['U6982', 'U1466', 'U5476', 'U3697', 'U6883', 'U3441']",6
U6249,"['U4711', 'U3526', 'U8346', 'U4869', 'U12451']",5
U6250,"['U7499', 'U12365', 'U1149', 'U5636', 'U12909']",5
U6251,"['U12315', 'U11894', 'U1262']",3
U6252,"['U1261', 'U9347', 'U2244', 'U12417', 'U9383']",5
U6253,"['U1724', 'U3914', 'U11301', 'U11583', 'U5098']",5
U6254,"['U3896', 'U288', 'U3480', 'U3187']",4
U6255,"['U13677', 'U1993', 'U14841']",3
U6256,"['U3608', 'U12230', 'U9787', 'U9225', 'U143', 'U14568', 'U11953', 'U86', 'U10028']",9
U6257,"['U14630', 'U10866', 'U276', 'U2541', 'U12542', 'U9927', 'U12309']",7
U6258,"['U2272', 'U2875', 'U13668', 'U11808', 'U8271', 'U4606']",6
U6259,"['U13273', 'U7382', 'U1309', 'U4397', 'U13654', 'U4776', 'U9844', 'U13572']",8
U6260,"['U13059', 'U11737', 'U5715', 'U3282', 'U12847']",5
U6261,"['U8748', 'U14443', 'U14106', 'U10089', 'U423']",5
U6262,"['U7410', 'U12692', 'U1340']",3
U6263,"['U14229', 'U3343', 'U3015']",3
U6264,"['U778', 'U7442', 'U12897', 'U6035', 'U13514']",5
U6265,"['U2827', 'U1480', 'U1214', 'U5227', 'U2516', 'U11455', 'U6387']",7
U6266,"['U6832', 'U9150', 'U4220', 'U983', 'U939', 'U5018']",6
U6267,"['U9210', 'U4576', 'U3358', 'U937', 'U1556', 'U11732', 'U7058']",7
U6268,"['U11963', 'U7013', 'U603', 'U8181']",4
U6269,"['U3635', 'U6107', 'U4363', 'U11161']",4
U6270,"['U1410', 'U918', 'U7909', 'U1731']",4
U6271,"['U4738', 'U7490', 'U3502', 'U2708', 'U11697', 'U6887', 'U8069', 'U8169', 'U641', 'U7340', 'U5670']",11
U6272,"['U4790', 'U9284', 'U14826']",3
U6273,"['U2006', 'U9379', 'U12358', 'U1619', 'U1738', 'U10962']",6
U6274,"['U4166', 'U12165']",2
U6275,"['U3423', 'U10316', 'U3369', 'U13668']",4
U6276,"['U5066', 'U430', 'U12481', 'U1516']",4
U6277,"['U14951', 'U11615', 'U8596', 'U5769', 'U2018', 'U5875', 'U177', 'U8790']",8
U6278,"['U14353', 'U13607', 'U3098', 'U13271', 'U9262']",5
U6279,"['U10567', 'U14523', 'U14400', 'U2201']",4
U6280,"['U11532', 'U11503', 'U14330', 'U3620', 'U13318', 'U14957', 'U5709', 'U11037', 'U11786']",9
U6281,"['U13125', 'U4816', 'U11349']",3
U6282,"['U12150', 'U14522', 'U10222', 'U174']",4
U6283,"['U10807', 'U7110', 'U2170', 'U10944', 'U13659', 'U14095', 'U2123']",7
U6284,"['U7921', 'U11398', 'U14331', 'U13609', 'U12652', 'U7390', 'U7022', 'U8632', 'U11408', 'U14262']",10
U6285,"['U9946', 'U2614']",2
U6286,"['U4392', 'U12900', 'U10918']",3
U6287,"['U2157', 'U8123', 'U4815', 'U3667']",4
U6288,"['U9526', 'U7774', 'U11064', 'U5933', 'U10236']",5
U6289,"['U8184', 'U10887', 'U3116', 'U13554', 'U12453']",5
U6290,"['U7620', 'U9156']",2
U6291,['U11778'],1
U6292,"['U2227', 'U12621', 'U1595', 'U5852', 'U10559']",5
U6293,"['U172', 'U10649']",2
U6294,['U13547'],1
U6295,"['U8622', 'U2170', 'U11397']",3
U6296,"['U10218', 'U4357', 'U11172', 'U951', 'U14440', 'U673', 'U582']",7
U6297,"['U1378', 'U8308', 'U3640']",3
U6298,"['U3467', 'U3617', 'U4534', 'U1888', 'U6623', 'U3618']",6
U6299,"['U7277', 'U10929', 'U8810', 'U14085']",4
U6300,"['U7565', 'U1424', 'U12101', 'U1894', 'U9190', 'U726']",6
U6301,"['U4345', 'U6657', 'U1951']",3
U6302,"['U14211', 'U10522', 'U7151', 'U2046', 'U7490', 'U8166']",6
U6303,"['U312', 'U4998', 'U1217', 'U5004']",4
U6304,"['U9562', 'U12898', 'U6995', 'U6740', 'U3003', 'U10851']",6
U6305,"['U503', 'U10062', 'U4260']",3
U6306,"['U14001', 'U9745', 'U3118']",3
U6307,"['U5169', 'U2991']",2
U6308,"['U8242', 'U3628', 'U7145', 'U3776', 'U9403', 'U10803', 'U9518']",7
U6309,"['U4962', 'U10320', 'U10180', 'U10165', 'U9481', 'U11808']",6
U6310,"['U6358', 'U13736', 'U9816', 'U8997', 'U1269', 'U10835']",6
U6311,"['U11743', 'U5674', 'U700', 'U12727', 'U13058', 'U474', 'U208']",7
U6312,"['U448', 'U10039', 'U6797', 'U9784', 'U3408', 'U14367']",6
U6313,"['U11215', 'U13647', 'U5543', 'U674']",4
U6314,"['U9165', 'U12702', 'U13026', 'U2801', 'U11510']",5
U6315,"['U6020', 'U14091', 'U9869', 'U6921']",4
U6316,"['U5694', 'U6732', 'U5805', 'U14704', 'U101']",5
U6317,[],0
U6318,['U406'],1
U6319,"['U8432', 'U11589']",2
U6320,"['U720', 'U6984', 'U10387', 'U5285', 'U8924', 'U12725', 'U1663']",7
U6321,"['U203', 'U10825']",2
U6322,"['U9726', 'U14361', 'U10403', 'U8315', 'U10914']",5
U6323,"['U10795', 'U7167', 'U1299', 'U1109', 'U4600', 'U10363', 'U6907']",7
U6324,"['U592', 'U4994', 'U4291', 'U9805', 'U2646', 'U4504', 'U1636', 'U1899', 'U978', 'U10375']",10
U6325,"['U7346', 'U4339', 'U6852', 'U7957']",4
U6326,"['U1057', 'U5468', 'U8549', 'U5890', 'U7881']",5
U6327,"['U42', 'U13183', 'U6784', 'U4305', 'U11725', 'U11416', 'U14226']",7
U6328,"['U9497', 'U9026', 'U7417', 'U207', 'U12439', 'U2694', 'U2798']",7
U6329,"['U2520', 'U8729', 'U6538', 'U12515', 'U14710', 'U5163', 'U1881', 'U14151']",8
U6330,"['U12445', 'U8142', 'U10884', 'U5438', 'U5684', 'U6290', 'U14939', 'U7674', 'U12636', 'U4621']",10
U6331,"['U1945', 'U13550', 'U2687', 'U12554']",4
U6332,"['U14469', 'U14208', 'U9473', 'U2843', 'U1089', 'U10384']",6
U6333,"['U2497', 'U5534']",2
U6334,"['U11318', 'U1542']",2
U6335,"['U773', 'U9239', 'U4266', 'U8333', 'U8331', 'U820']",6
U6336,"['U2709', 'U4505']",2
U6337,[],0
U6338,"['U7903', 'U7329']",2
U6339,"['U6395', 'U9360', 'U12796', 'U2', 'U10840', 'U7583']",6
U6340,"['U2742', 'U9275', 'U8437', 'U4994', 'U4082', 'U3986', 'U14207', 'U12207', 'U10123']",9
U6341,"['U6375', 'U12957', 'U3528', 'U4437', 'U1586', 'U10711', 'U14849']",7
U6342,"['U4591', 'U3191', 'U13205', 'U14560', 'U11019', 'U13164', 'U6290']",7
U6343,"['U6129', 'U3266', 'U2297', 'U5952', 'U157', 'U13071', 'U11387']",7
U6344,['U11655'],1
U6345,"['U4644', 'U3898', 'U7347', 'U3836', 'U3983', 'U6984', 'U5101']",7
U6346,"['U3806', 'U12132', 'U5470', 'U11454']",4
U6347,"['U4211', 'U8501', 'U2700', 'U7219']",4
U6348,"['U6319', 'U4589', 'U8814', 'U5158']",4
U6349,"['U13533', 'U10940', 'U4386', 'U12401', 'U4680', 'U5259']",6
U6350,"['U510', 'U10995', 'U5955', 'U10973']",4
U6351,"['U35', 'U5563']",2
U6352,"['U6958', 'U4399', 'U7985', 'U2315', 'U14197']",5
U6353,"['U3011', 'U1774', 'U12759', 'U3087', 'U3485']",5
U6354,"['U1645', 'U11947', 'U11596', 'U2772', 'U368']",5
U6355,"['U12742', 'U6255', 'U13511', 'U1374', 'U8459']",5
U6356,"['U7553', 'U12140', 'U4694']",3
U6357,"['U14178', 'U14764', 'U2170', 'U10981', 'U6236', 'U10262']",6
U6358,"['U3146', 'U5123', 'U13463', 'U5281', 'U9456']",5
U6359,"['U1', 'U3866', 'U10857', 'U10114']",4
U6360,"['U5353', 'U10445', 'U7239']",3
U6361,"['U6478', 'U12622', 'U3800']",3
U6362,"['U8267', 'U10896', 'U10967']",3
U6363,"['U6396', 'U13237', 'U7833']",3
U6364,"['U9865', 'U3705']",2
U6365,"['U8653', 'U14627', 'U4297', 'U13069']",4
U6366,"['U3743', 'U7647', 'U3287']",3
U6367,"['U2155', 'U14427', 'U3746']",3
U6368,"['U7704', 'U14293', 'U9613']",3
U6369,"['U4610', 'U13890', 'U14487', 'U4970', 'U4631']",5
U6370,"['U1159', 'U3950', 'U4277', 'U12937', 'U9131']",5
U6371,"['U381', 'U4751', 'U10559']",3
U6372,"['U2021', 'U8911', 'U13455', 'U4044', 'U12408', 'U7410']",6
U6373,"['U13057', 'U14432', 'U9287', 'U9185', 'U3236']",5
U6374,"['U11415', 'U6608', 'U11539', 'U1689']",4
U6375,"['U7960', 'U6499', 'U3524', 'U4842', 'U13269', 'U4775', 'U5240']",7
U6376,"['U5977', 'U14869', 'U12051', 'U10525', 'U10609']",5
U6377,"['U7921', 'U4697', 'U5543', 'U11102', 'U7471']",5
U6378,"['U6987', 'U592', 'U8994', 'U6808', 'U6050']",5
U6379,"['U13288', 'U5890', 'U1055', 'U9281', 'U7247']",5
U6380,"['U4832', 'U3176']",2
U6381,"['U270', 'U33', 'U1268', 'U13820', 'U9319']",5
U6382,"['U10166', 'U11608']",2
U6383,"['U3295', 'U6418', 'U131', 'U788', 'U12203', 'U14366', 'U2783', 'U14756']",8
U6384,"['U8618', 'U4851', 'U2710', 'U5848', 'U9013']",5
U6385,"['U88', 'U521', 'U10587', 'U10008', 'U1409', 'U12228', 'U3027', 'U14043']",8
U6386,"['U8121', 'U3403', 'U963', 'U8581', 'U7849']",5
U6387,"['U7786', 'U11319', 'U7858']",3
U6388,"['U14133', 'U2155', 'U14155', 'U11193']",4
U6389,"['U374', 'U6166']",2
U6390,"['U13968', 'U8957', 'U13788', 'U11595']",4
U6391,"['U3978', 'U12029', 'U1667', 'U3446', 'U10029', 'U10725']",6
U6392,"['U572', 'U2198', 'U9411']",3
U6393,['U2615'],1
U6394,"['U2576', 'U4921']",2
U6395,"['U1643', 'U11248', 'U3579', 'U941', 'U3880', 'U1016', 'U11012']",7
U6396,"['U969', 'U3367', 'U1053', 'U8666', 'U1480', 'U1696', 'U7297']",7
U6397,"['U6856', 'U3563', 'U2736', 'U11840', 'U11370', 'U3578', 'U12045', 'U11203', 'U14152']",9
U6398,"['U12068', 'U6735', 'U8300', 'U11024', 'U6938', 'U12553', 'U13325', 'U3045']",8
U6399,"['U2673', 'U2862', 'U5018', 'U4973', 'U9983', 'U13486', 'U4180']",7
U6400,"['U12844', 'U2974', 'U6961', 'U2213', 'U11819', 'U10806', 'U594']",7
U6401,"['U4773', 'U13892', 'U7703', 'U11037']",4
U6402,"['U3426', 'U6546', 'U9889', 'U5569', 'U12163', 'U8501', 'U10832']",7
U6403,"['U2550', 'U12015', 'U9487', 'U8930', 'U1147', 'U14112']",6
U6404,"['U1707', 'U683', 'U3974', 'U5405', 'U3055']",5
U6405,"['U565', 'U729', 'U6732', 'U7697', 'U12322', 'U5745', 'U4957']",7
U6406,"['U5462', 'U5184', 'U6055', 'U1274', 'U14563', 'U8530']",6
U6407,"['U2514', 'U7213', 'U4190', 'U5421', 'U12290']",5
U6408,"['U13925', 'U11920', 'U1451', 'U535']",4
U6409,"['U11776', 'U11714', 'U6308', 'U12398']",4
U6410,"['U13869', 'U1778', 'U12289', 'U4411', 'U8423', 'U5612']",6
U6411,"['U9780', 'U2708', 'U4475', 'U3977', 'U1131', 'U13607']",6
U6412,"['U14372', 'U12257', 'U3499', 'U1666', 'U4271', 'U3574', 'U1458', 'U12136', 'U1988']",9
U6413,"['U7836', 'U14480', 'U3566', 'U1668']",4
U6414,"['U4852', 'U14614', 'U13993', 'U4482', 'U9081', 'U1692']",6
U6415,"['U8459', 'U3668', 'U10125', 'U6205', 'U7461', 'U6343', 'U7347', 'U9746', 'U7900']",9
U6416,"['U3436', 'U7754', 'U853', 'U13114', 'U5387', 'U12943', 'U305', 'U11204']",8
U6417,['U10336'],1
U6418,"['U9867', 'U7385', 'U4555']",3
U6419,"['U9084', 'U11848', 'U88', 'U958']",4
U6420,"['U9384', 'U5680', 'U13460', 'U11620', 'U14614']",5
U6421,"['U14716', 'U10789', 'U14573']",3
U6422,"['U2912', 'U198', 'U621', 'U7968', 'U1608', 'U7519', 'U7397', 'U8084']",8
U6423,"['U10734', 'U3698', 'U5676', 'U5753', 'U231', 'U14284']",6
U6424,"['U8269', 'U6048', 'U3643', 'U12712', 'U14947', 'U12490', 'U13070']",7
U6425,['U12630'],1
U6426,"['U14129', 'U9602', 'U4203', 'U11438', 'U8139']",5
U6427,"['U11976', 'U30']",2
U6428,"['U5574', 'U8308', 'U3587', 'U2749', 'U6316', 'U13366', 'U9368']",7
U6429,"['U11921', 'U14505', 'U13586', 'U9828', 'U5502']",5
U6430,"['U11548', 'U8474', 'U10010', 'U8154', 'U4706']",5
U6431,"['U11772', 'U14208', 'U10275', 'U11991', 'U13656', 'U11752', 'U12310', 'U14937']",8
U6432,"['U9119', 'U7128']",2
U6433,"['U4688', 'U3801', 'U8983', 'U12253']",4
U6434,"['U2608', 'U5646', 'U3621', 'U1006']",4
U6435,"['U6773', 'U10577']",2
U6436,"['U2729', 'U2092', 'U3970', 'U4060', 'U12158', 'U1275']",6
U6437,"['U9340', 'U14839', 'U11091', 'U9135', 'U12484', 'U8700', 'U11821']",7
U6438,"['U749', 'U11322', 'U1131', 'U5530', 'U1613', 'U730', 'U1391', 'U14658', 'U1132', 'U4410', 'U9399']",11
U6439,['U14395'],1
U6440,"['U3218', 'U2996', 'U11320', 'U5706', 'U8834']",5
U6441,"['U9029', 'U2093', 'U7104', 'U11051', 'U7552', 'U15000', 'U2137', 'U8570', 'U10388', 'U11754', 'U12461']",11
U6442,"['U13429', 'U14901', 'U2848', 'U7325']",4
U6443,"['U7673', 'U9096', 'U13615', 'U13847', 'U2888']",5
U6444,"['U12697', 'U210', 'U4858']",3
U6445,"['U8644', 'U6715', 'U2251', 'U795', 'U11426']",5
U6446,"['U1291', 'U11699', 'U4019', 'U4564', 'U9378', 'U13325', 'U6800', 'U6148']",8
U6447,"['U14698', 'U2105', 'U14451', 'U11590', 'U8303']",5
U6448,"['U12194', 'U3158', 'U7525', 'U9352', 'U2124', 'U5619']",6
U6449,"['U10326', 'U11584', 'U12860', 'U12643']",4
U6450,"['U3744', 'U4025', 'U3518', 'U6681', 'U5228', 'U10993', 'U8065']",7
U6451,"['U6679', 'U13005']",2
U6452,"['U9401', 'U9608', 'U12832', 'U6749', 'U3084', 'U4351']",6
U6453,"['U11096', 'U14670', 'U3748', 'U2092', 'U6972', 'U2898', 'U13690', 'U13011', 'U10699', 'U8784']",10
U6454,"['U4042', 'U4983', 'U4724', 'U727', 'U14686', 'U13810', 'U3827']",7
U6455,"['U1960', 'U12868', 'U10382', 'U10628', 'U13062', 'U4989', 'U12148']",7
U6456,"['U8975', 'U11333', 'U9689']",3
U6457,"['U12567', 'U2464', 'U12102', 'U10490', 'U1511', 'U5617']",6
U6458,"['U686', 'U7169', 'U2454']",3
U6459,"['U6369', 'U6785', 'U7139', 'U3692', 'U14573', 'U12069']",6
U6460,"['U2697', 'U14146', 'U4663']",3
U6461,"['U5689', 'U13549', 'U722']",3
U6462,"['U10678', 'U14471', 'U12440', 'U8796', 'U4429']",5
U6463,"['U804', 'U8030', 'U6111', 'U10390']",4
U6464,"['U6982', 'U14402', 'U3363', 'U6577', 'U3153', 'U2871', 'U4373']",7
U6465,"['U5199', 'U9840', 'U13537', 'U6102']",4
U6466,"['U5', 'U11919', 'U9795', 'U28', 'U10099', 'U13598', 'U8196']",7
U6467,"['U13999', 'U5947', 'U14327']",3
U6468,"['U9197', 'U12609', 'U11685', 'U10891', 'U5067', 'U12283']",6
U6469,"['U7238', 'U2554', 'U4246']",3
U6470,"['U4037', 'U9025', 'U13669']",3
U6471,"['U9857', 'U8149']",2
U6472,"['U9666', 'U5485']",2
U6473,"['U615', 'U8560', 'U9102', 'U10779', 'U5625', 'U8860', 'U1644', 'U10165']",8
U6474,"['U1129', 'U10847', 'U4778']",3
U6475,"['U5074', 'U9056', 'U14349', 'U13840']",4
U6476,"['U4995', 'U2375', 'U6909', 'U6292', 'U11762', 'U6621', 'U12337', 'U578', 'U10648']",9
U6477,"['U3459', 'U5589', 'U2030', 'U10258', 'U1214']",5
U6478,"['U4346', 'U8884', 'U3310', 'U973', 'U10052', 'U3952']",6
U6479,"['U8927', 'U3299', 'U5620', 'U7589']",4
U6480,['U8239'],1
U6481,"['U10724', 'U11212']",2
U6482,"['U13197', 'U1217', 'U3648', 'U58', 'U13554', 'U8207', 'U108']",7
U6483,"['U5458', 'U2299', 'U12324']",3
U6484,"['U13391', 'U12586', 'U14018', 'U1778', 'U12205', 'U2006', 'U5738']",7
U6485,"['U6821', 'U11030', 'U2147', 'U13860', 'U5663', 'U8334']",6
U6486,"['U6513', 'U5737', 'U1677', 'U5271', 'U14863', 'U14836']",6
U6487,"['U7639', 'U7508', 'U5589', 'U1946', 'U723', 'U7122', 'U3141']",7
U6488,"['U2152', 'U521', 'U7216']",3
U6489,"['U8555', 'U14911', 'U11496', 'U10364']",4
U6490,"['U2685', 'U12330', 'U1314', 'U3542', 'U3602', 'U13783', 'U6875']",7
U6491,"['U11845', 'U14718', 'U9820']",3
U6492,"['U13659', 'U5648', 'U3396']",3
U6493,"['U6243', 'U13789', 'U4780']",3
U6494,"['U2207', 'U2086', 'U8696']",3
U6495,"['U6612', 'U5791', 'U621', 'U10964', 'U6893']",5
U6496,"['U7409', 'U10721', 'U13055', 'U5315']",4
U6497,"['U4408', 'U357', 'U5628', 'U5538', 'U4790', 'U12941']",6
U6498,"['U5311', 'U7056', 'U13816', 'U5294']",4
U6499,"['U2872', 'U13125', 'U12955', 'U7692', 'U8048']",5
U6500,"['U3487', 'U1203', 'U8227']",3
U6501,"['U12735', 'U10601', 'U3666', 'U6275']",4
U6502,"['U3538', 'U6612', 'U5576', 'U10589', 'U13464', 'U1296', 'U408']",7
U6503,"['U8151', 'U12333', 'U4751', 'U6010', 'U1194', 'U11731', 'U342']",7
U6504,"['U6981', 'U12829', 'U12962', 'U8439', 'U6741']",5
U6505,"['U8761', 'U13867', 'U14372', 'U9626', 'U8128']",5
U6506,"['U378', 'U9160']",2
U6507,"['U6575', 'U14122']",2
U6508,"['U10167', 'U3805', 'U12800', 'U2804']",4
U6509,"['U14474', 'U12186', 'U8148', 'U12605']",4
U6510,"['U10034', 'U8650', 'U4098', 'U6861', 'U5388', 'U5983', 'U13654']",7
U6511,"['U250', 'U14678']",2
U6512,"['U14995', 'U13783', 'U3438', 'U10155', 'U12411', 'U14033', 'U6333']",7
U6513,"['U12895', 'U7305', 'U1681', 'U11911']",4
U6514,"['U5195', 'U4624']",2
U6515,"['U6834', 'U375', 'U7519', 'U8668']",4
U6516,"['U4955', 'U1062', 'U4915', 'U12538']",4
U6517,"['U2413', 'U436', 'U10145', 'U9485', 'U14447', 'U4299', 'U1424', 'U7207']",8
U6518,"['U3310', 'U4232', 'U2089']",3
U6519,['U12194'],1
U6520,"['U9778', 'U1858', 'U11479', 'U10317', 'U8315', 'U2871', 'U7623']",7
U6521,"['U671', 'U9184', 'U13743', 'U12932', 'U8976', 'U10158']",6
U6522,"['U7238', 'U3312']",2
U6523,"['U12668', 'U10545', 'U8542']",3
U6524,"['U10709', 'U2447', 'U13117', 'U7321', 'U4086', 'U8411', 'U598']",7
U6525,"['U1551', 'U10719', 'U527', 'U12739', 'U3638', 'U14083']",6
U6526,"['U4623', 'U10528', 'U6728', 'U8270', 'U10538', 'U69', 'U5649', 'U5577', 'U5163']",9
U6527,"['U1314', 'U8544']",2
U6528,"['U9100', 'U11628', 'U7324', 'U7139', 'U8272']",5
U6529,"['U11777', 'U14361', 'U7717', 'U8733', 'U3693', 'U13078']",6
U6530,"['U12253', 'U2411']",2
U6531,"['U7293', 'U8364', 'U11241', 'U11404', 'U4038', 'U11408', 'U8175']",7
U6532,"['U3518', 'U5604', 'U14421', 'U7832', 'U5', 'U516']",6
U6533,"['U2272', 'U8215', 'U4718']",3
U6534,"['U3870', 'U11036', 'U8423', 'U6009']",4
U6535,"['U8490', 'U9208', 'U13210']",3
U6536,"['U7194', 'U5106']",2
U6537,"['U10326', 'U14491']",2
U6538,"['U3914', 'U13682', 'U1263', 'U652', 'U10959']",5
U6539,"['U5856', 'U1668', 'U692']",3
U6540,"['U14302', 'U6410', 'U12654', 'U6740', 'U5701', 'U9234', 'U6682', 'U14347', 'U11700']",9
U6541,"['U180', 'U14332', 'U12260', 'U2791', 'U7469', 'U13081', 'U11887', 'U1479', 'U13241']",9
U6542,['U2071'],1
U6543,"['U14075', 'U444', 'U2546']",3
U6544,['U5955'],1
U6545,"['U2618', 'U9612', 'U3392', 'U12096', 'U13279', 'U5657', 'U9477']",7
U6546,"['U14274', 'U9417']",2
U6547,['U10777'],1
U6548,"['U11030', 'U13283', 'U9807', 'U10391', 'U9174', 'U2235', 'U1532']",7
U6549,"['U11230', 'U9624']",2
U6550,"['U5240', 'U13796', 'U8490', 'U9120', 'U14476', 'U13946', 'U5267', 'U11773']",8
U6551,"['U5530', 'U4428', 'U10803', 'U12570']",4
U6552,"['U3091', 'U4785', 'U7313', 'U957', 'U6031', 'U9828', 'U12134']",7
U6553,"['U9232', 'U14309', 'U4492', 'U317', 'U9479', 'U12606', 'U8371']",7
U6554,"['U14470', 'U11084', 'U1145', 'U11639', 'U10782', 'U1472']",6
U6555,"['U5872', 'U1728', 'U4635', 'U12187', 'U8941', 'U4090']",6
U6556,"['U10036', 'U6242', 'U13769', 'U11497', 'U3282']",5
U6557,"['U13575', 'U10415']",2
U6558,"['U10714', 'U12219', 'U842', 'U14435', 'U9048']",5
U6559,"['U13535', 'U14575', 'U981']",3
U6560,"['U9194', 'U8899', 'U1707']",3
U6561,"['U3707', 'U12602', 'U9508', 'U1082', 'U2065', 'U8215', 'U6036', 'U4354']",8
U6562,"['U12296', 'U11461']",2
U6563,"['U11552', 'U12971']",2
U6564,"['U2666', 'U4489', 'U4937']",3
U6565,"['U4812', 'U7027', 'U11425', 'U1311', 'U1680', 'U1844']",6
U6566,"['U2816', 'U3830', 'U5741', 'U12998', 'U8845', 'U14093', 'U6549', 'U13569']",8
U6567,[],0
U6568,"['U12117', 'U12720', 'U9612', 'U10911', 'U12959', 'U8741']",6
U6569,"['U118', 'U4432', 'U3616', 'U8791']",4
U6570,"['U12429', 'U7600', 'U14372', 'U11823', 'U860', 'U9121', 'U5686', 'U4292']",8
U6571,"['U12569', 'U14835', 'U12277', 'U5529', 'U8445', 'U10878', 'U14509']",7
U6572,"['U7790', 'U10911']",2
U6573,"['U1370', 'U6608']",2
U6574,"['U2377', 'U8748', 'U3091', 'U7737']",4
U6575,"['U1916', 'U11474', 'U11374', 'U6842', 'U8152', 'U14180', 'U6180']",7
U6576,"['U7357', 'U10493', 'U10042', 'U9443', 'U12722', 'U6470', 'U8704', 'U6895']",8
U6577,"['U11536', 'U2828', 'U6449', 'U14128']",4
U6578,"['U6675', 'U9493', 'U12443', 'U13862']",4
U6579,"['U12727', 'U1210', 'U10218', 'U9009', 'U1401', 'U4551']",6
U6580,"['U4375', 'U4437', 'U4940', 'U9142']",4
U6581,"['U4477', 'U1090', 'U3002', 'U12606', 'U10334']",5
U6582,"['U8285', 'U726', 'U8232']",3
U6583,"['U11996', 'U9728', 'U11135', 'U455', 'U13505']",5
U6584,"['U6917', 'U4199', 'U8071', 'U13336', 'U8824']",5
U6585,"['U2151', 'U1476', 'U4342']",3
U6586,"['U5680', 'U8103', 'U1911', 'U9226', 'U1101']",5
U6587,"['U14429', 'U2881', 'U1200', 'U34', 'U9520', 'U12505', 'U7564', 'U6730']",8
U6588,"['U6257', 'U12622', 'U5248']",3
U6589,"['U2250', 'U9400', 'U2744', 'U11685']",4
U6590,['U1552'],1
U6591,"['U1397', 'U13559', 'U5288', 'U6199', 'U6037', 'U6016', 'U1702']",7
U6592,"['U4132', 'U2341', 'U13879', 'U2697']",4
U6593,"['U3290', 'U9151', 'U5389', 'U1469', 'U9114']",5
U6594,"['U9114', 'U6185']",2
U6595,"['U1841', 'U5246', 'U12634', 'U9248']",4
U6596,"['U2225', 'U5269', 'U7892', 'U8282', 'U4447', 'U977']",6
U6597,"['U11815', 'U11974']",2
U6598,"['U908', 'U6833', 'U12076', 'U274', 'U10117', 'U9933']",6
U6599,"['U12071', 'U3439', 'U9046', 'U4816', 'U571', 'U10321', 'U4938']",7
U6600,[],0
U6601,"['U4658', 'U13184', 'U6724']",3
U6602,"['U2640', 'U10036', 'U484', 'U6894', 'U10421', 'U7211', 'U14082', 'U8525', 'U14695']",9
U6603,"['U460', 'U11978', 'U11574', 'U9475']",4
U6604,"['U8131', 'U5859']",2
U6605,"['U5734', 'U3782', 'U10874', 'U9012', 'U6150']",5
U6606,['U9660'],1
U6607,['U10818'],1
U6608,"['U5997', 'U7336', 'U3152', 'U1224', 'U3133', 'U7311', 'U10769']",7
U6609,"['U5535', 'U7396', 'U6957']",3
U6610,"['U8708', 'U14929', 'U6492', 'U3']",4
U6611,"['U7364', 'U9327', 'U8655', 'U6764', 'U2960', 'U4434', 'U4363', 'U2666']",8
U6612,"['U6057', 'U9047', 'U7354', 'U12594', 'U897', 'U475']",6
U6613,"['U7047', 'U651', 'U6872', 'U8755', 'U2136']",5
U6614,"['U10684', 'U1043', 'U9296']",3
U6615,"['U9822', 'U11440', 'U12001', 'U10897', 'U14427']",5
U6616,"['U256', 'U12163', 'U10327', 'U3124', 'U9602']",5
U6617,"['U8403', 'U12812', 'U3255', 'U2560', 'U14555', 'U5180', 'U293', 'U371', 'U9868']",9
U6618,"['U9529', 'U12610', 'U7812', 'U10642', 'U11728', 'U12216', 'U8622']",7
U6619,"['U13462', 'U14803', 'U2369', 'U1124']",4
U6620,"['U12441', 'U7439', 'U5160', 'U754', 'U7933']",5
U6621,"['U9977', 'U8142', 'U12800', 'U14288', 'U13174', 'U10465', 'U7180', 'U8824']",8
U6622,"['U14156', 'U13285', 'U2957', 'U284']",4
U6623,"['U14442', 'U1114', 'U9170', 'U5608']",4
U6624,"['U12178', 'U8754', 'U6967', 'U9715']",4
U6625,"['U6415', 'U4521', 'U9496']",3
U6626,"['U1616', 'U14494', 'U12918', 'U8470', 'U5675']",5
U6627,"['U5039', 'U8539', 'U2999']",3
U6628,"['U9297', 'U6286', 'U11901', 'U4911', 'U6041']",5
U6629,"['U11717', 'U11063', 'U6538']",3
U6630,"['U4571', 'U3111', 'U2602', 'U9753']",4
U6631,"['U14725', 'U11333', 'U6986', 'U3621']",4
U6632,"['U14005', 'U9129', 'U9390', 'U8010', 'U1572']",5
U6633,"['U3084', 'U6679', 'U11646']",3
U6634,"['U11997', 'U7111', 'U14572', 'U14593', 'U7631']",5
U6635,"['U6412', 'U4926', 'U2473', 'U6713', 'U14188']",5
U6636,"['U6108', 'U43', 'U11395', 'U5360', 'U11583', 'U3476', 'U14315', 'U891']",8
U6637,"['U7546', 'U14205']",2
U6638,"['U1865', 'U10391', 'U6303']",3
U6639,"['U8935', 'U1228', 'U11120', 'U14531', 'U8130', 'U12457', 'U14201', 'U3257', 'U2849']",9
U6640,"['U2512', 'U1822', 'U5174', 'U7881', 'U6174', 'U4654', 'U12722']",7
U6641,"['U483', 'U14786', 'U11514', 'U3405', 'U1609', 'U11121']",6
U6642,"['U781', 'U3025']",2
U6643,"['U9835', 'U13092', 'U1586', 'U10965', 'U13259', 'U610']",6
U6644,"['U9227', 'U378', 'U118', 'U1786', 'U13986']",5
U6645,['U13702'],1
U6646,"['U946', 'U7098', 'U9770', 'U12711', 'U4294', 'U1491', 'U1855', 'U4008', 'U10908']",9
U6647,"['U9382', 'U1711', 'U4225']",3
U6648,"['U7697', 'U11059', 'U8180', 'U3029', 'U5214', 'U10698', 'U8641']",7
U6649,"['U8247', 'U7017', 'U14543']",3
U6650,"['U5725', 'U4212', 'U8721']",3
U6651,"['U5338', 'U13704', 'U8786']",3
U6652,"['U1079', 'U6617', 'U1493', 'U13831', 'U6440', 'U1789']",6
U6653,"['U6764', 'U12476', 'U2463']",3
U6654,"['U1299', 'U6855']",2
U6655,"['U11115', 'U4284']",2
U6656,"['U6755', 'U10410', 'U13703', 'U12518', 'U7585', 'U11298', 'U522', 'U12555', 'U11837']",9
U6657,"['U9995', 'U1383', 'U1606']",3
U6658,"['U8344', 'U11550', 'U4472', 'U10002', 'U4342', 'U41', 'U9607', 'U6249']",8
U6659,"['U11257', 'U1058']",2
U6660,"['U7469', 'U4118', 'U4111', 'U874']",4
U6661,"['U3699', 'U3646', 'U5214', 'U9756', 'U12022', 'U457', 'U13281']",7
U6662,"['U9493', 'U930', 'U11921', 'U5120', 'U10431']",5
U6663,"['U423', 'U3851', 'U10071', 'U13202']",4
U6664,"['U6576', 'U52', 'U11086', 'U7774', 'U46', 'U5035', 'U9140', 'U5050']",8
U6665,"['U955', 'U9083', 'U5352', 'U6649']",4
U6666,"['U12834', 'U14439', 'U14664', 'U12045', 'U5936', 'U9760', 'U12838']",7
U6667,"['U11702', 'U7849', 'U11724', 'U12106', 'U8268', 'U6204', 'U7076', 'U4479', 'U7216', 'U6295', 'U12837']",11
U6668,"['U4118', 'U3602']",2
U6669,"['U7567', 'U7552', 'U14193', 'U7254']",4
U6670,"['U13490', 'U10895']",2
U6671,"['U389', 'U11496', 'U9451', 'U8003', 'U13302']",5
U6672,"['U1170', 'U10003', 'U3252', 'U7700', 'U12798', 'U8745']",6
U6673,"['U8477', 'U984', 'U1951', 'U1780', 'U5765', 'U6129', 'U14650']",7
U6674,"['U6321', 'U6449']",2
U6675,"['U6312', 'U3647', 'U6411', 'U14028', 'U4657']",5
U6676,"['U8164', 'U14563']",2
U6677,['U2507'],1
U6678,"['U3252', 'U6285']",2
U6679,"['U14300', 'U492', 'U11298', 'U10014']",4
U6680,"['U6456', 'U11938', 'U13712', 'U3557', 'U10052', 'U3145', 'U6107']",7
U6681,"['U6048', 'U9861', 'U2886', 'U4024', 'U8903', 'U12307']",6
U6682,"['U14442', 'U1070']",2
U6683,"['U9627', 'U8576', 'U10112', 'U6816', 'U9318']",5
U6684,"['U10917', 'U12430', 'U7106']",3
U6685,['U6130'],1
U6686,"['U4937', 'U7673', 'U8691', 'U13413', 'U4231', 'U14107']",6
U6687,"['U1136', 'U10047', 'U3465', 'U5891']",4
U6688,"['U5493', 'U4810', 'U3446']",3
U6689,"['U5788', 'U11030', 'U1685', 'U8436', 'U10767', 'U2743', 'U900', 'U5700']",8
U6690,"['U9926', 'U1198']",2
U6691,"['U5520', 'U7330', 'U6484', 'U4753']",4
U6692,"['U8194', 'U5552', 'U14117']",3
U6693,"['U6768', 'U1382', 'U13134']",3
U6694,"['U4750', 'U9942']",2
U6695,[],0
U6696,"['U9492', 'U34', 'U456', 'U5607']",4
U6697,"['U4766', 'U12910', 'U3701']",3
U6698,"['U8844', 'U11379', 'U8858', 'U5801', 'U4713', 'U5373']",6
U6699,"['U1468', 'U5703', 'U3996']",3
U6700,"['U14619', 'U8006']",2
U6701,"['U14535', 'U12219', 'U14204', 'U8804', 'U6282', 'U10499', 'U13914', 'U3805', 'U4221', 'U136']",10
U6702,"['U14110', 'U672', 'U2712', 'U2695', 'U1272', 'U10979', 'U13963', 'U2144']",8
U6703,"['U1891', 'U1238', 'U6025', 'U4210', 'U1694', 'U5482']",6
U6704,[],0
U6705,"['U6697', 'U2678', 'U9954', 'U445', 'U14502', 'U2723']",6
U6706,"['U1199', 'U8957', 'U9268']",3
U6707,"['U6878', 'U1858', 'U3657', 'U5759']",4
U6708,"['U13118', 'U10876', 'U1155']",3
U6709,"['U14554', 'U2374', 'U10930', 'U8565', 'U1929', 'U3179']",6
U6710,"['U11204', 'U12814', 'U4368', 'U10333']",4
U6711,"['U9157', 'U9922', 'U6760', 'U5521', 'U5944']",5
U6712,"['U4553', 'U13732', 'U5762']",3
U6713,"['U6121', 'U6203', 'U8126', 'U8616', 'U3982', 'U6611']",6
U6714,"['U2910', 'U9478', 'U1778', 'U4738', 'U10319']",5
U6715,"['U7275', 'U6272', 'U3504', 'U1497', 'U10959']",5
U6716,"['U898', 'U5732', 'U7322']",3
U6717,"['U1026', 'U2362', 'U14471', 'U8580', 'U2907', 'U7718']",6
U6718,"['U3794', 'U14816', 'U12450', 'U5548', 'U8550']",5
U6719,"['U13497', 'U14008', 'U11011', 'U5338']",4
U6720,"['U3474', 'U3854']",2
U6721,"['U282', 'U1521', 'U4820']",3
U6722,"['U818', 'U300', 'U14787', 'U5430', 'U4117', 'U13708', 'U6686', 'U5452', 'U1456', 'U4620', 'U14551']",11
U6723,"['U8970', 'U6408', 'U1132']",3
U6724,"['U7909', 'U9936', 'U2593']",3
U6725,"['U9915', 'U3407']",2
U6726,"['U13633', 'U6837', 'U8444', 'U10381', 'U8492', 'U6256', 'U7541']",7
U6727,"['U10743', 'U11817', 'U1231', 'U1407', 'U6974']",5
U6728,"['U7871', 'U9102', 'U8850', 'U11564', 'U8347']",5
U6729,"['U5681', 'U203', 'U9475', 'U6467', 'U878', 'U2993']",6
U6730,['U1311'],1
U6731,"['U1971', 'U482', 'U5437', 'U1176']",4
U6732,"['U9734', 'U2413', 'U14712', 'U2398']",4
U6733,"['U9553', 'U11072', 'U6532', 'U2784', 'U8572', 'U5610', 'U8902']",7
U6734,"['U9265', 'U8108']",2
U6735,"['U7433', 'U9473']",2
U6736,"['U9387', 'U2266', 'U10424', 'U12274', 'U14809']",5
U6737,"['U2684', 'U7009', 'U9403', 'U11386']",4
U6738,"['U6637', 'U12448', 'U999']",3
U6739,"['U2357', 'U12885', 'U10758', 'U947', 'U7775']",5
U6740,['U11902'],1
U6741,"['U414', 'U7797', 'U12788', 'U4512', 'U838']",5
U6742,"['U8527', 'U4849', 'U12818', 'U12128', 'U3032']",5
U6743,"['U9838', 'U1614', 'U9172', 'U8548', 'U1166', 'U9443']",6
U6744,"['U12504', 'U8681', 'U5840']",3
U6745,"['U3330', 'U11426', 'U10222', 'U9446', 'U4706']",5
U6746,"['U7124', 'U1349', 'U11144', 'U5361', 'U4154', 'U4480']",6
U6747,"['U10667', 'U513', 'U9967', 'U106', 'U10863']",5
U6748,"['U12900', 'U6598']",2
U6749,"['U3392', 'U13240', 'U2405', 'U12274', 'U1895', 'U9099']",6
U6750,"['U1482', 'U1326', 'U11857', 'U2346', 'U11074']",5
U6751,"['U5763', 'U13984', 'U11850', 'U1014']",4
U6752,"['U9890', 'U10863', 'U7452', 'U14076', 'U7050', 'U1561', 'U12900']",7
U6753,['U12711'],1
U6754,"['U12596', 'U6754', 'U2934']",3
U6755,"['U1473', 'U7926', 'U3491', 'U13182', 'U3066', 'U7507']",6
U6756,"['U4535', 'U8546', 'U7668', 'U2343', 'U8970', 'U926']",6
U6757,"['U14029', 'U10495', 'U2602', 'U4522']",4
U6758,"['U12731', 'U4829']",2
U6759,"['U9295', 'U4920', 'U12656']",3
U6760,"['U3116', 'U1598', 'U9836', 'U2964', 'U7695']",5
U6761,"['U3408', 'U6449', 'U3284']",3
U6762,"['U11244', 'U7558', 'U8471']",3
U6763,"['U9155', 'U13428', 'U7992', 'U6154', 'U12946', 'U7640']",6
U6764,"['U7388', 'U13854', 'U10698', 'U9443', 'U8933', 'U6606', 'U13841']",7
U6765,"['U10805', 'U6895', 'U7887', 'U5088', 'U2061', 'U11844', 'U13377', 'U9317', 'U11536']",9
U6766,"['U11850', 'U7307', 'U12319']",3
U6767,"['U9885', 'U5402', 'U9908', 'U12945', 'U14961', 'U12637', 'U6778', 'U2540']",8
U6768,"['U5958', 'U10981']",2
U6769,"['U6882', 'U11736', 'U2560', 'U8103', 'U734']",5
U6770,"['U2378', 'U1267', 'U2061', 'U14412']",4
U6771,"['U1904', 'U10394']",2
U6772,"['U6954', 'U13520', 'U10307', 'U14914', 'U13197', 'U4594', 'U14586']",7
U6773,"['U8006', 'U13586', 'U5840', 'U2980', 'U7701', 'U5605', 'U5867', 'U520', 'U4033', 'U3530']",10
U6774,"['U12901', 'U2483', 'U7779', 'U9340', 'U13592']",5
U6775,"['U1316', 'U7833', 'U822']",3
U6776,"['U10928', 'U2208']",2
U6777,"['U14341', 'U10870']",2
U6778,"['U9115', 'U12029', 'U6718', 'U9203', 'U1788', 'U4954']",6
U6779,"['U5002', 'U6503', 'U14949', 'U3094', 'U4316', 'U3784']",6
U6780,"['U3184', 'U9703', 'U5062', 'U11000', 'U14195']",5
U6781,"['U7711', 'U6819', 'U6127', 'U9347', 'U10301', 'U8558']",6
U6782,"['U9182', 'U5907', 'U8800', 'U812', 'U1803']",5
U6783,"['U13047', 'U5340', 'U2327']",3
U6784,"['U1722', 'U708', 'U10649', 'U4151', 'U3593']",5
U6785,"['U4107', 'U1234', 'U5755', 'U649', 'U2714', 'U4713', 'U11877', 'U866', 'U10952', 'U10186']",10
U6786,"['U3297', 'U8136', 'U4990', 'U6371']",4
U6787,"['U8336', 'U12894', 'U6331', 'U9644']",4
U6788,"['U12861', 'U7618']",2
U6789,"['U1479', 'U6812', 'U2894', 'U4186', 'U2473']",5
U6790,"['U12201', 'U3452']",2
U6791,"['U10205', 'U11461', 'U2477', 'U8804', 'U13712', 'U13350', 'U13469', 'U445']",8
U6792,"['U13982', 'U10062', 'U1120', 'U8817', 'U2980', 'U12682', 'U12044']",7
U6793,"['U7377', 'U224', 'U4393', 'U14913', 'U1022', 'U3876']",6
U6794,"['U14929', 'U7978', 'U2009', 'U8328']",4
U6795,"['U12508', 'U5294', 'U11651']",3
U6796,"['U8141', 'U11555', 'U1651', 'U1610', 'U3042']",5
U6797,"['U14865', 'U7154', 'U8305', 'U7480']",4
U6798,"['U11814', 'U12593', 'U7410', 'U11616']",4
U6799,"['U4112', 'U3845', 'U11418', 'U6339', 'U9729', 'U13622', 'U4386']",7
U6800,"['U14318', 'U9791', 'U236', 'U11761']",4
U6801,"['U8632', 'U12350', 'U11389', 'U12640', 'U12086', 'U7898']",6
U6802,"['U8863', 'U12312', 'U10182', 'U3367', 'U14021', 'U7709']",6
U6803,"['U2543', 'U6672', 'U4565', 'U1774', 'U2552', 'U14958', 'U13718', 'U5396']",8
U6804,"['U10605', 'U11951', 'U247', 'U3084', 'U13148', 'U14787']",6
U6805,"['U1651', 'U7240', 'U9256', 'U6910', 'U4123']",5
U6806,"['U13267', 'U10481', 'U13406', 'U3108']",4
U6807,"['U13319', 'U10341', 'U993', 'U8734', 'U8842']",5
U6808,"['U8137', 'U1882', 'U9256', 'U2650', 'U6899', 'U9029', 'U11736', 'U8669', 'U7180', 'U8189']",10
U6809,"['U3205', 'U6210', 'U9806', 'U10803', 'U13914', 'U5677']",6
U6810,"['U4387', 'U6940', 'U5584', 'U8473']",4
U6811,['U5742'],1
U6812,"['U11184', 'U12588']",2
U6813,"['U14707', 'U12459', 'U8454']",3
U6814,"['U10570', 'U3433', 'U4197', 'U4218']",4
U6815,"['U2643', 'U5376', 'U3712', 'U7914', 'U14618']",5
U6816,"['U6510', 'U13033', 'U2880', 'U6043', 'U14481', 'U8248', 'U11234', 'U11286']",8
U6817,['U3947'],1
U6818,"['U11433', 'U1229', 'U5477', 'U11046', 'U11157']",5
U6819,"['U2519', 'U4160', 'U4265', 'U2203']",4
U6820,"['U3749', 'U3711', 'U2822', 'U5768', 'U6795', 'U9530', 'U10430', 'U3139', 'U2280']",9
U6821,"['U7669', 'U1556', 'U1901']",3
U6822,"['U13385', 'U3226', 'U4503', 'U11144', 'U9572', 'U11155', 'U115', 'U8200', 'U13247']",9
U6823,"['U8632', 'U6359', 'U5184', 'U13980', 'U6489', 'U11352', 'U10677', 'U12324', 'U4050']",9
U6824,"['U10073', 'U12769', 'U12673', 'U14946', 'U11269', 'U6327', 'U2302', 'U14050']",8
U6825,"['U4684', 'U5849', 'U914']",3
U6826,"['U8138', 'U1532', 'U14290', 'U2325', 'U13372', 'U4969']",6
U6827,"['U228', 'U11061', 'U8903', 'U6414', 'U4480', 'U3543', 'U8080', 'U11981', 'U505']",9
U6828,"['U9300', 'U5866', 'U2940', 'U1929', 'U4880', 'U8657', 'U6401', 'U4505', 'U5834']",9
U6829,"['U8299', 'U7152', 'U14', 'U10714', 'U4480']",5
U6830,"['U14591', 'U13458', 'U11298', 'U13646', 'U9518']",5
U6831,"['U11260', 'U4349', 'U562', 'U5259', 'U13052', 'U11885']",6
U6832,"['U9846', 'U11807', 'U10881']",3
U6833,"['U8162', 'U8403']",2
U6834,"['U5618', 'U2395', 'U8363', 'U6681', 'U9513', 'U274', 'U12', 'U5014', 'U4762']",9
U6835,"['U4490', 'U6112', 'U13250', 'U8161', 'U1874', 'U7549', 'U5299', 'U5299']",8
U6836,"['U14096', 'U2113']",2
U6837,['U14060'],1
U6838,"['U681', 'U14031', 'U13796']",3
U6839,"['U7304', 'U13322', 'U13351']",3
U6840,"['U11493', 'U2465', 'U6577', 'U4847', 'U14533']",5
U6841,"['U1125', 'U3424', 'U31', 'U3235', 'U4198', 'U6717']",6
U6842,"['U6743', 'U6010', 'U11880', 'U3385', 'U3620', 'U4578']",6
U6843,"['U14067', 'U3393', 'U13218', 'U12360', 'U4220', 'U1894', 'U10404', 'U11839']",8
U6844,"['U484', 'U4190', 'U12082', 'U948', 'U13977', 'U8705', 'U14003']",7
U6845,"['U10458', 'U1424', 'U7572', 'U7871']",4
U6846,"['U12657', 'U8605', 'U11881', 'U3039']",4
U6847,"['U12036', 'U3496', 'U394', 'U12257']",4
U6848,"['U586', 'U3771', 'U1408', 'U13781']",4
U6849,"['U4313', 'U4000', 'U5548', 'U1827', 'U5330', 'U2473']",6
U6850,"['U11226', 'U2398', 'U12822', 'U6601', 'U11280', 'U7102', 'U3918', 'U4205', 'U13482']",9
U6851,"['U6618', 'U8825', 'U10603', 'U1542', 'U767', 'U1517']",6
U6852,"['U11654', 'U4267', 'U5275', 'U11380', 'U14138']",5
U6853,"['U1613', 'U8097', 'U13257', 'U2667', 'U12876', 'U7668', 'U1295', 'U5950', 'U12328']",9
U6854,"['U1849', 'U10470', 'U2784', 'U5627', 'U14547', 'U9205']",6
U6855,"['U12277', 'U757', 'U7707', 'U14357', 'U10293', 'U13972']",6
U6856,"['U4276', 'U12863', 'U4341', 'U4137', 'U381', 'U3283', 'U5029', 'U8899']",8
U6857,"['U9642', 'U8918', 'U8484', 'U2749']",4
U6858,"['U10753', 'U11943', 'U11293', 'U3184', 'U14708', 'U10301', 'U6100']",7
U6859,"['U4685', 'U4091', 'U11533', 'U13279']",4
U6860,"['U9450', 'U8323']",2
U6861,"['U2622', 'U7774', 'U14747', 'U7537']",4
U6862,"['U4404', 'U3686', 'U2568', 'U5452', 'U12175']",5
U6863,"['U11553', 'U9107']",2
U6864,"['U10619', 'U5405', 'U6218', 'U4512', 'U12186']",5
U6865,"['U7210', 'U12794', 'U11675', 'U8461', 'U7039', 'U10739']",6
U6866,"['U9455', 'U3047', 'U819', 'U7527', 'U4057']",5
U6867,"['U4848', 'U8367']",2
U6868,"['U4566', 'U9583', 'U10808', 'U1484', 'U8991']",5
U6869,"['U3032', 'U10313', 'U7955', 'U4253']",4
U6870,"['U3536', 'U8079', 'U11962', 'U12223']",4
U6871,"['U3402', 'U4250']",2
U6872,"['U4083', 'U7518', 'U8072', 'U14918', 'U12414', 'U5648', 'U10781', 'U13118', 'U14923', 'U9329', 'U11164', 'U1975']",12
U6873,"['U11727', 'U572', 'U1848', 'U8479', 'U2325']",5
U6874,"['U420', 'U1805', 'U9577', 'U11929', 'U9997']",5
U6875,"['U13265', 'U8897', 'U197']",3
U6876,"['U7471', 'U11836', 'U6777', 'U10443', 'U1683']",5
U6877,"['U9673', 'U10722', 'U2792', 'U2191', 'U2568']",5
U6878,"['U6990', 'U2728', 'U14608', 'U10069']",4
U6879,"['U13784', 'U5733']",2
U6880,"['U4362', 'U2888', 'U1204', 'U3965', 'U1948', 'U2904']",6
U6881,"['U865', 'U8822', 'U8722']",3
U6882,"['U12225', 'U2878', 'U8714']",3
U6883,"['U6360', 'U4553', 'U2075', 'U4376', 'U12059']",5
U6884,"['U4418', 'U11174', 'U5554', 'U2174']",4
U6885,"['U7206', 'U10444', 'U14934', 'U14062', 'U5922']",5
U6886,"['U5431', 'U7201', 'U14796', 'U8087', 'U7552', 'U3322']",6
U6887,"['U5754', 'U6255', 'U7637', 'U7473']",4
U6888,['U12612'],1
U6889,"['U8555', 'U903', 'U12445', 'U14148', 'U805']",5
U6890,"['U12190', 'U14053', 'U5835']",3
U6891,"['U12704', 'U63', 'U14366']",3
U6892,"['U12217', 'U3129', 'U13661', 'U12390', 'U1313', 'U1193']",6
U6893,"['U924', 'U14758']",2
U6894,"['U7937', 'U3400', 'U12676', 'U7313', 'U1558']",5
U6895,"['U3974', 'U3344', 'U13277', 'U6786', 'U253', 'U3200', 'U8805', 'U7554']",8
U6896,"['U8149', 'U1690']",2
U6897,"['U13924', 'U4737']",2
U6898,"['U13093', 'U7167', 'U3662', 'U3990', 'U14227', 'U9524']",6
U6899,"['U11322', 'U6162', 'U2269', 'U5517', 'U592']",5
U6900,"['U3909', 'U946', 'U6106', 'U4023', 'U11373']",5
U6901,"['U12078', 'U10743', 'U1303', 'U2570']",4
U6902,"['U5764', 'U7757', 'U9241', 'U3924', 'U6400', 'U12619', 'U10888', 'U6333', 'U6455']",9
U6903,"['U12718', 'U5257']",2
U6904,"['U1494', 'U2417', 'U1858', 'U12411']",4
U6905,['U13063'],1
U6906,['U622'],1
U6907,"['U3130', 'U13348', 'U10616', 'U3981']",4
U6908,"['U2505', 'U8200', 'U7727', 'U3409']",4
U6909,"['U8066', 'U13153', 'U709', 'U4445']",4
U6910,"['U9479', 'U10465', 'U9666', 'U1487', 'U4582', 'U5082']",6
U6911,"['U9938', 'U3673', 'U7149', 'U3062', 'U8765']",5
U6912,"['U1010', 'U8673', 'U10999', 'U12456', 'U12476', 'U8279']",6
U6913,"['U2742', 'U9560', 'U6161', 'U8371', 'U5702', 'U4996', 'U3850', 'U14915', 'U981', 'U8324']",10
U6914,"['U14994', 'U9504', 'U1436']",3
U6915,"['U13239', 'U13814', 'U10471', 'U5782', 'U6059', 'U7721']",6
U6916,"['U10302', 'U8935', 'U1629']",3
U6917,"['U11101', 'U12062', 'U12791', 'U26', 'U10428', 'U7214']",6
U6918,"['U12854', 'U1867', 'U8286', 'U12597', 'U13283', 'U9179', 'U2142', 'U1413', 'U9971']",9
U6919,"['U2061', 'U1384']",2
U6920,"['U3644', 'U2084', 'U14306']",3
U6921,"['U6490', 'U12128', 'U12764', 'U2868']",4
U6922,"['U7064', 'U12585', 'U14137', 'U4259', 'U4478', 'U5313']",6
U6923,"['U7849', 'U8018', 'U13387', 'U3716', 'U3836', 'U10113']",6
U6924,"['U3445', 'U7580', 'U5041', 'U585', 'U5526', 'U67', 'U5797']",7
U6925,"['U5125', 'U1946', 'U545', 'U6334', 'U10334', 'U9648', 'U298']",7
U6926,"['U4824', 'U3462', 'U14086', 'U7359']",4
U6927,"['U9646', 'U12465', 'U4761', 'U9318', 'U548', 'U9482', 'U7667', 'U5436', 'U2422', 'U9193', 'U5984']",11
U6928,"['U11548', 'U13202']",2
U6929,"['U14230', 'U11352', 'U6920']",3
U6930,"['U12042', 'U1145', 'U14049', 'U6554', 'U10712', 'U8050', 'U6575', 'U8401', 'U12414', 'U5176', 'U7989']",11
U6931,"['U2009', 'U5154', 'U14312']",3
U6932,"['U13421', 'U7478', 'U3993', 'U9353', 'U13398']",5
U6933,"['U9805', 'U2023', 'U12352', 'U9479', 'U11068', 'U3829', 'U7222', 'U3813']",8
U6934,"['U11103', 'U3872', 'U5986', 'U11179', 'U8793', 'U13654']",6
U6935,"['U9417', 'U14908', 'U14368', 'U5610', 'U10394', 'U3986', 'U6721', 'U2005', 'U5240']",9
U6936,"['U12076', 'U7615', 'U14770', 'U8287', 'U8500', 'U9837']",6
U6937,"['U190', 'U13970', 'U4697']",3
U6938,"['U10680', 'U13665', 'U4069', 'U14917']",4
U6939,"['U3100', 'U9285', 'U12936', 'U5144', 'U5054']",5
U6940,"['U8312', 'U8573', 'U13810', 'U10042', 'U12396', 'U8831', 'U8034', 'U155']",8
U6941,"['U14031', 'U3080', 'U11688']",3
U6942,"['U72', 'U3298', 'U3578', 'U11635', 'U3138']",5
U6943,"['U10647', 'U14635', 'U7487']",3
U6944,"['U935', 'U7414', 'U10514', 'U9024', 'U1467', 'U7538', 'U10005', 'U13052']",8
U6945,"['U14985', 'U11129', 'U14811']",3
U6946,"['U12718', 'U8505', 'U1058']",3
U6947,"['U1170', 'U4602', 'U4108', 'U5562']",4
U6948,"['U8185', 'U13116', 'U11052', 'U6195', 'U14205', 'U10391']",6
U6949,"['U5244', 'U2516', 'U318', 'U5861', 'U14198', 'U13307']",6
U6950,"['U10378', 'U14611']",2
U6951,[],0
U6952,['U473'],1
U6953,"['U14894', 'U13441', 'U8174', 'U5863']",4
U6954,"['U10211', 'U6638', 'U7425', 'U1711', 'U5168']",5
U6955,"['U5714', 'U12937', 'U11168', 'U7927', 'U4316', 'U2739', 'U2665']",7
U6956,"['U9618', 'U4040', 'U4076', 'U8445', 'U13996', 'U9442']",6
U6957,"['U8604', 'U2703']",2
U6958,"['U7816', 'U3198', 'U9144', 'U9309', 'U5605', 'U4237', 'U9182', 'U3269']",8
U6959,"['U1555', 'U13802', 'U8597', 'U8477', 'U6889', 'U7585', 'U4674']",7
U6960,"['U12428', 'U3582']",2
U6961,"['U11769', 'U6287', 'U4704']",3
U6962,"['U2550', 'U4130', 'U13808', 'U9819', 'U2271', 'U14104']",6
U6963,"['U7636', 'U6593', 'U6375', 'U3062', 'U153']",5
U6964,"['U9683', 'U4251', 'U1690', 'U14227', 'U2053', 'U14559', 'U3264', 'U8905', 'U13268', 'U5977', 'U7760']",11
U6965,"['U1087', 'U3611', 'U12001', 'U10714', 'U5709', 'U10323', 'U13549']",7
U6966,"['U8255', 'U14128', 'U10784', 'U5901']",4
U6967,"['U6721', 'U608', 'U1463', 'U1403', 'U4231']",5
U6968,"['U8067', 'U31', 'U11321', 'U14417', 'U6996', 'U2488']",6
U6969,"['U2312', 'U9232']",2
U6970,"['U3700', 'U6352', 'U5743', 'U7266', 'U1761', 'U14431', 'U9266', 'U7962', 'U14782']",9
U6971,['U3796'],1
U6972,"['U7349', 'U9645', 'U14195', 'U9526']",4
U6973,['U13385'],1
U6974,"['U1019', 'U4517', 'U14617', 'U12202']",4
U6975,"['U8558', 'U5169']",2
U6976,"['U4265', 'U5248', 'U1855', 'U10473']",4
U6977,"['U9345', 'U12732']",2
U6978,"['U8198', 'U1521', 'U2143']",3
U6979,"['U3605', 'U183', 'U3301']",3
U6980,"['U14482', 'U229', 'U12060', 'U3081', 'U11175']",5
U6981,"['U400', 'U5447', 'U14348', 'U8604', 'U4146', 'U1551']",6
U6982,"['U5001', 'U6216', 'U8196', 'U4239', 'U10105']",5
U6983,"['U9452', 'U6364', 'U784']",3
U6984,"['U4867', 'U12989', 'U1865', 'U7763', 'U2937']",5
U6985,"['U14813', 'U6727', 'U4928', 'U6862']",4
U6986,"['U109', 'U9', 'U11361', 'U14458']",4
U6987,"['U11715', 'U7744', 'U14955', 'U2156', 'U7166']",5
U6988,"['U8351', 'U747']",2
U6989,"['U14603', 'U14962', 'U2821', 'U3788']",4
U6990,"['U1293', 'U14189', 'U11066', 'U5509', 'U5899', 'U661']",6
U6991,"['U9269', 'U5952', 'U844', 'U13450', 'U14271', 'U4628', 'U225', 'U2100', 'U14825']",9
U6992,"['U4900', 'U11376', 'U4767', 'U11858', 'U9414', 'U2917']",6
U6993,"['U3339', 'U11867', 'U9245', 'U2635', 'U1034', 'U4966', 'U5914', 'U8505', 'U6891']",9
U6994,"['U1321', 'U14215', 'U5059', 'U14651']",4
U6995,"['U6419', 'U2980']",2
U6996,"['U6975', 'U5866', 'U7587', 'U14603', 'U9390']",5
U6997,"['U12688', 'U6155', 'U7382', 'U7242']",4
U6998,"['U14844', 'U12739', 'U5491', 'U13959', 'U6806']",5
U6999,"['U8372', 'U5862', 'U10091', 'U698', 'U1425', 'U13915', 'U11677']",7
U7000,"['U12039', 'U10975', 'U11032']",3
U7001,"['U7246', 'U11468', 'U3690', 'U161', 'U2980']",5
U7002,"['U8414', 'U13356', 'U12839']",3
U7003,"['U14786', 'U6577', 'U5154', 'U3290', 'U14627', 'U10364']",6
U7004,"['U800', 'U3983', 'U9716', 'U338']",4
U7005,"['U13430', 'U5852', 'U1690']",3
U7006,"['U6536', 'U13157', 'U374', 'U10435', 'U4378']",5
U7007,"['U14785', 'U7732', 'U14379', 'U14389', 'U4550']",5
U7008,"['U6632', 'U8454', 'U10303', 'U7618', 'U1604']",5
U7009,[],0
U7010,"['U5350', 'U14510', 'U2386', 'U13458']",4
U7011,"['U5583', 'U10770', 'U10620', 'U9834', 'U7592', 'U6704', 'U4107', 'U10807']",8
U7012,"['U4762', 'U14314', 'U9101', 'U7439', 'U5137', 'U7963']",6
U7013,"['U9878', 'U14964', 'U10516']",3
U7014,"['U3029', 'U4178', 'U11763', 'U2212', 'U8847', 'U1690', 'U10052', 'U5807']",8
U7015,"['U451', 'U14632', 'U10537', 'U8991', 'U9467']",5
U7016,"['U4763', 'U5696']",2
U7017,"['U7294', 'U8908', 'U2246', 'U10779', 'U14866', 'U7070', 'U4917']",7
U7018,"['U13809', 'U1215', 'U1772', 'U6607']",4
U7019,"['U6667', 'U5519', 'U6228', 'U1434']",4
U7020,"['U5468', 'U14220', 'U12125']",3
U7021,"['U9588', 'U14981', 'U1925', 'U12589', 'U4299', 'U9218']",6
U7022,[],0
U7023,"['U9022', 'U12000', 'U7712', 'U7045', 'U8896', 'U2650', 'U3890', 'U7468']",8
U7024,"['U11010', 'U1802', 'U1220']",3
U7025,"['U5533', 'U1519', 'U8659', 'U13439', 'U12315', 'U13507', 'U11707', 'U11999', 'U13541', 'U9154']",10
U7026,"['U8282', 'U12807']",2
U7027,"['U8811', 'U1518', 'U6610', 'U6681', 'U5329', 'U9503', 'U1115', 'U923', 'U13876']",9
U7028,"['U8895', 'U11197', 'U12549', 'U6086', 'U1561']",5
U7029,"['U7189', 'U6162', 'U3627', 'U929']",4
U7030,"['U3505', 'U7756', 'U13043', 'U815', 'U14659', 'U8299']",6
U7031,"['U13630', 'U4344', 'U13061', 'U10963']",4
U7032,"['U2558', 'U3571', 'U9844']",3
U7033,"['U2571', 'U249', 'U3791']",3
U7034,"['U7378', 'U8964', 'U4244']",3
U7035,"['U6900', 'U6443']",2
U7036,"['U9882', 'U180', 'U7527', 'U14676', 'U2463']",5
U7037,"['U3242', 'U13347', 'U14230', 'U2153', 'U610', 'U2582']",6
U7038,"['U10577', 'U4679', 'U5737', 'U5348', 'U12180']",5
U7039,"['U11676', 'U5438', 'U12338', 'U5622', 'U6308']",5
U7040,"['U6649', 'U1683', 'U10704', 'U14230', 'U5117', 'U13018', 'U4148', 'U11922']",8
U7041,"['U1048', 'U263', 'U1048', 'U2559', 'U12600', 'U9763']",6
U7042,"['U4669', 'U14716', 'U1438']",3
U7043,"['U4200', 'U12344', 'U11421', 'U6302', 'U1717', 'U13629', 'U6277', 'U3861', 'U7937', 'U7677', 'U8715']",11
U7044,"['U10969', 'U9552', 'U10188', 'U12954', 'U7632']",5
U7045,"['U9060', 'U4987', 'U14165', 'U8247', 'U10930']",5
U7046,"['U4037', 'U2696', 'U4220', 'U10611', 'U2753']",5
U7047,"['U2281', 'U13836']",2
U7048,"['U4609', 'U11583', 'U2483', 'U11301']",4
U7049,"['U11340', 'U6619', 'U11306', 'U9565', 'U8506', 'U11660', 'U8430']",7
U7050,"['U2072', 'U14930', 'U2949', 'U14928']",4
U7051,"['U6372', 'U652', 'U3713']",3
U7052,"['U10783', 'U12600', 'U6431', 'U6876']",4
U7053,"['U2704', 'U10118', 'U3687', 'U14653', 'U10774', 'U9621', 'U2071', 'U4032', 'U7996', 'U2553']",10
U7054,"['U7844', 'U6632', 'U5022', 'U2022', 'U13458']",5
U7055,"['U1998', 'U3866', 'U1639', 'U7679', 'U4804', 'U1235']",6
U7056,"['U11480', 'U6895', 'U7891', 'U9605', 'U13595']",5
U7057,"['U13630', 'U7691', 'U3488']",3
U7058,"['U6584', 'U11733', 'U6130', 'U14257']",4
U7059,"['U6001', 'U13889']",2
U7060,"['U4701', 'U14923', 'U8596', 'U13205']",4
U7061,['U8480'],1
U7062,"['U1235', 'U11844', 'U5084', 'U5925', 'U12173']",5
U7063,"['U8471', 'U12944', 'U10658', 'U6410', 'U1756']",5
U7064,"['U11330', 'U8644', 'U3667']",3
U7065,"['U13405', 'U13456', 'U4631', 'U2446']",4
U7066,"['U291', 'U2763', 'U6247', 'U11133', 'U2755']",5
U7067,"['U7208', 'U9090', 'U8019', 'U8243']",4
U7068,"['U3671', 'U4393', 'U6256', 'U11288']",4
U7069,"['U10700', 'U12765', 'U7975', 'U6765', 'U8092', 'U9138']",6
U7070,"['U11244', 'U8730']",2
U7071,"['U7581', 'U681', 'U11691', 'U13841', 'U13005', 'U2323']",6
U7072,"['U1551', 'U9155', 'U47', 'U11075', 'U10866']",5
U7073,"['U14342', 'U8294', 'U1585', 'U12339', 'U7958']",5
U7074,"['U6183', 'U13598']",2
U7075,"['U3267', 'U9193', 'U6628']",3
U7076,"['U4511', 'U1362']",2
U7077,"['U9418', 'U13486', 'U7044', 'U669', 'U5173']",5
U7078,"['U3640', 'U12976', 'U4193', 'U3429', 'U9348']",5
U7079,"['U8748', 'U10461', 'U3298', 'U11831', 'U7976']",5
U7080,"['U10477', 'U10373', 'U2117', 'U6430', 'U12570', 'U10519', 'U13714']",7
U7081,"['U12140', 'U10492', 'U2540', 'U4358']",4
U7082,"['U1331', 'U14967', 'U7026', 'U11930']",4
U7083,"['U4423', 'U14531', 'U14206']",3
U7084,"['U8359', 'U5548', 'U5476', 'U2951']",4
U7085,"['U14262', 'U9085', 'U8863']",3
U7086,"['U10998', 'U2698', 'U3570']",3
U7087,['U4801'],1
U7088,"['U2950', 'U885', 'U1253', 'U1052']",4
U7089,"['U10126', 'U14770', 'U2528', 'U1886', 'U3233', 'U9376']",6
U7090,"['U13914', 'U10562']",2
U7091,"['U8465', 'U2547', 'U7084', 'U4378']",4
U7092,"['U7455', 'U4203', 'U2561', 'U7879', 'U13313']",5
U7093,"['U11447', 'U4027', 'U10570', 'U11756']",4
U7094,"['U4013', 'U1497']",2
U7095,"['U12831', 'U10607', 'U11134', 'U11676']",4
U7096,"['U2207', 'U11373', 'U1943', 'U4969', 'U2521']",5
U7097,"['U14225', 'U3073', 'U1271', 'U5857', 'U12160']",5
U7098,"['U9643', 'U14084', 'U11296']",3
U7099,"['U1086', 'U9826', 'U7906', 'U6641']",4
U7100,"['U6966', 'U14899', 'U2779', 'U14631', 'U10768', 'U6102']",6
U7101,"['U10778', 'U5688', 'U9046', 'U12032', 'U7089', 'U10333', 'U4808', 'U3720']",8
U7102,"['U3001', 'U13749']",2
U7103,"['U11648', 'U591', 'U9764', 'U13670', 'U14038', 'U10064', 'U6931']",7
U7104,"['U868', 'U12364', 'U8195', 'U3697', 'U8504', 'U5752', 'U6147', 'U7663']",8
U7105,"['U14139', 'U10718', 'U8931', 'U1870']",4
U7106,['U13337'],1
U7107,"['U4461', 'U7949']",2
U7108,"['U722', 'U13462', 'U1058', 'U4246', 'U4482', 'U5370']",6
U7109,"['U13783', 'U10271', 'U10568', 'U8902', 'U7677', 'U10915']",6
U7110,"['U7421', 'U335', 'U7198', 'U5584', 'U12591']",5
U7111,"['U11499', 'U6282', 'U10601', 'U7156']",4
U7112,"['U5583', 'U589', 'U9545', 'U6347', 'U1257']",5
U7113,"['U8112', 'U1905', 'U11644']",3
U7114,"['U915', 'U974', 'U10874']",3
U7115,"['U14896', 'U3363', 'U7891', 'U3371', 'U10720', 'U1609', 'U11913', 'U8129']",8
U7116,"['U3236', 'U12685']",2
U7117,[],0
U7118,"['U2717', 'U12768']",2
U7119,"['U2427', 'U2330', 'U12669', 'U13069']",4
U7120,"['U2037', 'U14812', 'U1304', 'U3849', 'U11973']",5
U7121,"['U4942', 'U1336', 'U9990', 'U13885']",4
U7122,"['U169', 'U9764', 'U14082']",3
U7123,"['U10042', 'U2799', 'U10827', 'U13868', 'U1997']",5
U7124,"['U4333', 'U4129', 'U9183', 'U8033', 'U1135', 'U1304']",6
U7125,"['U9786', 'U11129', 'U8217']",3
U7126,"['U3905', 'U9539']",2
U7127,"['U11963', 'U7725', 'U4797', 'U723', 'U7303', 'U7897']",6
U7128,"['U884', 'U1060', 'U3142', 'U6620', 'U5881', 'U3393', 'U13353']",7
U7129,"['U6784', 'U7465', 'U11812', 'U5447', 'U14749', 'U2306', 'U7793', 'U5032', 'U5969', 'U4980']",10
U7130,"['U8070', 'U12906', 'U1221']",3
U7131,"['U1995', 'U12416', 'U6109', 'U12030']",4
U7132,"['U13616', 'U4708', 'U9769', 'U9724', 'U14843', 'U5434', 'U6544', 'U1677']",8
U7133,"['U4021', 'U14509']",2
U7134,"['U8374', 'U8892']",2
U7135,['U9034'],1
U7136,"['U8258', 'U13194', 'U2113', 'U4400', 'U218']",5
U7137,"['U7270', 'U8310', 'U11897']",3
U7138,"['U13539', 'U2505', 'U14247', 'U8755']",4
U7139,"['U11745', 'U9269', 'U8849', 'U14694']",4
U7140,"['U10540', 'U111']",2
U7141,"['U4343', 'U12683', 'U8329']",3
U7142,"['U909', 'U879', 'U11360', 'U12309']",4
U7143,"['U10761', 'U1220', 'U9569', 'U1961', 'U6869', 'U9627']",6
U7144,"['U11265', 'U13241', 'U165']",3
U7145,"['U13055', 'U2578', 'U6292', 'U12521']",4
U7146,"['U7880', 'U14469', 'U12116', 'U6697', 'U11269', 'U2959', 'U4855']",7
U7147,"['U5777', 'U2304']",2
U7148,"['U4710', 'U11027', 'U13181', 'U4123', 'U4136', 'U6637']",6
U7149,"['U5257', 'U5425', 'U6530', 'U12561']",4
U7150,"['U10992', 'U2266', 'U1781', 'U9661', 'U3659', 'U829', 'U14041']",7
U7151,"['U4460', 'U8306', 'U5944']",3
U7152,"['U7568', 'U9579', 'U4673']",3
U7153,"['U6428', 'U6776', 'U3704', 'U11243', 'U13324', 'U7577', 'U2008', 'U2709', 'U8195', 'U7794']",10
U7154,"['U9870', 'U3340', 'U11582', 'U8339', 'U11125', 'U3979']",6
U7155,"['U83', 'U9831', 'U6755', 'U10405', 'U4978', 'U9350']",6
U7156,"['U701', 'U8058', 'U4071']",3
U7157,"['U2020', 'U9301', 'U3390']",3
U7158,"['U1300', 'U8578', 'U11478', 'U2736', 'U6937', 'U14550']",6
U7159,"['U3996', 'U13111', 'U8855', 'U626', 'U12210', 'U3128', 'U831', 'U8388']",8
U7160,"['U1536', 'U12296', 'U10461', 'U12285', 'U2850']",5
U7161,"['U8192', 'U3953']",2
U7162,"['U4862', 'U3950', 'U3416', 'U9091']",4
U7163,"['U14685', 'U12865', 'U8206']",3
U7164,"['U9885', 'U1421', 'U1348', 'U3682', 'U9930', 'U1018']",6
U7165,"['U2592', 'U11145', 'U13760', 'U5900', 'U3020', 'U10042', 'U4137', 'U12672']",8
U7166,"['U5999', 'U4248', 'U3936', 'U8806', 'U12119', 'U12212', 'U7158', 'U5115']",8
U7167,"['U9683', 'U11106', 'U2017', 'U6834']",4
U7168,"['U9504', 'U14352', 'U5465', 'U14822', 'U6825']",5
U7169,"['U14139', 'U2301', 'U13433']",3
U7170,"['U1685', 'U6268']",2
U7171,"['U1758', 'U11381', 'U12223', 'U10064', 'U558', 'U218', 'U10435']",7
U7172,['U5620'],1
U7173,[],0
U7174,"['U12432', 'U2337', 'U516', 'U3259', 'U12314', 'U10589', 'U3607']",7
U7175,"['U11801', 'U9190', 'U5959', 'U3772']",4
U7176,"['U884', 'U7743', 'U5798', 'U12180']",4
U7177,"['U6209', 'U633', 'U8093', 'U5506']",4
U7178,"['U10792', 'U1256', 'U4946', 'U363', 'U12374']",5
U7179,"['U10669', 'U13175', 'U8240', 'U10033', 'U8463', 'U7359', 'U4781', 'U6119', 'U10563']",9
U7180,"['U1887', 'U13349', 'U4870']",3
U7181,"['U78', 'U10973', 'U3090', 'U10842', 'U6049', 'U8786']",6
U7182,"['U12946', 'U2942', 'U11286', 'U9377']",4
U7183,"['U11254', 'U11085']",2
U7184,"['U5480', 'U5891', 'U9470', 'U2021', 'U14997']",5
U7185,"['U5005', 'U7341', 'U5288', 'U11011']",4
U7186,"['U12765', 'U14448', 'U10255', 'U8678', 'U1827']",5
U7187,"['U4300', 'U1296', 'U12718', 'U9465', 'U6422', 'U2842']",6
U7188,"['U12041', 'U2162', 'U3727', 'U7297', 'U14110', 'U3128']",6
U7189,"['U7394', 'U12548', 'U1131', 'U3604', 'U4291', 'U1381', 'U1544']",7
U7190,"['U5599', 'U2742', 'U3095', 'U7932']",4
U7191,"['U12947', 'U11134', 'U13466', 'U13009', 'U7955']",5
U7192,"['U6386', 'U10818', 'U1255']",3
U7193,"['U7137', 'U4153', 'U6069', 'U8506', 'U10735']",5
U7194,"['U6876', 'U2858']",2
U7195,"['U11036', 'U6633', 'U4806', 'U1239', 'U6252']",5
U7196,"['U1163', 'U3457', 'U6510']",3
U7197,['U6793'],1
U7198,"['U10717', 'U11529', 'U7041', 'U14411', 'U8977', 'U3641']",6
U7199,"['U9322', 'U7148', 'U309', 'U3932']",4
U7200,"['U337', 'U3636', 'U8053']",3
U7201,"['U2435', 'U5195', 'U1101', 'U7235', 'U1538', 'U9663']",6
U7202,"['U4903', 'U4353', 'U9396', 'U12654', 'U14391', 'U7085', 'U11289', 'U7298', 'U10978']",9
U7203,"['U8325', 'U14338', 'U2500', 'U923']",4
U7204,"['U1674', 'U4792']",2
U7205,"['U3014', 'U12560', 'U7008', 'U380', 'U1662', 'U14980']",6
U7206,"['U2927', 'U10466', 'U3874', 'U8619', 'U12914', 'U2102']",6
U7207,"['U14762', 'U7646', 'U14982', 'U11085', 'U10166', 'U12501']",6
U7208,"['U8945', 'U8247', 'U1227', 'U5734']",4
U7209,"['U11680', 'U13191', 'U11447', 'U12739']",4
U7210,"['U12944', 'U93', 'U3983', 'U8874', 'U4631', 'U5301', 'U2592', 'U3494', 'U10036', 'U4840', 'U5087']",11
U7211,"['U7660', 'U2851', 'U12132', 'U10747', 'U5961']",5
U7212,"['U10591', 'U3867', 'U2934']",3
U7213,"['U5572', 'U11151', 'U6471', 'U13550']",4
U7214,"['U11202', 'U14225', 'U155', 'U368', 'U7223', 'U13733']",6
U7215,"['U3755', 'U2776', 'U8628', 'U8205']",4
U7216,"['U7353', 'U14494', 'U12531', 'U7460', 'U10053']",5
U7217,"['U3112', 'U5271', 'U1621']",3
U7218,"['U7755', 'U568', 'U12283', 'U6968']",4
U7219,"['U5959', 'U8802', 'U612', 'U10305']",4
U7220,"['U12728', 'U1873', 'U13533', 'U4603', 'U5531', 'U7965']",6
U7221,"['U5069', 'U2609', 'U11706', 'U8915', 'U12299', 'U10337', 'U10118']",7
U7222,"['U1313', 'U12342', 'U3382', 'U9476']",4
U7223,"['U12555', 'U12515', 'U2157', 'U9305', 'U6201', 'U7457', 'U13320']",7
U7224,"['U7315', 'U1656', 'U2176', 'U6372', 'U14089']",5
U7225,"['U948', 'U4434', 'U2887', 'U1350', 'U13722']",5
U7226,"['U11695', 'U12397', 'U13355', 'U3054']",4
U7227,"['U7636', 'U10954', 'U12309', 'U14499']",4
U7228,['U2200'],1
U7229,"['U10174', 'U4616', 'U13120', 'U7148', 'U9795']",5
U7230,"['U2350', 'U13702', 'U903', 'U6728', 'U8386', 'U7589']",6
U7231,"['U9061', 'U11293', 'U8376', 'U2622', 'U5399', 'U11944', 'U7116', 'U4180']",8
U7232,['U10230'],1
U7233,['U3904'],1
U7234,"['U4924', 'U14661', 'U1557']",3
U7235,"['U8975', 'U10244', 'U4165', 'U9717']",4
U7236,"['U4268', 'U9228', 'U13551', 'U2626', 'U6136', 'U11368']",6
U7237,"['U14733', 'U7999']",2
U7238,"['U4324', 'U1389', 'U13616', 'U4795', 'U5275']",5
U7239,"['U2551', 'U13160', 'U8973', 'U2794', 'U14738', 'U3809', 'U42']",7
U7240,"['U11592', 'U13925', 'U2867', 'U567', 'U3652']",5
U7241,"['U5217', 'U14933']",2
U7242,"['U14593', 'U4380']",2
U7243,"['U10366', 'U9389', 'U12350', 'U11419', 'U11430', 'U1132', 'U5593']",7
U7244,"['U13908', 'U11462', 'U12104', 'U466', 'U12383', 'U14711']",6
U7245,"['U8697', 'U5255', 'U2298', 'U8233', 'U6229']",5
U7246,"['U13688', 'U12821', 'U4452', 'U11962']",4
U7247,"['U4984', 'U10747', 'U1153', 'U8463', 'U2965', 'U11974']",6
U7248,"['U13904', 'U14227', 'U3120', 'U3974', 'U8381', 'U760', 'U9173', 'U50']",8
U7249,"['U4340', 'U11812', 'U4882', 'U3468', 'U94', 'U1643']",6
U7250,"['U7306', 'U11529', 'U6096', 'U3944', 'U4271']",5
U7251,"['U7716', 'U12864']",2
U7252,"['U14697', 'U9193', 'U8680']",3
U7253,"['U4034', 'U3681', 'U8557', 'U12152', 'U10737', 'U13460', 'U10889', 'U7539']",8
U7254,"['U6083', 'U8494', 'U7870']",3
U7255,"['U3898', 'U7304']",2
U7256,[],0
U7257,"['U3998', 'U10309', 'U6561', 'U13042']",4
U7258,"['U2422', 'U6546', 'U14469', 'U8368', 'U11791', 'U7634']",6
U7259,"['U7099', 'U12625', 'U12682']",3
U7260,"['U2000', 'U11083', 'U9838']",3
U7261,"['U1458', 'U11716', 'U11734', 'U75', 'U1515', 'U2176', 'U13738', 'U8105']",8
U7262,"['U9095', 'U8503']",2
U7263,"['U1491', 'U1957', 'U3591', 'U5621', 'U12911']",5
U7264,['U2221'],1
U7265,"['U2840', 'U4422', 'U9210']",3
U7266,"['U643', 'U4905']",2
U7267,"['U10926', 'U12732', 'U8782']",3
U7268,"['U5236', 'U14723', 'U8792', 'U7623']",4
U7269,['U11771'],1
U7270,"['U13912', 'U12384']",2
U7271,"['U12547', 'U9410', 'U1612', 'U14458', 'U6363', 'U6957']",6
U7272,"['U7318', 'U6849', 'U8308', 'U5248', 'U2379', 'U1423']",6
U7273,"['U10848', 'U2470', 'U14822', 'U7178', 'U6758', 'U9465']",6
U7274,"['U238', 'U2645', 'U3117', 'U7860', 'U7757', 'U5109']",6
U7275,"['U557', 'U12029', 'U3163', 'U8995', 'U4098']",5
U7276,"['U2601', 'U10340', 'U3916', 'U8358']",4
U7277,"['U12759', 'U4889', 'U9632', 'U6072', 'U3806']",5
U7278,"['U4227', 'U7571', 'U11972', 'U12781']",4
U7279,"['U9529', 'U356', 'U6771', 'U4278', 'U3524', 'U2635', 'U9756']",7
U7280,"['U11243', 'U10423', 'U9498', 'U6461', 'U1661', 'U1905', 'U5440', 'U7860', 'U13025']",9
U7281,"['U14830', 'U9310', 'U3023', 'U5735']",4
U7282,"['U3138', 'U4744', 'U773']",3
U7283,"['U2006', 'U1390', 'U842', 'U4923', 'U4772']",5
U7284,"['U6633', 'U13313', 'U8080', 'U7454']",4
U7285,"['U3283', 'U241', 'U1872']",3
U7286,"['U6926', 'U13351', 'U8802', 'U69', 'U9088', 'U2474', 'U2025', 'U740']",8
U7287,"['U4920', 'U13164']",2
U7288,"['U13310', 'U7307', 'U2067', 'U1504', 'U9128']",5
U7289,"['U674', 'U8036', 'U5458', 'U7268', 'U2176', 'U13203']",6
U7290,"['U666', 'U12619']",2
U7291,"['U12072', 'U165', 'U2863', 'U13797', 'U12790']",5
U7292,"['U6343', 'U10403', 'U1045', 'U12570', 'U12604', 'U13688', 'U13002']",7
U7293,"['U3476', 'U2336', 'U958', 'U11117']",4
U7294,"['U12571', 'U5284', 'U2018', 'U340', 'U11983', 'U13670']",6
U7295,"['U3701', 'U9308']",2
U7296,"['U6744', 'U9533', 'U137', 'U3540', 'U7094']",5
U7297,"['U6246', 'U8629', 'U1500', 'U7238', 'U6807', 'U5724', 'U13177']",7
U7298,"['U3497', 'U8627', 'U9537']",3
U7299,"['U1984', 'U2900', 'U3042', 'U428', 'U13172', 'U1142', 'U12859', 'U14501', 'U4080']",9
U7300,"['U5718', 'U10601', 'U10377', 'U2141']",4
U7301,"['U9947', 'U11742', 'U12905']",3
U7302,"['U9078', 'U7113', 'U734', 'U10328']",4
U7303,"['U9479', 'U12228', 'U2880', 'U8817', 'U654', 'U1596', 'U12065']",7
U7304,"['U13109', 'U14419', 'U4142', 'U12991', 'U7388']",5
U7305,"['U2694', 'U5402', 'U684', 'U14938', 'U4575', 'U8492', 'U14063', 'U5016']",8
U7306,"['U13711', 'U13425', 'U14005']",3
U7307,"['U6031', 'U8799', 'U9879']",3
U7308,"['U8830', 'U5889', 'U3209', 'U259', 'U13805']",5
U7309,"['U14284', 'U5500', 'U12700', 'U13536', 'U7781', 'U12655', 'U450', 'U13978', 'U11648', 'U14997']",10
U7310,"['U3818', 'U1339', 'U4259', 'U5395', 'U6149']",5
U7311,"['U3742', 'U7337', 'U14782', 'U7841', 'U7460', 'U1440', 'U2925', 'U11429']",8
U7312,"['U10270', 'U5799', 'U14521', 'U7432']",4
U7313,"['U7675', 'U2716', 'U7452', 'U11396']",4
U7314,"['U13241', 'U7259', 'U11498', 'U11652', 'U7966', 'U6104']",6
U7315,"['U10284', 'U7605']",2
U7316,"['U1127', 'U4696', 'U11623', 'U5649']",4
U7317,"['U11171', 'U13954', 'U4824', 'U6337', 'U1928', 'U8766', 'U11667']",7
U7318,"['U719', 'U7633', 'U12933', 'U5960']",4
U7319,"['U3544', 'U13408']",2
U7320,"['U3842', 'U7501']",2
U7321,"['U2512', 'U10465', 'U10984', 'U7615']",4
U7322,"['U14750', 'U14856', 'U8222', 'U6659']",4
U7323,['U161'],1
U7324,"['U8226', 'U6321', 'U8819', 'U5600', 'U14699', 'U8975']",6
U7325,"['U3018', 'U5230']",2
U7326,"['U10050', 'U9632', 'U3816', 'U6421', 'U7790', 'U4361']",6
U7327,"['U9256', 'U213', 'U13851', 'U10744', 'U3838', 'U7903']",6
U7328,"['U9232', 'U10694', 'U295', 'U12938']",4
U7329,"['U120', 'U10796', 'U3508', 'U2462', 'U2016']",5
U7330,['U12201'],1
U7331,"['U4375', 'U621', 'U5757', 'U2043']",4
U7332,"['U14108', 'U12489', 'U13082']",3
U7333,"['U7872', 'U8772', 'U9017', 'U13141', 'U9340', 'U14420']",6
U7334,"['U55', 'U14994', 'U1485', 'U8784', 'U6855']",5
U7335,"['U3095', 'U12535', 'U13737', 'U5143']",4
U7336,"['U7862', 'U1653', 'U11495', 'U8599', 'U6462']",5
U7337,"['U4492', 'U8133', 'U2046', 'U10328', 'U4464', 'U4135', 'U13212', 'U7228']",8
U7338,"['U4696', 'U4864', 'U13732', 'U14318', 'U147', 'U303']",6
U7339,"['U13835', 'U4772', 'U12720', 'U9051', 'U5071', 'U11453']",6
U7340,"['U5017', 'U13897', 'U10751', 'U12888', 'U5189']",5
U7341,"['U14479', 'U5324', 'U5195', 'U11367', 'U654', 'U4258', 'U13487', 'U8714']",8
U7342,"['U5260', 'U6632', 'U4127', 'U10514']",4
U7343,"['U9820', 'U6143', 'U943', 'U2020', 'U7726', 'U12204', 'U824']",7
U7344,"['U2768', 'U7639', 'U2909', 'U14613', 'U538']",5
U7345,"['U4775', 'U1886', 'U14510', 'U3385']",4
U7346,['U359'],1
U7347,"['U10870', 'U11040', 'U10362', 'U598', 'U3018']",5
U7348,"['U4720', 'U14203']",2
U7349,"['U6566', 'U13869', 'U11411', 'U11570']",4
U7350,"['U7923', 'U6224', 'U6864', 'U10325', 'U3047', 'U6377']",6
U7351,"['U4038', 'U4835', 'U8179', 'U2367', 'U2102', 'U2734', 'U13316']",7
U7352,"['U11304', 'U11894', 'U10171', 'U1790', 'U10838', 'U14870', 'U14888']",7
U7353,"['U13677', 'U13528']",2
U7354,"['U13563', 'U5666', 'U9522', 'U4458', 'U13146']",5
U7355,"['U248', 'U5538', 'U4293']",3
U7356,"['U10811', 'U6596', 'U6104', 'U1765', 'U9200', 'U4911']",6
U7357,"['U4105', 'U1480', 'U10779']",3
U7358,"['U10462', 'U3522', 'U6246', 'U10251', 'U9397', 'U14718', 'U6871', 'U12662', 'U1285']",9
U7359,"['U3228', 'U10133', 'U2545', 'U13445', 'U12446', 'U10437', 'U3089', 'U11309']",8
U7360,"['U14265', 'U11827', 'U11180', 'U12352', 'U962', 'U13864', 'U3776']",7
U7361,"['U1197', 'U7257', 'U6470', 'U3257', 'U12838']",5
U7362,"['U11996', 'U8741']",2
U7363,"['U9225', 'U13543', 'U2530', 'U5686', 'U11917']",5
U7364,"['U13457', 'U6343', 'U7275', 'U3756']",4
U7365,"['U10492', 'U2599', 'U6140', 'U8796', 'U12598', 'U7958', 'U10744', 'U11624']",8
U7366,"['U6508', 'U8450']",2
U7367,"['U2570', 'U13289', 'U9370']",3
U7368,"['U8656', 'U1138', 'U12378', 'U744']",4
U7369,"['U7799', 'U277', 'U5626', 'U9000']",4
U7370,"['U11859', 'U672', 'U12631', 'U8882']",4
U7371,"['U13191', 'U10361', 'U11930', 'U8530', 'U7076']",5
U7372,"['U7762', 'U13795', 'U11748', 'U4634', 'U5484', 'U11060', 'U6878']",7
U7373,"['U4468', 'U14754', 'U3720', 'U6229', 'U8711', 'U6237', 'U9411']",7
U7374,"['U14546', 'U9677', 'U2737']",3
U7375,"['U7730', 'U7603', 'U9817']",3
U7376,['U13151'],1
U7377,"['U4893', 'U7560', 'U8600', 'U86', 'U2538', 'U4919', 'U561', 'U9222']",8
U7378,"['U5901', 'U6671', 'U13581', 'U9794', 'U8188', 'U5871', 'U9861']",7
U7379,"['U486', 'U4194', 'U13783', 'U5422', 'U6425', 'U2441', 'U10970', 'U9777', 'U9330']",9
U7380,"['U4210', 'U3579', 'U1741', 'U6119', 'U8494', 'U13919']",6
U7381,"['U9939', 'U10532']",2
U7382,"['U11124', 'U456']",2
U7383,['U3482'],1
U7384,"['U6435', 'U6650', 'U11632', 'U8886', 'U9142']",5
U7385,"['U10907', 'U10041', 'U3663', 'U3100', 'U7787', 'U10677', 'U1196', 'U3798']",8
U7386,"['U10610', 'U7173', 'U14461', 'U2582', 'U2666']",5
U7387,"['U12368', 'U3305', 'U2748']",3
U7388,"['U10170', 'U13724', 'U496', 'U3662', 'U8054']",5
U7389,"['U7172', 'U336', 'U13291', 'U5537', 'U5897']",5
U7390,"['U1306', 'U1388', 'U12128', 'U13882']",4
U7391,"['U13232', 'U11049', 'U11004', 'U13033']",4
U7392,"['U966', 'U10175', 'U10914', 'U10128', 'U5165', 'U11590']",6
U7393,['U6117'],1
U7394,"['U3071', 'U9239', 'U3234', 'U302', 'U3630']",5
U7395,"['U11241', 'U3199', 'U14317', 'U13842', 'U9651']",5
U7396,"['U7963', 'U5228']",2
U7397,"['U2618', 'U2819', 'U10900']",3
U7398,"['U12986', 'U5627', 'U1825', 'U14308', 'U778', 'U9167']",6
U7399,"['U1567', 'U2663', 'U7348']",3
U7400,"['U10106', 'U11196']",2
U7401,"['U8985', 'U10813', 'U8763', 'U13991']",4
U7402,['U11149'],1
U7403,"['U8088', 'U9759', 'U8211', 'U12496', 'U2517', 'U8086', 'U4885', 'U10071', 'U3795']",9
U7404,"['U7311', 'U13330', 'U3116', 'U13567', 'U6570', 'U5280']",6
U7405,"['U6997', 'U14641', 'U6727']",3
U7406,"['U11197', 'U803']",2
U7407,"['U8969', 'U7688', 'U8361', 'U10637', 'U7336', 'U7848', 'U917', 'U11598', 'U10710']",9
U7408,"['U12714', 'U6453', 'U8793']",3
U7409,"['U2448', 'U4403']",2
U7410,"['U5106', 'U7783', 'U3934']",3
U7411,"['U4158', 'U14853', 'U2444', 'U12668', 'U8934', 'U2414']",6
U7412,"['U1179', 'U2345', 'U6880', 'U4034']",4
U7413,"['U7874', 'U2058', 'U5443', 'U13731', 'U13332', 'U384', 'U7068']",7
U7414,"['U6459', 'U5469', 'U5003', 'U4404', 'U14156', 'U12015', 'U9414']",7
U7415,"['U6905', 'U4421']",2
U7416,"['U212', 'U7557', 'U12505', 'U7382', 'U391', 'U6150']",6
U7417,"['U11218', 'U9836', 'U12182']",3
U7418,"['U716', 'U6351', 'U7229']",3
U7419,"['U3629', 'U5335']",2
U7420,"['U1841', 'U2139']",2
U7421,"['U9310', 'U2604', 'U11979', 'U13939', 'U179']",5
U7422,"['U13578', 'U13451', 'U3139', 'U8175', 'U438']",5
U7423,"['U11724', 'U3681', 'U2959', 'U14896', 'U5454']",5
U7424,[],0
U7425,"['U10166', 'U3099']",2
U7426,"['U7047', 'U5778', 'U14941', 'U3255', 'U9167', 'U13259']",6
U7427,"['U3297', 'U1561', 'U7268', 'U12909', 'U7526']",5
U7428,"['U5769', 'U13689', 'U6090', 'U4712']",4
U7429,"['U210', 'U10995', 'U4682', 'U1377', 'U11867', 'U7447']",6
U7430,"['U2529', 'U6844', 'U9768', 'U6628']",4
U7431,"['U1488', 'U6098', 'U10834', 'U11058']",4
U7432,['U2543'],1
U7433,"['U14720', 'U5114']",2
U7434,"['U10935', 'U7351']",2
U7435,"['U8500', 'U14524', 'U7893']",3
U7436,"['U9241', 'U480', 'U4439', 'U7419']",4
U7437,"['U8039', 'U7334', 'U14111', 'U3147']",4
U7438,"['U2892', 'U10516', 'U11586', 'U47', 'U823', 'U9421']",6
U7439,"['U89', 'U9428', 'U8443', 'U12090', 'U3987', 'U1037']",6
U7440,"['U11292', 'U1541', 'U1639', 'U2661', 'U8503', 'U7444', 'U6455', 'U3218']",8
U7441,"['U10894', 'U8423', 'U5452', 'U13218', 'U1629', 'U6937']",6
U7442,"['U13471', 'U3622', 'U10777']",3
U7443,"['U5150', 'U13086', 'U7684']",3
U7444,"['U11301', 'U1657', 'U10894', 'U7583']",4
U7445,"['U13939', 'U3957']",2
U7446,"['U11840', 'U8596', 'U7277', 'U3021']",4
U7447,"['U4075', 'U12051', 'U1064', 'U6581', 'U5479']",5
U7448,"['U7176', 'U4044', 'U1796', 'U10460', 'U947', 'U1017', 'U1320']",7
U7449,"['U8186', 'U8690', 'U3046', 'U6721', 'U13497', 'U7808', 'U8777', 'U6636', 'U13477']",9
U7450,"['U6192', 'U12464', 'U3750', 'U4304', 'U5473']",5
U7451,"['U14422', 'U4933', 'U3548']",3
U7452,"['U7822', 'U8403', 'U4857']",3
U7453,"['U9588', 'U9347', 'U7371', 'U7137', 'U1380', 'U12117', 'U6368', 'U1969', 'U5364']",9
U7454,"['U6211', 'U2729', 'U10917', 'U7164', 'U4888']",5
U7455,"['U4630', 'U4226', 'U6148', 'U1947']",4
U7456,"['U10134', 'U3438', 'U4457', 'U7610']",4
U7457,"['U12116', 'U1971', 'U3258', 'U1160']",4
U7458,"['U3401', 'U107', 'U9778', 'U7590', 'U7426', 'U13610', 'U14330']",7
U7459,"['U6871', 'U3510', 'U2379', 'U4557', 'U9349']",5
U7460,"['U4829', 'U9635', 'U841', 'U10532', 'U2242', 'U10799', 'U4632', 'U5969', 'U12181', 'U8154']",10
U7461,"['U4055', 'U1313', 'U7870', 'U2453', 'U9140', 'U11981', 'U4258', 'U7048']",8
U7462,"['U4101', 'U11459', 'U9496', 'U2512', 'U13740']",5
U7463,"['U8039', 'U4455', 'U4730', 'U7800']",4
U7464,"['U13170', 'U2856', 'U7514', 'U921']",4
U7465,"['U1689', 'U14915', 'U3284', 'U7325', 'U9712', 'U14896']",6
U7466,"['U2116', 'U14553', 'U11160', 'U7656', 'U12395', 'U6670']",6
U7467,"['U8417', 'U13544', 'U3846']",3
U7468,"['U4230', 'U7118', 'U13966', 'U4256', 'U3778', 'U14073', 'U14046']",7
U7469,"['U13888', 'U7332', 'U14037', 'U999', 'U12195']",5
U7470,"['U14762', 'U10432', 'U10948', 'U3294', 'U1063']",5
U7471,"['U13708', 'U13957', 'U684', 'U4660', 'U8625', 'U5920', 'U661']",7
U7472,"['U2728', 'U12725', 'U12312']",3
U7473,"['U9754', 'U4344', 'U11242']",3
U7474,"['U11703', 'U9119', 'U12669', 'U4711', 'U5086']",5
U7475,"['U3861', 'U1188', 'U8341']",3
U7476,"['U3166', 'U13720', 'U1427', 'U10235', 'U9367', 'U14138']",6
U7477,"['U11675', 'U10139', 'U1815', 'U7193', 'U8463', 'U1165']",6
U7478,"['U1865', 'U939', 'U8740', 'U156', 'U918', 'U994']",6
U7479,"['U9644', 'U991', 'U1097', 'U4086']",4
U7480,"['U3633', 'U6630', 'U3043', 'U10523', 'U14546', 'U12946', 'U6046', 'U2558', 'U10828', 'U3137']",10
U7481,"['U8357', 'U2169', 'U5880', 'U5286', 'U1141', 'U4484']",6
U7482,"['U3784', 'U5734']",2
U7483,"['U7217', 'U1775', 'U3021', 'U8571']",4
U7484,"['U9361', 'U4818']",2
U7485,"['U14983', 'U12091', 'U8343', 'U4083', 'U9905', 'U2450']",6
U7486,"['U5086', 'U5549']",2
U7487,"['U14591', 'U7420', 'U12168', 'U12536']",4
U7488,"['U8000', 'U7254', 'U7706', 'U8160', 'U2558', 'U7866', 'U5400', 'U5050']",8
U7489,"['U7589', 'U2232', 'U620', 'U13492', 'U12596']",5
U7490,"['U12824', 'U10940', 'U9814', 'U13709']",4
U7491,"['U10747', 'U7000', 'U12393', 'U6772']",4
U7492,"['U6456', 'U8287', 'U12092', 'U10878', 'U12761', 'U1896']",6
U7493,"['U158', 'U9377', 'U10030']",3
U7494,"['U13786', 'U10759', 'U4440', 'U3727', 'U10774', 'U304']",6
U7495,['U11569'],1
U7496,"['U6167', 'U9455']",2
U7497,"['U11441', 'U9029', 'U1785', 'U6118', 'U9547']",5
U7498,"['U7530', 'U5538', 'U6888']",3
U7499,"['U9000', 'U11242', 'U13048', 'U6145', 'U11588', 'U3827', 'U1723']",7
U7500,"['U8997', 'U6852', 'U6746', 'U6044']",4
U7501,"['U11520', 'U5562', 'U2436', 'U8495']",4
U7502,['U10104'],1
U7503,"['U12062', 'U7737', 'U7697', 'U10341']",4
U7504,"['U8296', 'U14794', 'U3111', 'U7552', 'U13086']",5
U7505,"['U9408', 'U1125', 'U5427', 'U14524', 'U10924', 'U921', 'U5202', 'U720']",8
U7506,"['U5572', 'U9610', 'U8968']",3
U7507,"['U14164', 'U13134', 'U14225', 'U8014', 'U9766', 'U1833']",6
U7508,"['U15000', 'U1762', 'U7638']",3
U7509,"['U3415', 'U2225', 'U7696', 'U1822', 'U9029']",5
U7510,"['U12732', 'U13807', 'U1557', 'U12529', 'U5179', 'U12629']",6
U7511,"['U8838', 'U2537', 'U587', 'U8680']",4
U7512,"['U4187', 'U1322', 'U4243', 'U3652', 'U10901', 'U8098']",6
U7513,"['U11258', 'U7817', 'U10906', 'U6077', 'U6505', 'U14416']",6
U7514,"['U5199', 'U5796', 'U5002']",3
U7515,"['U9338', 'U11976']",2
U7516,"['U7044', 'U8633', 'U3559', 'U1124', 'U6431', 'U6058']",6
U7517,"['U7737', 'U3035']",2
U7518,"['U10709', 'U6097', 'U13239', 'U555', 'U8096', 'U8500', 'U2672']",7
U7519,"['U5186', 'U11038', 'U5023', 'U11641']",4
U7520,"['U6095', 'U2471', 'U7541', 'U2594', 'U5236']",5
U7521,"['U9837', 'U4857', 'U13329', 'U12554']",4
U7522,"['U14566', 'U12329', 'U9020', 'U9222', 'U3634']",5
U7523,"['U2718', 'U10869', 'U6113']",3
U7524,"['U10477', 'U10880', 'U1778', 'U5651']",4
U7525,"['U10579', 'U3698', 'U11325', 'U9186', 'U10986']",5
U7526,"['U8704', 'U13955', 'U8119', 'U3822', 'U7087', 'U9307']",6
U7527,"['U5319', 'U5543', 'U4108', 'U14624', 'U4607']",5
U7528,"['U8756', 'U3648']",2
U7529,"['U10432', 'U14386', 'U9325', 'U4970', 'U7730', 'U584', 'U6586', 'U2050']",8
U7530,"['U6521', 'U2039', 'U1296', 'U1281', 'U8875']",5
U7531,"['U5080', 'U4550', 'U5443', 'U11658', 'U1978', 'U232', 'U10413', 'U1686']",8
U7532,"['U14714', 'U2848', 'U5232', 'U5424', 'U318']",5
U7533,"['U694', 'U1823', 'U1887', 'U14646', 'U10781']",5
U7534,"['U4204', 'U6250']",2
U7535,"['U10356', 'U8799', 'U13151', 'U4377', 'U12591']",5
U7536,"['U6046', 'U12834']",2
U7537,"['U14756', 'U10135', 'U7748', 'U5444', 'U7643', 'U1330']",6
U7538,"['U13284', 'U13039']",2
U7539,"['U9466', 'U7967', 'U1337', 'U5996']",4
U7540,"['U6455', 'U598', 'U14749', 'U3907']",4
U7541,"['U12491', 'U14736', 'U14302', 'U3730']",4
U7542,"['U9725', 'U10827', 'U2402']",3
U7543,"['U4941', 'U5024', 'U9545']",3
U7544,"['U12887', 'U10457', 'U7899', 'U633', 'U13024', 'U7386']",6
U7545,['U4919'],1
U7546,"['U6367', 'U14587', 'U1452', 'U11655', 'U5359', 'U4739', 'U5386', 'U12803', 'U8979', 'U2091', 'U3612']",11
U7547,"['U3824', 'U7656', 'U9776', 'U14093']",4
U7548,"['U6669', 'U13403', 'U7887', 'U2647', 'U2340', 'U3178']",6
U7549,"['U12852', 'U2292', 'U494', 'U4078']",4
U7550,"['U2094', 'U5678', 'U2616']",3
U7551,"['U7300', 'U11525', 'U11296', 'U10932', 'U2416', 'U3417', 'U2509', 'U1335']",8
U7552,"['U4299', 'U3683', 'U1785', 'U12974', 'U1510', 'U6667', 'U14968']",7
U7553,"['U3951', 'U13935', 'U673', 'U3162', 'U6961', 'U13115', 'U12391', 'U12243', 'U11244']",9
U7554,"['U1983', 'U13990', 'U10873']",3
U7555,"['U4651', 'U2848', 'U9053', 'U824', 'U13397', 'U3586', 'U2495', 'U3229', 'U7028']",9
U7556,"['U3278', 'U10970', 'U13012', 'U4879', 'U5404', 'U5973']",6
U7557,"['U5089', 'U460', 'U4476', 'U508', 'U11182', 'U5408', 'U4168', 'U7495', 'U9267', 'U2705']",10
U7558,"['U11625', 'U1262', 'U14415', 'U3561']",4
U7559,"['U4869', 'U2967', 'U13106', 'U1924', 'U11538']",5
U7560,"['U9370', 'U1589', 'U14542', 'U6232', 'U5048', 'U9905']",6
U7561,"['U8156', 'U11967', 'U2340', 'U781']",4
U7562,"['U11548', 'U5196', 'U2595', 'U3041', 'U10793', 'U7741']",6
U7563,"['U11208', 'U3320', 'U4593', 'U9841']",4
U7564,['U5761'],1
U7565,"['U9804', 'U13927', 'U6613', 'U11704', 'U14184']",5
U7566,"['U1416', 'U8688', 'U9158', 'U5309', 'U13493', 'U8989', 'U10944', 'U3033']",8
U7567,"['U9700', 'U157', 'U6833']",3
U7568,"['U6054', 'U10762', 'U7994', 'U5896']",4
U7569,"['U474', 'U4250', 'U10402', 'U13035', 'U10280', 'U7787', 'U3121', 'U10234']",8
U7570,"['U290', 'U14798', 'U12590', 'U7923', 'U8207']",5
U7571,"['U3132', 'U3736', 'U4279', 'U5875']",4
U7572,"['U5231', 'U5928', 'U3141', 'U9666', 'U2283']",5
U7573,"['U11808', 'U7235', 'U2612', 'U6266', 'U14489', 'U10473']",6
U7574,"['U12111', 'U4355', 'U11493', 'U13413']",4
U7575,"['U14303', 'U5813', 'U10788', 'U6768', 'U4157', 'U6795']",6
U7576,['U10835'],1
U7577,['U325'],1
U7578,"['U2571', 'U10078', 'U9701', 'U10758']",4
U7579,"['U4338', 'U2140', 'U10578', 'U7459', 'U8012']",5
U7580,"['U2868', 'U769', 'U46', 'U13767', 'U13227']",5
U7581,[],0
U7582,"['U14621', 'U13344', 'U12759', 'U3420', 'U2308']",5
U7583,"['U10596', 'U5472', 'U411']",3
U7584,"['U13045', 'U12282', 'U10556', 'U10574', 'U14626', 'U6823', 'U3963', 'U6193', 'U5164']",9
U7585,"['U763', 'U2926', 'U11397']",3
U7586,"['U14861', 'U2757']",2
U7587,"['U853', 'U1311', 'U1621', 'U4473', 'U6381']",5
U7588,"['U1971', 'U10362', 'U12226', 'U4641', 'U5006']",5
U7589,"['U591', 'U14732', 'U5060']",3
U7590,"['U7809', 'U2519', 'U6254', 'U3798', 'U6135', 'U7249']",6
U7591,"['U8138', 'U2452', 'U1312', 'U9867']",4
U7592,"['U12769', 'U950', 'U4757', 'U7387', 'U10224']",5
U7593,"['U13208', 'U5813', 'U8784', 'U8632', 'U13722', 'U14511', 'U10488']",7
U7594,"['U12437', 'U8611', 'U10788']",3
U7595,"['U11189', 'U4361', 'U1750', 'U1159']",4
U7596,"['U7790', 'U11533', 'U14341', 'U1334', 'U13352']",5
U7597,"['U13383', 'U8020', 'U12678', 'U14526', 'U1831']",5
U7598,"['U7076', 'U1507', 'U2601', 'U5763', 'U3779']",5
U7599,"['U1659', 'U1845']",2
U7600,"['U13654', 'U5005', 'U9884']",3
U7601,"['U11630', 'U630', 'U10145', 'U6797', 'U7999']",5
U7602,"['U2489', 'U14754']",2
U7603,"['U5344', 'U3830', 'U1936', 'U13313']",4
U7604,"['U601', 'U13878', 'U6251', 'U10998']",4
U7605,"['U6726', 'U363', 'U11400', 'U10964', 'U13362', 'U9679', 'U11427']",7
U7606,"['U8549', 'U7449', 'U1058', 'U4277']",4
U7607,"['U2431', 'U1753', 'U9735', 'U669', 'U645', 'U7492', 'U12590', 'U13937']",8
U7608,"['U9741', 'U7190', 'U4599', 'U13284']",4
U7609,"['U6441', 'U14132', 'U14211', 'U396']",4
U7610,['U13032'],1
U7611,"['U879', 'U1999', 'U4366', 'U7459', 'U11503']",5
U7612,"['U13225', 'U8579', 'U13022']",3
U7613,"['U10016', 'U3414', 'U5338', 'U6053', 'U13506', 'U4216', 'U1792']",7
U7614,"['U7583', 'U5860', 'U6852', 'U8969', 'U805', 'U10406', 'U5698', 'U8364', 'U9277']",9
U7615,"['U13059', 'U12335', 'U3789', 'U4285', 'U12997', 'U12582']",6
U7616,"['U317', 'U10938', 'U8475', 'U9573']",4
U7617,"['U10020', 'U8885', 'U14139', 'U9211', 'U12725', 'U7218']",6
U7618,"['U8599', 'U4695', 'U1529', 'U11164']",4
U7619,"['U82', 'U9515', 'U6766', 'U6813', 'U621']",5
U7620,"['U6747', 'U10739', 'U552']",3
U7621,"['U3934', 'U13123']",2
U7622,"['U14559', 'U14200', 'U7318', 'U8450', 'U4266', 'U9304']",6
U7623,"['U2108', 'U8601', 'U5333']",3
U7624,"['U11347', 'U5016', 'U399']",3
U7625,"['U1074', 'U622', 'U10914', 'U13714', 'U2947', 'U10460']",6
U7626,"['U11676', 'U13283', 'U1978', 'U6193', 'U11942']",5
U7627,"['U9345', 'U3183']",2
U7628,"['U9205', 'U886', 'U3014', 'U617', 'U14369', 'U11889']",6
U7629,"['U7531', 'U10711', 'U13214', 'U1653']",4
U7630,"['U5121', 'U1294', 'U7400', 'U14817', 'U5986', 'U13067']",6
U7631,"['U10908', 'U8776', 'U10515', 'U8290']",4
U7632,"['U9005', 'U13835']",2
U7633,['U14774'],1
U7634,"['U14063', 'U9706', 'U118', 'U9838', 'U7709']",5
U7635,"['U7630', 'U8577', 'U2002', 'U7136']",4
U7636,['U8233'],1
U7637,['U14564'],1
U7638,"['U9819', 'U5555', 'U11344', 'U7542', 'U13753', 'U6183', 'U558', 'U14818', 'U12963', 'U7840']",10
U7639,"['U14692', 'U6169', 'U14344', 'U10756', 'U12554', 'U10235']",6
U7640,"['U9970', 'U12708', 'U367', 'U1774', 'U2796', 'U11954']",6
U7641,"['U1650', 'U9565', 'U7118', 'U4952', 'U4120', 'U5800', 'U7095', 'U870', 'U6729']",9
U7642,"['U11141', 'U9218', 'U2959', 'U13616', 'U12902', 'U5568', 'U12035']",7
U7643,"['U10816', 'U11140', 'U5589', 'U636', 'U3267']",5
U7644,"['U964', 'U10501', 'U2925']",3
U7645,"['U13572', 'U10884', 'U7370', 'U13448', 'U4713']",5
U7646,"['U4931', 'U9615', 'U3778']",3
U7647,['U14877'],1
U7648,"['U3169', 'U9198', 'U495', 'U12651', 'U13133', 'U14129', 'U10314']",7
U7649,"['U217', 'U3000', 'U1281']",3
U7650,"['U2082', 'U3952', 'U7729', 'U13121', 'U3648']",5
U7651,"['U2175', 'U8311', 'U4535', 'U7202']",4
U7652,"['U9480', 'U3554', 'U5192']",3
U7653,"['U8779', 'U1460', 'U1692', 'U11160', 'U14862']",5
U7654,[],0
U7655,"['U10397', 'U12762', 'U3275']",3
U7656,"['U8331', 'U8405', 'U7934', 'U11678', 'U7777', 'U12083', 'U1837', 'U14672']",8
U7657,['U14101'],1
U7658,"['U1147', 'U12559', 'U10512']",3
U7659,"['U14417', 'U9552', 'U11436', 'U14647']",4
U7660,"['U994', 'U2629', 'U3414', 'U14809', 'U3213']",5
U7661,['U12925'],1
U7662,"['U7093', 'U2122', 'U3034', 'U8444', 'U1497', 'U14318', 'U7012']",7
U7663,"['U1326', 'U6353', 'U9141', 'U3899', 'U685', 'U8953', 'U10871']",7
U7664,"['U10740', 'U4995', 'U7775']",3
U7665,"['U12567', 'U6462', 'U4563', 'U1647', 'U8561', 'U3547', 'U4806', 'U1731', 'U14747']",9
U7666,"['U3754', 'U11133', 'U13052', 'U8176', 'U12929']",5
U7667,"['U1204', 'U2143', 'U648', 'U8476', 'U12230', 'U2411']",6
U7668,"['U1752', 'U10559', 'U3414', 'U7628']",4
U7669,"['U3907', 'U2901', 'U12118', 'U3482', 'U1491', 'U4605', 'U4538', 'U4369', 'U6125', 'U12924']",10
U7670,"['U7258', 'U11016', 'U8049', 'U10252']",4
U7671,"['U11197', 'U8990', 'U5794', 'U1576', 'U8118', 'U11055', 'U9771', 'U10501']",8
U7672,"['U3941', 'U5795', 'U552', 'U2311', 'U11249', 'U2397', 'U3452']",7
U7673,['U9865'],1
U7674,"['U13076', 'U3730', 'U3768', 'U2300', 'U14098', 'U7220', 'U14197']",7
U7675,"['U13638', 'U9673', 'U492', 'U10110']",4
U7676,"['U5396', 'U11694', 'U7126', 'U13176', 'U7747']",5
U7677,"['U12864', 'U6513', 'U14009', 'U7138', 'U11020']",5
U7678,"['U1101', 'U12823', 'U1452', 'U9137', 'U2868', 'U9578', 'U12044']",7
U7679,"['U13888', 'U2481']",2
U7680,"['U14618', 'U12831', 'U12702', 'U7395']",4
U7681,"['U3783', 'U14290', 'U1458', 'U7859', 'U9842', 'U13419', 'U12500']",7
U7682,"['U14900', 'U10460', 'U9931', 'U7885']",4
U7683,"['U9561', 'U3589', 'U9412']",3
U7684,['U14355'],1
U7685,"['U7331', 'U2267']",2
U7686,"['U11951', 'U9841', 'U4809', 'U879', 'U6876', 'U2906', 'U12886', 'U3017']",8
U7687,['U5456'],1
U7688,"['U11332', 'U6582', 'U11454', 'U4078', 'U7641']",5
U7689,"['U14884', 'U6383', 'U1253', 'U3932', 'U5091']",5
U7690,"['U12484', 'U7738', 'U12747']",3
U7691,"['U12848', 'U5896', 'U3585', 'U382', 'U14505', 'U5573']",6
U7692,"['U13401', 'U2020', 'U7096', 'U1657']",4
U7693,"['U5120', 'U3508', 'U5950']",3
U7694,"['U14924', 'U6389', 'U9287']",3
U7695,"['U14042', 'U11502', 'U3391', 'U8561', 'U12529', 'U10633', 'U8787', 'U3885']",8
U7696,"['U7971', 'U4093', 'U5924', 'U9444', 'U11373']",5
U7697,"['U10765', 'U8019', 'U11738', 'U6163']",4
U7698,[],0
U7699,"['U11874', 'U7964', 'U4672', 'U2678']",4
U7700,"['U12519', 'U9152', 'U10053', 'U10996', 'U8116', 'U6932', 'U14724']",7
U7701,"['U7406', 'U9961', 'U2562', 'U7552', 'U3935', 'U9640', 'U4134', 'U9938']",8
U7702,"['U9997', 'U1325']",2
U7703,"['U12241', 'U6647', 'U1739', 'U4324', 'U2254']",5
U7704,"['U12305', 'U9245', 'U4986', 'U2060', 'U5740', 'U9808']",6
U7705,"['U13233', 'U9993', 'U5861', 'U9580', 'U4910']",5
U7706,"['U5928', 'U11738', 'U8686']",3
U7707,"['U3484', 'U6902', 'U4206', 'U7473']",4
U7708,"['U304', 'U8258', 'U8127', 'U1816', 'U3867']",5
U7709,"['U13840', 'U4522', 'U12106']",3
U7710,"['U9866', 'U4637', 'U8720', 'U4871', 'U2505', 'U2035']",6
U7711,"['U805', 'U8350', 'U1245']",3
U7712,"['U1893', 'U2803', 'U8652', 'U14434', 'U8471', 'U7448', 'U7774']",7
U7713,"['U11350', 'U13367', 'U2663', 'U13951', 'U4837', 'U5436', 'U669']",7
U7714,"['U7692', 'U3881', 'U11523', 'U9808', 'U1736']",5
U7715,"['U3373', 'U9513', 'U10160', 'U9023', 'U1268', 'U7077', 'U11741', 'U10954', 'U5222']",9
U7716,"['U6791', 'U9423', 'U6420', 'U9761', 'U11719', 'U10805']",6
U7717,"['U3103', 'U12228', 'U633', 'U12987', 'U14996', 'U14479', 'U3781', 'U3577', 'U3676', 'U463']",10
U7718,"['U6338', 'U9198', 'U12078', 'U1010', 'U7613']",5
U7719,['U14625'],1
U7720,"['U7296', 'U6115', 'U3714', 'U5323', 'U9695']",5
U7721,"['U12132', 'U8631']",2
U7722,"['U4076', 'U11354', 'U3162', 'U7518', 'U12139', 'U1233']",6
U7723,"['U4836', 'U13629']",2
U7724,"['U4704', 'U2444', 'U4589', 'U2241', 'U8542', 'U5018']",6
U7725,"['U163', 'U1755', 'U5520', 'U867']",4
U7726,"['U11111', 'U12046', 'U11740', 'U8415']",4
U7727,"['U6205', 'U680', 'U8335', 'U4865', 'U13913']",5
U7728,"['U14755', 'U10219', 'U2571', 'U3662', 'U14606', 'U13354', 'U12169', 'U4524']",8
U7729,"['U1653', 'U12963', 'U5065']",3
U7730,"['U1813', 'U2856', 'U11218', 'U387']",4
U7731,"['U9259', 'U14966', 'U12321', 'U2102', 'U10686', 'U9800']",6
U7732,"['U2798', 'U8144', 'U1037', 'U14159']",4
U7733,"['U3730', 'U7621', 'U2439', 'U11890']",4
U7734,"['U2443', 'U10353', 'U268']",3
U7735,['U1753'],1
U7736,"['U4666', 'U8758']",2
U7737,['U1051'],1
U7738,"['U4565', 'U4721', 'U13619', 'U3400']",4
U7739,"['U9658', 'U6423', 'U6921', 'U7888', 'U13443', 'U3231']",6
U7740,"['U540', 'U9753', 'U14244', 'U3858', 'U10218', 'U12281', 'U5155']",7
U7741,"['U10265', 'U428', 'U3649', 'U8622', 'U8427', 'U676', 'U9943']",7
U7742,"['U6781', 'U163', 'U8895', 'U10538', 'U7515', 'U6068', 'U5281', 'U10007', 'U2832']",9
U7743,"['U5808', 'U12153', 'U10724', 'U12308', 'U3811', 'U5729', 'U5005']",7
U7744,"['U3811', 'U11206', 'U5483', 'U8894', 'U13524', 'U8324', 'U6979', 'U8961', 'U7210']",9
U7745,"['U8344', 'U11671', 'U4084', 'U5208', 'U6073']",5
U7746,"['U14074', 'U216', 'U13872', 'U14318', 'U549', 'U9985']",6
U7747,"['U2665', 'U2851', 'U13778', 'U4984', 'U1878', 'U6555', 'U13370', 'U955']",8
U7748,"['U11400', 'U6545', 'U1968', 'U4882', 'U14790', 'U10221', 'U14023', 'U12098']",8
U7749,"['U5658', 'U3353', 'U3194', 'U4850', 'U2748']",5
U7750,"['U6579', 'U12884', 'U14888']",3
U7751,"['U3267', 'U1446']",2
U7752,"['U13055', 'U9693', 'U7843']",3
U7753,"['U9829', 'U7856']",2
U7754,"['U13481', 'U3630', 'U1505', 'U1639']",4
U7755,"['U9821', 'U8481', 'U2273', 'U1284']",4
U7756,"['U6722', 'U6097', 'U815']",3
U7757,"['U648', 'U2766', 'U3132', 'U6849', 'U12718']",5
U7758,"['U5256', 'U1873', 'U7191', 'U10870', 'U13297']",5
U7759,"['U6589', 'U13210', 'U12952', 'U10679', 'U1720']",5
U7760,"['U3763', 'U9263', 'U10257', 'U11705', 'U6540', 'U5499', 'U13312', 'U1222']",8
U7761,"['U7639', 'U6561']",2
U7762,"['U8464', 'U9583', 'U3402', 'U8780', 'U13814']",5
U7763,"['U238', 'U12523', 'U13041', 'U9330']",4
U7764,"['U9147', 'U12090', 'U10160', 'U2527', 'U4985', 'U13069']",6
U7765,"['U11063', 'U14504', 'U11628']",3
U7766,"['U14517', 'U6504', 'U14713']",3
U7767,"['U9173', 'U11878']",2
U7768,['U7989'],1
U7769,"['U2145', 'U11621', 'U8808']",3
U7770,"['U2862', 'U4887']",2
U7771,"['U6883', 'U9141', 'U4873', 'U9957', 'U3358', 'U13491']",6
U7772,"['U11257', 'U6060', 'U7958', 'U4522', 'U3441', 'U11466', 'U11127']",7
U7773,"['U1288', 'U10072', 'U6151', 'U5936', 'U8499', 'U6985', 'U6669', 'U5381']",8
U7774,['U7079'],1
U7775,"['U11046', 'U7615', 'U3305', 'U12712', 'U13128']",5
U7776,"['U4516', 'U9942', 'U4425', 'U5765']",4
U7777,"['U8237', 'U12510', 'U2606', 'U11022', 'U8603']",5
U7778,"['U316', 'U9075', 'U13705', 'U14239']",4
U7779,"['U12153', 'U1217', 'U7854', 'U11415', 'U4030', 'U5507', 'U53', 'U9244']",8
U7780,"['U9517', 'U4570', 'U9598', 'U145']",4
U7781,"['U5966', 'U14455']",2
U7782,"['U5966', 'U1004', 'U2790', 'U2161', 'U5291', 'U3775']",6
U7783,"['U4300', 'U1340', 'U13188', 'U1010', 'U9801', 'U6313', 'U10863']",7
U7784,"['U11370', 'U6460', 'U1592', 'U9016']",4
U7785,"['U14719', 'U4755']",2
U7786,"['U11481', 'U5014', 'U4401', 'U14806', 'U6989', 'U8361']",6
U7787,"['U8647', 'U176', 'U2132', 'U13193', 'U1114']",5
U7788,['U11754'],1
U7789,"['U7729', 'U4796', 'U753', 'U13736']",4
U7790,"['U8407', 'U2886']",2
U7791,"['U14206', 'U11897', 'U11271', 'U12869', 'U13570', 'U4354']",6
U7792,['U11228'],1
U7793,"['U2835', 'U11841', 'U3097', 'U9077', 'U11512', 'U11902', 'U1036', 'U8580']",8
U7794,"['U1852', 'U4756', 'U6608', 'U5976', 'U8806']",5
U7795,"['U12938', 'U11438', 'U11582']",3
U7796,"['U11431', 'U5621', 'U2236', 'U12443', 'U10811']",5
U7797,"['U1899', 'U6351', 'U7410', 'U4153']",4
U7798,"['U4846', 'U14386', 'U11396', 'U10772', 'U5356', 'U6202']",6
U7799,"['U10965', 'U13512', 'U4952', 'U10831', 'U7638', 'U5812', 'U11600']",7
U7800,['U8306'],1
U7801,"['U4491', 'U8406', 'U8453', 'U12398', 'U4675']",5
U7802,"['U8279', 'U8650', 'U13189']",3
U7803,"['U4268', 'U13355', 'U9645']",3
U7804,['U13805'],1
U7805,"['U7546', 'U1426', 'U10272', 'U6868', 'U6704', 'U5966', 'U10439', 'U1593']",8
U7806,"['U1397', 'U1740', 'U1684', 'U1419', 'U9870', 'U1763', 'U4578']",7
U7807,"['U1853', 'U1704', 'U3275', 'U11199', 'U2267', 'U6622', 'U12162', 'U11789', 'U9220', 'U2398']",10
U7808,"['U8933', 'U12103', 'U13745', 'U4268']",4
U7809,"['U1983', 'U3990', 'U10901', 'U6906']",4
U7810,"['U2705', 'U13887', 'U11390', 'U11447', 'U10060', 'U12649', 'U6360', 'U9189', 'U5488']",9
U7811,"['U9443', 'U8204', 'U10405', 'U12391']",4
U7812,"['U12912', 'U14770', 'U3138', 'U3406', 'U13757', 'U11666', 'U508', 'U2638', 'U10210']",9
U7813,"['U7543', 'U4528', 'U14320', 'U7997', 'U5094', 'U1495']",6
U7814,"['U2348', 'U13622', 'U6443', 'U8022']",4
U7815,"['U12433', 'U2781', 'U4939']",3
U7816,"['U11689', 'U3605', 'U10872', 'U12872', 'U12693']",5
U7817,"['U12879', 'U733', 'U7970', 'U14100', 'U7738', 'U5957', 'U5582', 'U9570']",8
U7818,"['U12100', 'U561', 'U1284', 'U1136', 'U2394', 'U2867', 'U2372']",7
U7819,"['U5140', 'U3737', 'U391', 'U5311']",4
U7820,"['U2014', 'U7572', 'U12738']",3
U7821,"['U4384', 'U14701', 'U13767', 'U5037', 'U1343']",5
U7822,"['U9330', 'U9434', 'U3532', 'U10033']",4
U7823,"['U5825', 'U1052', 'U1677', 'U3365', 'U8555', 'U13545', 'U7937', 'U11130']",8
U7824,"['U14764', 'U3773', 'U162', 'U10316', 'U14922']",5
U7825,"['U12416', 'U3954', 'U10744', 'U10014', 'U12886']",5
U7826,"['U6856', 'U225', 'U5672', 'U8367', 'U9924', 'U4306']",6
U7827,"['U3938', 'U11292', 'U5415', 'U12710', 'U4394']",5
U7828,"['U8064', 'U14082', 'U8158', 'U8587', 'U6985']",5
U7829,"['U2107', 'U11937', 'U6463', 'U8762', 'U10023', 'U5558', 'U6098', 'U3318', 'U13940', 'U9298']",10
U7830,"['U5826', 'U14973', 'U9706', 'U3195', 'U9516', 'U7147']",6
U7831,"['U4679', 'U5664', 'U2686', 'U8146', 'U14207', 'U4890']",6
U7832,"['U310', 'U3375', 'U12972']",3
U7833,"['U7970', 'U7921', 'U4858', 'U11442']",4
U7834,"['U13939', 'U5925', 'U10128', 'U6037']",4
U7835,"['U10268', 'U6523', 'U7234']",3
U7836,"['U5510', 'U5237', 'U7047', 'U12519', 'U1403', 'U945']",6
U7837,"['U3825', 'U14797']",2
U7838,"['U5325', 'U3272', 'U7679', 'U8265']",4
U7839,"['U8318', 'U1342']",2
U7840,"['U13805', 'U11852', 'U839', 'U3887', 'U6631']",5
U7841,"['U6519', 'U9500']",2
U7842,"['U7842', 'U8250', 'U13449', 'U10743']",4
U7843,"['U10028', 'U6607', 'U13896', 'U6781']",4
U7844,"['U14723', 'U7769', 'U11925', 'U3838']",4
U7845,"['U13335', 'U12733', 'U2389', 'U2154', 'U5509', 'U8720']",6
U7846,"['U10773', 'U6683', 'U5855', 'U9835', 'U2463']",5
U7847,"['U999', 'U11588', 'U8177', 'U483']",4
U7848,"['U1465', 'U14640', 'U3235', 'U327', 'U9063']",5
U7849,"['U10283', 'U10889', 'U253']",3
U7850,"['U13225', 'U9539', 'U4822', 'U525', 'U9490']",5
U7851,"['U567', 'U7013', 'U12111', 'U10040', 'U1848']",5
U7852,"['U7515', 'U1219', 'U4101', 'U1748']",4
U7853,"['U4693', 'U1439', 'U10119', 'U14942', 'U9211', 'U11737', 'U3047', 'U6956', 'U11073']",9
U7854,"['U4533', 'U14483', 'U11120', 'U5869', 'U7945', 'U5841']",6
U7855,['U1274'],1
U7856,"['U2386', 'U6780', 'U1628']",3
U7857,"['U12291', 'U10071', 'U14385', 'U3861', 'U6219', 'U880', 'U7613', 'U6722', 'U11522', 'U3542']",10
U7858,"['U14133', 'U3884', 'U4839', 'U848', 'U10334', 'U844']",6
U7859,"['U7034', 'U2601', 'U9771', 'U10791', 'U4854']",5
U7860,"['U6971', 'U4010', 'U5688', 'U2930', 'U1604', 'U64', 'U10505']",7
U7861,"['U11973', 'U9777', 'U1200']",3
U7862,"['U11807', 'U11368', 'U14728']",3
U7863,"['U4340', 'U582', 'U8579', 'U12821', 'U1762']",5
U7864,"['U1361', 'U2174', 'U7743', 'U5355', 'U7923', 'U691', 'U9557', 'U276']",8
U7865,"['U9932', 'U11443', 'U1733']",3
U7866,"['U7965', 'U4403', 'U7107', 'U915']",4
U7867,"['U6282', 'U7519', 'U8494', 'U9421', 'U2091', 'U2399']",6
U7868,"['U11989', 'U12014', 'U2154', 'U5037', 'U1638', 'U8128', 'U4918']",7
U7869,"['U5318', 'U10165']",2
U7870,"['U497', 'U8600', 'U107']",3
U7871,"['U11847', 'U8628']",2
U7872,"['U7596', 'U7473', 'U10063', 'U3341']",4
U7873,"['U9208', 'U7645', 'U11209', 'U8498']",4
U7874,"['U8787', 'U7077', 'U13384']",3
U7875,"['U5392', 'U1499', 'U11627', 'U8725']",4
U7876,"['U7090', 'U12811', 'U1770', 'U10885', 'U14700']",5
U7877,"['U12068', 'U14988', 'U14386', 'U11336', 'U10699']",5
U7878,"['U569', 'U14112', 'U2694', 'U12020', 'U6728', 'U5657', 'U5153', 'U13921']",8
U7879,"['U2111', 'U4920', 'U453', 'U13622', 'U11859', 'U3983', 'U13113', 'U9282']",8
U7880,"['U12278', 'U8491', 'U5262']",3
U7881,"['U9375', 'U5427', 'U6', 'U1151', 'U12997', 'U10173']",6
U7882,"['U5365', 'U300', 'U2461']",3
U7883,"['U9307', 'U11840']",2
U7884,"['U13688', 'U11772', 'U1584', 'U4009']",4
U7885,['U2434'],1
U7886,"['U7515', 'U13145', 'U10208', 'U9295', 'U3266']",5
U7887,"['U10676', 'U5588', 'U11268', 'U12629', 'U10043', 'U8881']",6
U7888,"['U6976', 'U8857', 'U2323', 'U1240', 'U8076', 'U412']",6
U7889,"['U8503', 'U6107', 'U6087', 'U9957']",4
U7890,"['U1327', 'U14566', 'U1502', 'U3570', 'U14540', 'U583', 'U9161']",7
U7891,"['U14594', 'U9574', 'U3910']",3
U7892,"['U1481', 'U14286', 'U7683', 'U9849', 'U1601', 'U10007', 'U10682']",7
U7893,"['U3338', 'U6069', 'U11948', 'U2870', 'U13823', 'U5312']",6
U7894,"['U6764', 'U4426', 'U12843']",3
U7895,"['U9569', 'U14106', 'U908', 'U1059', 'U5609']",5
U7896,"['U4218', 'U2723', 'U5424', 'U4719']",4
U7897,"['U14975', 'U2321', 'U2591', 'U6182', 'U13162', 'U10816']",6
U7898,"['U6416', 'U2613', 'U12619', 'U2056']",4
U7899,"['U2933', 'U12939', 'U1379', 'U7646']",4
U7900,"['U3698', 'U4921', 'U3203', 'U11603']",4
U7901,"['U9102', 'U12516', 'U4222', 'U10121']",4
U7902,"['U10413', 'U10931', 'U8946']",3
U7903,"['U991', 'U4644', 'U13487', 'U6144']",4
U7904,"['U5667', 'U8115', 'U14000', 'U1686', 'U11352']",5
U7905,"['U8076', 'U269', 'U10680', 'U3539', 'U5921']",5
U7906,"['U6065', 'U14064']",2
U7907,"['U9249', 'U2910', 'U2567', 'U11917', 'U14937']",5
U7908,"['U11060', 'U12907', 'U9417', 'U725', 'U77', 'U6690', 'U4091', 'U2321', 'U9307']",9
U7909,"['U2516', 'U5312', 'U13015', 'U3052']",4
U7910,"['U8661', 'U2158', 'U9449', 'U1375', 'U2398', 'U13825', 'U14322']",7
U7911,"['U3238', 'U10828', 'U11768', 'U879', 'U10541']",5
U7912,"['U6155', 'U9884', 'U2470', 'U2430', 'U2396', 'U11095', 'U13635']",7
U7913,['U11003'],1
U7914,"['U9943', 'U2701', 'U1224', 'U3803', 'U8414', 'U3359']",6
U7915,"['U12720', 'U6189', 'U12121', 'U7539']",4
U7916,"['U1424', 'U12576']",2
U7917,"['U7093', 'U7719', 'U12380', 'U5899', 'U3300', 'U12448', 'U11075']",7
U7918,"['U11157', 'U3953', 'U14929', 'U11411', 'U1140', 'U8296', 'U549', 'U5802', 'U8683', 'U11840']",10
U7919,"['U11668', 'U13793', 'U12955', 'U13597', 'U1638', 'U12003', 'U9603']",7
U7920,"['U6800', 'U5688', 'U2554']",3
U7921,"['U5804', 'U5709', 'U9224', 'U10680', 'U6971']",5
U7922,"['U14120', 'U7142', 'U12457', 'U8396', 'U11704', 'U1753']",6
U7923,"['U10983', 'U9054', 'U3005', 'U1741', 'U5484', 'U7049']",6
U7924,"['U4830', 'U2797', 'U8100', 'U895', 'U7747']",5
U7925,['U8820'],1
U7926,"['U13143', 'U6025', 'U13688', 'U5005']",4
U7927,"['U5643', 'U10196', 'U12332', 'U8525', 'U289', 'U355', 'U7820', 'U349']",8
U7928,"['U4261', 'U7661', 'U7835', 'U11194']",4
U7929,"['U10315', 'U3575']",2
U7930,"['U10544', 'U11013', 'U6298', 'U4597', 'U5378', 'U7300', 'U8909', 'U4252', 'U14606']",9
U7931,"['U14109', 'U3559', 'U1155', 'U9023', 'U8049']",5
U7932,"['U2224', 'U11733', 'U2313', 'U6737', 'U14387', 'U14734', 'U2502', 'U13021', 'U6930', 'U5067']",10
U7933,"['U6174', 'U12120', 'U8393', 'U323', 'U14922', 'U5976']",6
U7934,"['U12221', 'U2074', 'U4420', 'U3005', 'U9922', 'U14573', 'U12447']",7
U7935,"['U10702', 'U267', 'U8737']",3
U7936,"['U14233', 'U2748', 'U6963']",3
U7937,"['U14184', 'U14096', 'U7214', 'U1573']",4
U7938,"['U14560', 'U9894', 'U4988', 'U7392', 'U1076']",5
U7939,"['U8942', 'U7863', 'U11870', 'U11755', 'U7883']",5
U7940,"['U14363', 'U5496', 'U2808', 'U10259', 'U9393']",5
U7941,"['U980', 'U8574', 'U205', 'U4639']",4
U7942,"['U3387', 'U1488', 'U768']",3
U7943,"['U2791', 'U13670', 'U505', 'U12899', 'U634', 'U4642', 'U14848', 'U1887', 'U14462', 'U6616', 'U1813']",11
U7944,"['U1977', 'U3153', 'U1009', 'U2481']",4
U7945,"['U7710', 'U3327', 'U5930', 'U4248']",4
U7946,"['U13653', 'U7333', 'U7930']",3
U7947,"['U1840', 'U2931', 'U6030']",3
U7948,"['U872', 'U10944', 'U136']",3
U7949,"['U12429', 'U12998', 'U13502', 'U11688', 'U2978']",5
U7950,"['U10978', 'U8313', 'U6021', 'U13699', 'U13146', 'U7052', 'U10972', 'U8675']",8
U7951,"['U7010', 'U11750', 'U10181', 'U12692', 'U14511']",5
U7952,"['U12801', 'U6774', 'U941', 'U6229']",4
U7953,"['U2532', 'U7421', 'U7830', 'U8798', 'U7751']",5
U7954,"['U9261', 'U6300', 'U5449', 'U6290', 'U13629']",5
U7955,"['U11158', 'U1250', 'U8621', 'U9790', 'U9613', 'U5197', 'U7737']",7
U7956,['U14948'],1
U7957,"['U2946', 'U12188', 'U6463']",3
U7958,"['U14791', 'U3538', 'U14042']",3
U7959,"['U12353', 'U10842', 'U8478', 'U2169', 'U4087', 'U14881']",6
U7960,"['U1793', 'U6457', 'U10927', 'U9019', 'U12874', 'U8366', 'U8348', 'U6047', 'U10940', 'U8770']",10
U7961,"['U8286', 'U11750', 'U14751', 'U2104', 'U1700', 'U7716', 'U2499', 'U1376']",8
U7962,"['U4698', 'U10727']",2
U7963,"['U11308', 'U8058']",2
U7964,"['U1471', 'U13761', 'U1982', 'U6009']",4
U7965,"['U7028', 'U203', 'U8920']",3
U7966,"['U13181', 'U9815']",2
U7967,"['U460', 'U13311', 'U10190', 'U357', 'U4235']",5
U7968,[],0
U7969,"['U6605', 'U14272', 'U7381', 'U13041']",4
U7970,"['U9703', 'U6931', 'U5464', 'U13723', 'U9330']",5
U7971,"['U11589', 'U11111', 'U9460', 'U14448', 'U10432', 'U193', 'U10241', 'U7579', 'U13814']",9
U7972,"['U13605', 'U13148', 'U866', 'U6913', 'U7849', 'U9267', 'U12019']",7
U7973,"['U8588', 'U3092', 'U9634']",3
U7974,"['U7065', 'U5515', 'U9377', 'U1395']",4
U7975,"['U4406', 'U7141', 'U11459', 'U6588', 'U5874', 'U5369']",6
U7976,"['U3785', 'U118', 'U5974', 'U9219']",4
U7977,"['U3769', 'U10334', 'U5736', 'U4965', 'U13901', 'U13621']",6
U7978,"['U3441', 'U4143', 'U7044', 'U12781']",4
U7979,"['U5238', 'U7876']",2
U7980,"['U10061', 'U6012', 'U4386']",3
U7981,"['U4228', 'U14846', 'U4089', 'U2300', 'U2108', 'U8818', 'U8724']",7
U7982,"['U9070', 'U7887']",2
U7983,"['U7888', 'U421', 'U7041', 'U6759', 'U5924']",5
U7984,"['U13822', 'U5423', 'U3065', 'U14274', 'U6374']",5
U7985,"['U11635', 'U55', 'U10967', 'U6835', 'U4994', 'U9184']",6
U7986,"['U6024', 'U1302', 'U12835', 'U6591']",4
U7987,"['U1368', 'U14034']",2
U7988,"['U12565', 'U3529', 'U11512', 'U12813']",4
U7989,"['U4278', 'U2482', 'U13770', 'U1052', 'U11505', 'U6524', 'U5076', 'U5537']",8
U7990,"['U743', 'U14155', 'U5976']",3
U7991,"['U13376', 'U12455', 'U14088', 'U14973', 'U14905', 'U11263', 'U7336']",7
U7992,"['U346', 'U11069', 'U14551', 'U8760', 'U14310', 'U14203', 'U7650']",7
U7993,"['U12902', 'U10983', 'U3873', 'U3407', 'U8664', 'U9655', 'U10334']",7
U7994,"['U2406', 'U3668', 'U5888', 'U10215', 'U5124']",5
U7995,"['U12856', 'U2999']",2
U7996,['U13036'],1
U7997,"['U9530', 'U3272', 'U13832', 'U13641', 'U13229', 'U5169']",6
U7998,"['U1430', 'U8679', 'U11966', 'U169', 'U6647', 'U4866', 'U2004']",7
U7999,"['U6504', 'U2482']",2
U8000,"['U12960', 'U9657', 'U10608', 'U7040', 'U9102', 'U2206', 'U14646']",7
U8001,"['U6456', 'U4397']",2
U8002,"['U6567', 'U11767', 'U14632', 'U7284', 'U2821', 'U10466', 'U11585', 'U7872', 'U443']",9
U8003,['U1151'],1
U8004,"['U2318', 'U7026', 'U11068']",3
U8005,"['U7485', 'U1225', 'U5284', 'U6485', 'U13492', 'U12298']",6
U8006,"['U11909', 'U7833', 'U5286', 'U5877']",4
U8007,['U6712'],1
U8008,"['U7193', 'U6979', 'U14005', 'U14781', 'U12798', 'U13479']",6
U8009,"['U6228', 'U7197', 'U153']",3
U8010,"['U9429', 'U7191', 'U12055', 'U13954', 'U4407', 'U11290', 'U5158', 'U8369']",8
U8011,"['U11832', 'U8841', 'U7003', 'U10665', 'U9706', 'U14970']",6
U8012,"['U14314', 'U13892', 'U5004', 'U1637', 'U7356', 'U13539', 'U13458', 'U13170']",8
U8013,"['U10264', 'U10861', 'U5078', 'U404', 'U6785', 'U5632', 'U442', 'U1922', 'U14695', 'U2738', 'U2181']",11
U8014,"['U7288', 'U11451', 'U3411', 'U1266']",4
U8015,"['U8821', 'U11736', 'U11565', 'U2761', 'U387', 'U13765']",6
U8016,"['U11695', 'U10963', 'U11363']",3
U8017,"['U8210', 'U4749', 'U5005', 'U12794']",4
U8018,"['U8087', 'U11007', 'U6335', 'U8642']",4
U8019,"['U6842', 'U8914']",2
U8020,"['U10103', 'U2890', 'U328']",3
U8021,"['U3773', 'U10441', 'U9382']",3
U8022,"['U13028', 'U12021']",2
U8023,['U12617'],1
U8024,"['U5760', 'U12697', 'U419', 'U5177', 'U528', 'U5558']",6
U8025,"['U4632', 'U2050', 'U7335', 'U12985']",4
U8026,"['U11034', 'U1704', 'U4663', 'U791']",4
U8027,"['U13607', 'U12993', 'U4064', 'U4354', 'U11114', 'U8833', 'U640', 'U8493', 'U25']",9
U8028,"['U9599', 'U12604', 'U8356', 'U7258', 'U2245', 'U9790', 'U7839', 'U9626', 'U7735']",9
U8029,"['U11860', 'U120', 'U11836', 'U9569', 'U10306']",5
U8030,"['U3762', 'U7362', 'U10311', 'U6353', 'U7863']",5
U8031,"['U6440', 'U5750', 'U6831', 'U2897', 'U766', 'U699', 'U6167', 'U4470']",8
U8032,"['U3762', 'U5603', 'U8087']",3
U8033,"['U1231', 'U6646', 'U12404', 'U8469']",4
U8034,"['U5987', 'U1742', 'U839', 'U7387']",4
U8035,"['U9080', 'U3841', 'U349']",3
U8036,"['U6874', 'U14770', 'U3923', 'U609', 'U3014', 'U5616', 'U10351']",7
U8037,"['U4899', 'U3322', 'U8590']",3
U8038,"['U8652', 'U7592', 'U2155', 'U3652', 'U1115']",5
U8039,"['U935', 'U9910', 'U14749', 'U11179', 'U2143', 'U11747', 'U6341', 'U4921', 'U1767']",9
U8040,"['U11267', 'U4570', 'U9049', 'U8327', 'U8622']",5
U8041,"['U11182', 'U9820', 'U6297']",3
U8042,"['U530', 'U1523', 'U1873']",3
U8043,"['U4977', 'U7092', 'U4170', 'U4808']",4
U8044,"['U3935', 'U11454', 'U1606', 'U12785', 'U4961']",5
U8045,['U8596'],1
U8046,"['U1775', 'U8225', 'U13103', 'U2017']",4
U8047,"['U13366', 'U9578', 'U12332', 'U13031', 'U3090']",5
U8048,"['U7109', 'U9721']",2
U8049,"['U463', 'U6177', 'U7534', 'U3548', 'U6514', 'U14477']",6
U8050,"['U5071', 'U9969', 'U4937', 'U11238']",4
U8051,"['U12792', 'U13565', 'U5678', 'U12546', 'U10656']",5
U8052,"['U4549', 'U9706', 'U588', 'U5012']",4
U8053,"['U3651', 'U8684', 'U2190', 'U9581', 'U8451', 'U5787']",6
U8054,"['U2393', 'U121', 'U6071', 'U9402']",4
U8055,"['U5367', 'U54', 'U63', 'U12129']",4
U8056,"['U607', 'U12463', 'U3771', 'U4672', 'U4795', 'U8514']",6
U8057,"['U11837', 'U7115', 'U14691', 'U4806', 'U7519', 'U13349', 'U11442']",7
U8058,"['U6297', 'U12647', 'U3500']",3
U8059,"['U10975', 'U337', 'U3445']",3
U8060,"['U375', 'U1316', 'U4991', 'U5214']",4
U8061,"['U10475', 'U3761', 'U10578', 'U9191', 'U12894', 'U9574', 'U13158', 'U10335']",8
U8062,"['U48', 'U7753', 'U14368', 'U9045', 'U14375', 'U3451']",6
U8063,"['U12774', 'U2188', 'U12783', 'U8270', 'U11568']",5
U8064,"['U5854', 'U5259', 'U10976', 'U1275', 'U8373']",5
U8065,"['U9477', 'U12648']",2
U8066,"['U6813', 'U9292', 'U13446', 'U11985', 'U6910']",5
U8067,"['U3678', 'U9871', 'U4690', 'U2045', 'U11835', 'U84', 'U4220', 'U2722']",8
U8068,"['U9146', 'U2361', 'U14294', 'U13622', 'U6868']",5
U8069,"['U8358', 'U5978', 'U5817']",3
U8070,"['U14633', 'U10501', 'U1911']",3
U8071,"['U10852', 'U9745', 'U9710', 'U12637', 'U12239', 'U13026', 'U3516', 'U4774']",8
U8072,"['U586', 'U8728', 'U14063', 'U2760', 'U729']",5
U8073,"['U13318', 'U14296', 'U14734', 'U13802']",4
U8074,"['U9360', 'U7771', 'U12391', 'U14489']",4
U8075,"['U5218', 'U9982', 'U9310', 'U1825']",4
U8076,"['U9033', 'U6975', 'U7128', 'U12084', 'U2792']",5
U8077,"['U13780', 'U5995', 'U3281', 'U4953', 'U8110']",5
U8078,"['U12691', 'U1386']",2
U8079,"['U4146', 'U7478', 'U12282', 'U7200', 'U1724', 'U10309', 'U12464']",7
U8080,"['U14480', 'U12499']",2
U8081,"['U8241', 'U13033', 'U13667']",3
U8082,"['U8230', 'U5903', 'U1256', 'U10125', 'U8338']",5
U8083,"['U10316', 'U3453']",2
U8084,"['U14010', 'U6137']",2
U8085,"['U1051', 'U8195', 'U7853', 'U9124', 'U12987', 'U1246', 'U4489', 'U7664']",8
U8086,"['U8380', 'U13949', 'U13887', 'U14097']",4
U8087,"['U6971', 'U4678', 'U9422', 'U1381']",4
U8088,"['U7105', 'U5031', 'U1347', 'U5685', 'U11228', 'U7959']",6
U8089,"['U14924', 'U3418', 'U13887', 'U3901', 'U3793']",5
U8090,"['U8836', 'U8495', 'U250', 'U820', 'U2157', 'U14524']",6
U8091,"['U10435', 'U8200', 'U14818', 'U4583', 'U13659', 'U10304', 'U3429', 'U5991', 'U11302']",9
U8092,"['U4473', 'U14407', 'U26', 'U5339', 'U1902', 'U11208']",6
U8093,"['U5008', 'U4981', 'U9557', 'U93', 'U3726', 'U11827', 'U13306', 'U7848']",8
U8094,"['U8679', 'U11717', 'U4374']",3
U8095,"['U11806', 'U14160', 'U10634']",3
U8096,"['U10622', 'U2305', 'U8054']",3
U8097,['U4209'],1
U8098,"['U7063', 'U10686', 'U2387', 'U4287', 'U264', 'U1510']",6
U8099,"['U4302', 'U3882', 'U2784', 'U5618']",4
U8100,"['U6634', 'U9171', 'U5459', 'U10881', 'U7791']",5
U8101,"['U294', 'U9338', 'U6200', 'U13197', 'U6326']",5
U8102,"['U11959', 'U113', 'U2642', 'U7309', 'U6008', 'U13542']",6
U8103,"['U4334', 'U2189', 'U6077', 'U264', 'U13458', 'U5643', 'U4986']",7
U8104,"['U8528', 'U14353', 'U11043', 'U7334']",4
U8105,"['U7756', 'U11321', 'U7402']",3
U8106,"['U8619', 'U9506']",2
U8107,['U2843'],1
U8108,"['U1850', 'U953', 'U7688', 'U538']",4
U8109,"['U1345', 'U5718', 'U10528', 'U6655', 'U1257', 'U8287', 'U6139']",7
U8110,"['U10817', 'U2156', 'U10964', 'U13910']",4
U8111,"['U7734', 'U2258', 'U1560', 'U7562']",4
U8112,"['U10737', 'U9531', 'U9018']",3
U8113,"['U9943', 'U192', 'U12471', 'U8923', 'U3638', 'U12393']",6
U8114,"['U2676', 'U7324']",2
U8115,['U12295'],1
U8116,"['U7172', 'U2827', 'U10466', 'U14215', 'U475']",5
U8117,"['U13306', 'U2381', 'U79', 'U6167', 'U325']",5
U8118,"['U339', 'U5975', 'U11000', 'U9931', 'U7360']",5
U8119,"['U14865', 'U3513', 'U1771', 'U4725', 'U13431', 'U7600', 'U7778', 'U9779']",8
U8120,"['U3759', 'U1095', 'U13423', 'U12635', 'U1580', 'U347', 'U5721', 'U3188']",8
U8121,"['U7513', 'U6225', 'U9376', 'U6962', 'U4618']",5
U8122,"['U9242', 'U11063', 'U5442', 'U5462', 'U1765', 'U10660', 'U2326']",7
U8123,"['U6408', 'U4285', 'U11672', 'U9044', 'U11652', 'U1296', 'U7342']",7
U8124,"['U3222', 'U5196', 'U3710', 'U9016', 'U1925', 'U8189', 'U8642', 'U862']",8
U8125,"['U8232', 'U14130', 'U13847', 'U8670', 'U1700', 'U13246']",6
U8126,"['U12238', 'U11912', 'U10483', 'U12627', 'U4825', 'U9607', 'U3568', 'U3880']",8
U8127,"['U12755', 'U13321']",2
U8128,"['U3263', 'U10918', 'U12073', 'U10699', 'U435']",5
U8129,"['U7079', 'U6837', 'U13836', 'U13381', 'U5779', 'U11838', 'U8279']",7
U8130,"['U8858', 'U14551', 'U10853', 'U4789']",4
U8131,"['U6201', 'U7683']",2
U8132,"['U5987', 'U1184', 'U12035', 'U2602']",4
U8133,"['U11214', 'U1775', 'U7155', 'U2744', 'U632']",5
U8134,"['U7904', 'U14608']",2
U8135,"['U7296', 'U249', 'U5976']",3
U8136,"['U10369', 'U11888']",2
U8137,"['U10574', 'U4650', 'U12312', 'U8008', 'U7875']",5
U8138,"['U7649', 'U13018']",2
U8139,"['U9030', 'U7510']",2
U8140,"['U11221', 'U13840']",2
U8141,"['U4031', 'U760', 'U10078', 'U10918']",4
U8142,"['U3537', 'U8199', 'U10462', 'U4010', 'U12936', 'U14013']",6
U8143,"['U8333', 'U4258', 'U5703', 'U11534']",4
U8144,"['U9567', 'U14449', 'U2367']",3
U8145,"['U9439', 'U7182']",2
U8146,"['U12327', 'U12320', 'U2478', 'U11551']",4
U8147,"['U2151', 'U8859', 'U6394', 'U7979', 'U3337', 'U14127', 'U917', 'U14218', 'U6755']",9
U8148,"['U600', 'U272']",2
U8149,"['U9381', 'U5861']",2
U8150,"['U5213', 'U11552', 'U5895', 'U4560', 'U6874']",5
U8151,"['U12970', 'U1069', 'U11827', 'U7423']",4
U8152,"['U4538', 'U5020', 'U13863', 'U10408', 'U11204', 'U1669']",6
U8153,['U14841'],1
U8154,"['U9404', 'U7094', 'U9875', 'U12125']",4
U8155,"['U3058', 'U5934', 'U2908']",3
U8156,"['U6042', 'U7013', 'U6428', 'U669']",4
U8157,"['U513', 'U14388', 'U6907', 'U9490', 'U235', 'U11522', 'U8047', 'U12458']",8
U8158,"['U9741', 'U9228']",2
U8159,"['U7889', 'U11398', 'U10518', 'U14499']",4
U8160,"['U7878', 'U4435', 'U9145', 'U6215', 'U9362', 'U12924', 'U8502']",7
U8161,"['U9715', 'U5900', 'U2871', 'U5853', 'U6664', 'U8810']",6
U8162,"['U8402', 'U452']",2
U8163,"['U9401', 'U3337', 'U13410']",3
U8164,"['U11724', 'U3162']",2
U8165,"['U14822', 'U11752']",2
U8166,"['U2023', 'U13944', 'U9265', 'U6152', 'U6681', 'U8679', 'U11121']",7
U8167,"['U3603', 'U1799', 'U6906', 'U2644', 'U7709']",5
U8168,"['U13971', 'U3595', 'U8937', 'U6988', 'U4046', 'U12089', 'U2901', 'U12946']",8
U8169,"['U13260', 'U7890', 'U10764']",3
U8170,"['U2777', 'U1072', 'U7434', 'U13803', 'U13409', 'U12442', 'U9370']",7
U8171,"['U7978', 'U3946', 'U2720', 'U1022', 'U14170', 'U5193', 'U10493', 'U6016']",8
U8172,"['U9451', 'U9086', 'U7222', 'U12931', 'U7511', 'U5502']",6
U8173,"['U14277', 'U11233', 'U8517', 'U12447', 'U11217']",5
U8174,"['U14028', 'U12431']",2
U8175,"['U13995', 'U13071', 'U5904', 'U1327', 'U6342', 'U13673', 'U10381']",7
U8176,"['U3612', 'U10462', 'U6539', 'U14481', 'U12228']",5
U8177,"['U8694', 'U5789', 'U8867', 'U12687']",4
U8178,"['U5011', 'U1420', 'U10864', 'U288']",4
U8179,"['U2512', 'U1287']",2
U8180,"['U3897', 'U4449', 'U78', 'U5008', 'U10187', 'U12150']",6
U8181,"['U13999', 'U7299', 'U12574']",3
U8182,"['U12583', 'U11699', 'U42', 'U10271', 'U7093', 'U12588', 'U1879', 'U190', 'U3451']",9
U8183,"['U3631', 'U13367', 'U3206', 'U4428', 'U14887', 'U12854', 'U4159']",7
U8184,"['U13990', 'U6511', 'U1955', 'U11269']",4
U8185,"['U4032', 'U12936', 'U66', 'U13463']",4
U8186,"['U4932', 'U3871']",2
U8187,"['U2538', 'U4170', 'U10370', 'U13321']",4
U8188,"['U2909', 'U3204', 'U2507', 'U11149', 'U12502']",5
U8189,"['U12903', 'U10095', 'U4734', 'U6714', 'U3780']",5
U8190,"['U9336', 'U3712', 'U4084', 'U2942', 'U14434', 'U8582']",6
U8191,"['U11434', 'U8479', 'U5044', 'U7513', 'U10653', 'U11133']",6
U8192,"['U10696', 'U13889', 'U8813', 'U2868', 'U98', 'U12331', 'U570']",7
U8193,"['U14023', 'U10085', 'U11168']",3
U8194,"['U3374', 'U9147', 'U1489']",3
U8195,"['U7805', 'U11625', 'U3972', 'U2920', 'U6858', 'U1599']",6
U8196,"['U4218', 'U12979', 'U9411']",3
U8197,"['U7289', 'U5130']",2
U8198,"['U684', 'U11458', 'U6191', 'U1076', 'U9551']",5
U8199,"['U7273', 'U13413']",2
U8200,"['U11148', 'U11802', 'U7538', 'U4040', 'U13143', 'U3308']",6
U8201,"['U12401', 'U896', 'U14037', 'U9410', 'U6459', 'U328', 'U1761', 'U8881', 'U11184']",9
U8202,"['U6107', 'U4284', 'U9103', 'U10998', 'U5273', 'U10886', 'U1474', 'U9754', 'U14635']",9
U8203,"['U145', 'U8420']",2
U8204,"['U2000', 'U13818', 'U2131', 'U45', 'U4237', 'U7217']",6
U8205,"['U8104', 'U9391', 'U3697']",3
U8206,"['U10387', 'U2439', 'U13388', 'U13976', 'U1280']",5
U8207,"['U6466', 'U2772', 'U6700']",3
U8208,['U13499'],1
U8209,"['U10678', 'U11064', 'U14020']",3
U8210,"['U8462', 'U4000', 'U11220', 'U12402']",4
U8211,"['U9870', 'U8933', 'U1018', 'U8855']",4
U8212,"['U11291', 'U4168', 'U12465', 'U7959', 'U2135']",5
U8213,"['U2082', 'U5297', 'U11483', 'U904', 'U348', 'U9000', 'U7236']",7
U8214,"['U5303', 'U10991']",2
U8215,"['U6358', 'U6643']",2
U8216,"['U14101', 'U12105', 'U8425', 'U3314']",4
U8217,"['U1900', 'U14392', 'U10145']",3
U8218,"['U41', 'U12392', 'U5857', 'U3280', 'U7327', 'U10549']",6
U8219,"['U13427', 'U498', 'U12074']",3
U8220,"['U9079', 'U14873', 'U5285', 'U13885', 'U9698', 'U7783', 'U13201', 'U7328']",8
U8221,['U11522'],1
U8222,"['U2802', 'U4845', 'U10305', 'U311', 'U14792']",5
U8223,"['U3271', 'U8438', 'U7763', 'U10880', 'U11908']",5
U8224,"['U14996', 'U1802', 'U7903']",3
U8225,"['U5487', 'U10588', 'U12457', 'U5584', 'U8334', 'U11326', 'U14193', 'U1557', 'U13588']",9
U8226,"['U14860', 'U4403', 'U12826']",3
U8227,"['U2111', 'U14023', 'U10863', 'U1437', 'U3232']",5
U8228,"['U2099', 'U14804', 'U9956', 'U1365']",4
U8229,"['U3133', 'U9246', 'U771']",3
U8230,"['U3451', 'U9926', 'U13472', 'U12754', 'U10325']",5
U8231,"['U2464', 'U7965', 'U7663']",3
U8232,"['U13692', 'U5752', 'U5395', 'U11379', 'U2517', 'U425', 'U7653']",7
U8233,"['U11273', 'U2103']",2
U8234,"['U3408', 'U11124']",2
U8235,"['U7498', 'U8866', 'U4452', 'U7205', 'U13370']",5
U8236,"['U1758', 'U462']",2
U8237,"['U9827', 'U9366', 'U6136', 'U2525', 'U3112', 'U7988']",6
U8238,"['U8692', 'U9834', 'U14586', 'U7142']",4
U8239,"['U3145', 'U3902']",2
U8240,"['U5832', 'U591', 'U9458', 'U14793', 'U8632', 'U2397']",6
U8241,"['U14583', 'U14844', 'U5595', 'U12208', 'U5770']",5
U8242,"['U8510', 'U2696']",2
U8243,"['U3483', 'U3653', 'U1291', 'U10054', 'U4262', 'U12318', 'U2962', 'U11398', 'U10280']",9
U8244,"['U8267', 'U3030', 'U13204', 'U8707', 'U10176', 'U4541', 'U5156', 'U8434', 'U284']",9
U8245,"['U1269', 'U13560', 'U6704', 'U13547', 'U8125']",5
U8246,['U3602'],1
U8247,"['U13362', 'U5889', 'U1643', 'U2576', 'U13999', 'U10986', 'U1517', 'U2751']",8
U8248,"['U7137', 'U4655', 'U13388']",3
U8249,"['U12381', 'U839', 'U3357']",3
U8250,"['U3729', 'U10371']",2
U8251,"['U6118', 'U2888', 'U11556', 'U7878', 'U643', 'U10388']",6
U8252,"['U2119', 'U13298', 'U451', 'U13486', 'U12756', 'U5953']",6
U8253,['U7574'],1
U8254,"['U14288', 'U10749', 'U3503', 'U12256']",4
U8255,"['U14635', 'U2737', 'U5040', 'U9084', 'U1871', 'U1074']",6
U8256,"['U7749', 'U9807', 'U11623', 'U14540', 'U5077']",5
U8257,"['U5733', 'U4882', 'U731', 'U4565', 'U10104', 'U791']",6
U8258,"['U321', 'U5344', 'U10991', 'U4291']",4
U8259,"['U12557', 'U12287', 'U2306', 'U14770', 'U12186', 'U10745', 'U11544', 'U14622']",8
U8260,"['U6657', 'U12868']",2
U8261,"['U14969', 'U2960', 'U6854', 'U12653']",4
U8262,"['U1519', 'U8419', 'U5103']",3
U8263,['U4792'],1
U8264,"['U9047', 'U13176', 'U12688', 'U5757', 'U8407', 'U13422', 'U2125', 'U9624']",8
U8265,"['U4275', 'U846', 'U2600', 'U4173', 'U7144']",5
U8266,"['U7672', 'U8150', 'U8051', 'U80', 'U2915']",5
U8267,"['U1603', 'U12603', 'U4269', 'U14348']",4
U8268,"['U6443', 'U4901', 'U1711', 'U4035']",4
U8269,"['U2431', 'U8595', 'U1087', 'U3706', 'U13373']",5
U8270,"['U12915', 'U13548']",2
U8271,"['U9882', 'U10011', 'U2393']",3
U8272,"['U14456', 'U8649', 'U2167', 'U14639']",4
U8273,"['U5799', 'U11600']",2
U8274,['U4976'],1
U8275,"['U11621', 'U7801', 'U5444', 'U8922', 'U5618', 'U6621', 'U6682']",7
U8276,"['U1255', 'U7494', 'U6566', 'U7776', 'U1833', 'U3125']",6
U8277,"['U1278', 'U10154', 'U5496', 'U14395', 'U4665', 'U9100', 'U3595']",7
U8278,"['U13970', 'U4907', 'U3093', 'U12698', 'U13360', 'U12258']",6
U8279,"['U5588', 'U13860', 'U6844', 'U8012', 'U12003', 'U11970', 'U12507']",7
U8280,"['U7044', 'U5297', 'U2866', 'U11588', 'U1665', 'U3888']",6
U8281,"['U3530', 'U6924', 'U13965', 'U1571', 'U9341']",5
U8282,"['U5148', 'U4688', 'U3181']",3
U8283,"['U7877', 'U6828', 'U9048', 'U1114', 'U842', 'U6541', 'U8', 'U9068', 'U12696']",9
U8284,"['U12329', 'U6405', 'U12319', 'U6322', 'U6835']",5
U8285,"['U5251', 'U7958', 'U9691', 'U11963', 'U3802']",5
U8286,"['U210', 'U8894', 'U10717', 'U6805', 'U13302', 'U2557', 'U6998', 'U9763', 'U12622']",9
U8287,"['U10428', 'U487', 'U5999']",3
U8288,"['U374', 'U4534', 'U9392', 'U11773', 'U11228', 'U367', 'U13367', 'U5041']",8
U8289,"['U13484', 'U4543', 'U5060', 'U14532', 'U1063', 'U8816']",6
U8290,"['U4619', 'U9395', 'U14726', 'U3400']",4
U8291,"['U5817', 'U14457', 'U5054']",3
U8292,"['U7103', 'U7399', 'U6678']",3
U8293,"['U8710', 'U3866', 'U1252', 'U10715', 'U12430', 'U2576', 'U2013']",7
U8294,"['U484', 'U5290', 'U3922', 'U7907']",4
U8295,"['U3913', 'U9846', 'U11366', 'U12719']",4
U8296,"['U12815', 'U11386']",2
U8297,"['U306', 'U9050', 'U10986']",3
U8298,"['U6262', 'U4376', 'U4577']",3
U8299,"['U13040', 'U2432', 'U1617', 'U1224', 'U8377']",5
U8300,"['U435', 'U13645', 'U1730', 'U5210', 'U13808']",5
U8301,"['U8412', 'U11376', 'U3533', 'U2465', 'U12297', 'U1444', 'U7595', 'U8657']",8
U8302,"['U9577', 'U14342', 'U14606', 'U4524', 'U1020']",5
U8303,"['U1979', 'U2684', 'U11599', 'U7732', 'U8532']",5
U8304,"['U14211', 'U9963', 'U7275', 'U6048']",4
U8305,"['U3386', 'U5058', 'U10465', 'U7555', 'U10943']",5
U8306,"['U13871', 'U2538', 'U8816', 'U3602', 'U537', 'U7834']",6
U8307,"['U4336', 'U9137', 'U11583', 'U12839', 'U4452']",5
U8308,"['U11405', 'U14044', 'U3923', 'U719', 'U11273', 'U13820']",6
U8309,"['U3820', 'U11261', 'U8275']",3
U8310,"['U3123', 'U11069', 'U4751', 'U13794', 'U3042', 'U11971', 'U8315', 'U1418']",8
U8311,"['U5342', 'U4846', 'U4078', 'U5301']",4
U8312,"['U14236', 'U25', 'U3364', 'U9250', 'U7531', 'U9574', 'U1106']",7
U8313,[],0
U8314,"['U4743', 'U6496', 'U13656', 'U11017', 'U13898']",5
U8315,['U5551'],1
U8316,"['U6519', 'U13124', 'U6762']",3
U8317,"['U12314', 'U3148', 'U9997', 'U6429', 'U6926']",5
U8318,"['U8216', 'U2348', 'U1437', 'U9871']",4
U8319,"['U2275', 'U6418', 'U3810', 'U51', 'U6180']",5
U8320,"['U11052', 'U13952']",2
U8321,"['U3704', 'U14630']",2
U8322,"['U8046', 'U6844', 'U10938', 'U2916']",4
U8323,"['U12904', 'U447', 'U7878', 'U1879', 'U11412']",5
U8324,"['U7373', 'U9626', 'U9414', 'U10278', 'U13710', 'U4629', 'U7109', 'U11832']",8
U8325,"['U2313', 'U12976', 'U2567']",3
U8326,"['U1758', 'U4514', 'U1846']",3
U8327,"['U8384', 'U6667', 'U3454', 'U8570']",4
U8328,"['U353', 'U10154', 'U10125', 'U4224', 'U14011']",5
U8329,"['U13011', 'U14426', 'U14954', 'U1295', 'U1626', 'U2280', 'U14732']",7
U8330,"['U11015', 'U2155', 'U13176']",3
U8331,"['U5518', 'U14394', 'U13613', 'U12037', 'U6127']",5
U8332,"['U493', 'U3554', 'U2121', 'U4908']",4
U8333,"['U13609', 'U10954', 'U7768']",3
U8334,['U9907'],1
U8335,"['U3585', 'U385', 'U186', 'U13671', 'U5090', 'U8268']",6
U8336,"['U4605', 'U13165', 'U14154', 'U6634', 'U4407', 'U9886', 'U4407', 'U11395']",8
U8337,['U11487'],1
U8338,"['U5777', 'U3317', 'U5018', 'U4768', 'U190', 'U14004', 'U12016']",7
U8339,"['U2796', 'U14456', 'U5038', 'U2747', 'U12855']",5
U8340,"['U12171', 'U3999', 'U3903', 'U14354', 'U6208', 'U4623', 'U11581']",7
U8341,"['U14244', 'U4561']",2
U8342,"['U14679', 'U12156']",2
U8343,['U5041'],1
U8344,"['U11237', 'U2257', 'U7089', 'U6240', 'U10246', 'U327']",6
U8345,"['U14953', 'U12285', 'U11531', 'U5558']",4
U8346,"['U14512', 'U4132', 'U13842', 'U13296', 'U8221', 'U12936']",6
U8347,"['U13022', 'U7812', 'U8890', 'U9590']",4
U8348,"['U12220', 'U4778', 'U4891', 'U9970', 'U430', 'U4090']",6
U8349,"['U7865', 'U13238']",2
U8350,"['U5827', 'U2788', 'U1589', 'U13747']",4
U8351,"['U14324', 'U10906']",2
U8352,"['U12850', 'U7664', 'U8154', 'U12435', 'U892', 'U229']",6
U8353,"['U4116', 'U3916', 'U5635', 'U4719', 'U9656', 'U3291']",6
U8354,"['U10038', 'U10406', 'U11899', 'U2404']",4
U8355,"['U10964', 'U6986', 'U11968', 'U6936', 'U14245', 'U5037']",6
U8356,"['U13307', 'U764', 'U756', 'U11040', 'U9210', 'U6891']",6
U8357,"['U2942', 'U12386', 'U3753', 'U1872']",4
U8358,"['U11323', 'U12862', 'U12005', 'U9434', 'U13736']",5
U8359,"['U13041', 'U624', 'U1157', 'U12281', 'U703', 'U3967']",6
U8360,"['U13986', 'U13763', 'U7220', 'U5054']",4
U8361,"['U11345', 'U1902', 'U8018', 'U11097', 'U7441', 'U4598', 'U11274']",7
U8362,"['U6433', 'U1151', 'U14196', 'U2922']",4
U8363,"['U14352', 'U13277']",2
U8364,"['U14461', 'U946', 'U2585', 'U9519', 'U7250', 'U683']",6
U8365,"['U9889', 'U7643', 'U1990', 'U2736', 'U8964']",5
U8366,"['U248', 'U10431', 'U8091', 'U10600']",4
U8367,"['U6819', 'U3117', 'U5836', 'U7696', 'U3022', 'U7553']",6
U8368,"['U14860', 'U1185', 'U5023']",3
U8369,"['U1485', 'U14430', 'U3122', 'U14929', 'U1414']",5
U8370,"['U13184', 'U6061', 'U13923', 'U6918', 'U4381', 'U8839']",6
U8371,"['U14381', 'U8828', 'U8802', 'U14576', 'U708', 'U9933']",6
U8372,"['U13778', 'U3953', 'U10624', 'U2534', 'U4210', 'U6870']",6
U8373,"['U865', 'U8417', 'U2638', 'U14779', 'U282', 'U526']",6
U8374,"['U4498', 'U10950', 'U4478', 'U5767']",4
U8375,"['U13793', 'U2661', 'U8791', 'U2833', 'U9731', 'U10644', 'U2556', 'U5518']",8
U8376,['U11127'],1
U8377,"['U10659', 'U6604']",2
U8378,"['U6570', 'U14446', 'U8216', 'U10865', 'U12308']",5
U8379,['U12507'],1
U8380,['U13874'],1
U8381,"['U2930', 'U7619', 'U1596']",3
U8382,['U13652'],1
U8383,"['U8494', 'U4810', 'U3308', 'U2282', 'U10134', 'U12665', 'U7111', 'U2487']",8
U8384,"['U9366', 'U5204', 'U3068', 'U2388', 'U12022']",5
U8385,"['U14458', 'U3271']",2
U8386,"['U6256', 'U6291', 'U4819', 'U11947', 'U13540', 'U10835', 'U10686']",7
U8387,"['U10240', 'U3189', 'U4115', 'U7903', 'U10552']",5
U8388,['U1564'],1
U8389,"['U12446', 'U13596', 'U9500', 'U12912', 'U7233']",5
U8390,"['U5394', 'U4639', 'U6365', 'U5388', 'U7022', 'U2066']",6
U8391,"['U14765', 'U10143', 'U6776', 'U9594', 'U9749', 'U4183']",6
U8392,"['U3059', 'U2042']",2
U8393,"['U240', 'U9622', 'U11401', 'U9898', 'U7012', 'U2623']",6
U8394,"['U14873', 'U6773', 'U5726', 'U9916']",4
U8395,"['U3839', 'U932', 'U14783', 'U8039', 'U6823']",5
U8396,"['U5808', 'U11265', 'U7890']",3
U8397,"['U9948', 'U10113', 'U8043', 'U6320', 'U7234']",5
U8398,"['U529', 'U8344', 'U4329', 'U12461', 'U11762', 'U10922', 'U12264', 'U4716', 'U2846', 'U8179']",10
U8399,"['U10927', 'U8815', 'U8899', 'U8574']",4
U8400,"['U3850', 'U8789', 'U11760', 'U12845', 'U11975', 'U5548']",6
U8401,"['U11615', 'U9076', 'U13164', 'U641', 'U4056', 'U3279']",6
U8402,"['U13782', 'U5056', 'U7880', 'U11251', 'U9899']",5
U8403,"['U14878', 'U4164', 'U4458', 'U6902', 'U8101', 'U3271']",6
U8404,"['U6236', 'U4309', 'U1056', 'U11779']",4
U8405,"['U14147', 'U12872', 'U8481', 'U12670', 'U10442', 'U3668']",6
U8406,"['U506', 'U5390']",2
U8407,"['U3747', 'U10424', 'U1764', 'U11354']",4
U8408,"['U9264', 'U12880', 'U1283', 'U11792']",4
U8409,['U6964'],1
U8410,"['U3499', 'U8951', 'U2330', 'U2506', 'U13557', 'U5087', 'U12977', 'U7324', 'U14003']",9
U8411,"['U5000', 'U10964', 'U3122', 'U3140', 'U8677', 'U9595', 'U3053']",7
U8412,"['U5811', 'U6445', 'U7672', 'U10943']",4
U8413,"['U8756', 'U7996', 'U14200', 'U3820', 'U11183', 'U601', 'U10073']",7
U8414,"['U33', 'U11223']",2
U8415,"['U10298', 'U2474', 'U1186', 'U12613', 'U7133', 'U6511']",6
U8416,"['U11949', 'U10194', 'U6075']",3
U8417,['U14691'],1
U8418,"['U13242', 'U10094', 'U4656', 'U5251', 'U4544', 'U13124', 'U4109', 'U9001', 'U12061']",9
U8419,"['U8836', 'U12095', 'U11944', 'U2143', 'U9803']",5
U8420,"['U4331', 'U3363', 'U5941']",3
U8421,"['U6633', 'U7930', 'U110', 'U1966', 'U14322']",5
U8422,"['U11362', 'U14573', 'U8988']",3
U8423,"['U12094', 'U1760', 'U6929', 'U194']",4
U8424,"['U8924', 'U4775', 'U3065', 'U417', 'U6132', 'U12894', 'U12917', 'U5500', 'U6351', 'U7101', 'U9459', 'U4878']",12
U8425,"['U13454', 'U3997', 'U2564']",3
U8426,"['U5105', 'U14219']",2
U8427,"['U5108', 'U4057', 'U9173', 'U4616', 'U7171']",5
U8428,"['U8748', 'U10037', 'U8521', 'U3857']",4
U8429,['U4793'],1
U8430,"['U1460', 'U5639', 'U4637', 'U3641', 'U4339', 'U4251', 'U8545', 'U8125']",8
U8431,"['U8268', 'U13570', 'U8231']",3
U8432,"['U7741', 'U10153', 'U7909', 'U10198']",4
U8433,"['U3193', 'U2502', 'U2398', 'U5497', 'U13751']",5
U8434,"['U3205', 'U14349', 'U3035', 'U5734', 'U1055', 'U7363', 'U14352']",7
U8435,"['U6411', 'U6427', 'U574', 'U10942', 'U12719']",5
U8436,"['U9044', 'U7818', 'U4914', 'U11583', 'U3743', 'U13047', 'U11643', 'U7806']",8
U8437,"['U3498', 'U9554']",2
U8438,"['U3400', 'U7914', 'U6454', 'U13466', 'U13042', 'U6298', 'U14483', 'U2104', 'U11764', 'U3043', 'U11931']",11
U8439,"['U1938', 'U4046', 'U9233', 'U2306', 'U822']",5
U8440,"['U14462', 'U2949', 'U8679', 'U9822', 'U8053', 'U9544', 'U12701']",7
U8441,"['U9971', 'U6475', 'U3499', 'U462', 'U12279', 'U5113']",6
U8442,"['U6435', 'U10131', 'U8791', 'U11709', 'U11056']",5
U8443,"['U11940', 'U8485', 'U13872', 'U3472', 'U11928', 'U6508']",6
U8444,"['U13080', 'U10978', 'U7454']",3
U8445,"['U13596', 'U6987', 'U13757', 'U7245', 'U9812']",5
U8446,"['U175', 'U3011', 'U8039', 'U8578', 'U14869', 'U6787', 'U8939', 'U3423', 'U2904']",9
U8447,"['U979', 'U12526', 'U523', 'U2930', 'U6938', 'U3620', 'U9404', 'U321', 'U2304', 'U10219']",10
U8448,"['U3868', 'U4719']",2
U8449,"['U13591', 'U2917']",2
U8450,"['U7430', 'U9364', 'U4014', 'U1743']",4
U8451,"['U13952', 'U1856', 'U8340']",3
U8452,"['U7590', 'U7518', 'U10099', 'U8898']",4
U8453,"['U186', 'U1479', 'U14826']",3
U8454,"['U5033', 'U6428', 'U1918', 'U8037', 'U3887']",5
U8455,"['U4324', 'U6939', 'U6147', 'U799', 'U12069', 'U483', 'U2493']",7
U8456,"['U4955', 'U316', 'U14361']",3
U8457,"['U11455', 'U3270', 'U5949', 'U9683', 'U1698', 'U7438']",6
U8458,"['U12231', 'U13378', 'U3482', 'U13635']",4
U8459,"['U3811', 'U7070', 'U12309', 'U5838', 'U13501']",5
U8460,"['U7720', 'U11466', 'U14826', 'U13557', 'U11310', 'U10182']",6
U8461,"['U10189', 'U4708']",2
U8462,"['U3952', 'U6941', 'U14675', 'U914', 'U9462']",5
U8463,"['U5540', 'U3333', 'U6373', 'U13654', 'U5501']",5
U8464,"['U1061', 'U12322', 'U12317', 'U11476', 'U10711', 'U745', 'U12508']",7
U8465,"['U10324', 'U2911', 'U185']",3
U8466,"['U10403', 'U9014', 'U3774', 'U14043', 'U1336', 'U1804', 'U14946', 'U13096']",8
U8467,"['U3276', 'U4571', 'U87']",3
U8468,"['U867', 'U7363', 'U1727', 'U12435', 'U2346', 'U3711']",6
U8469,"['U3351', 'U11209', 'U2908']",3
U8470,"['U11009', 'U2254', 'U4666', 'U11822', 'U10566']",5
U8471,"['U5600', 'U10146', 'U5919', 'U7768', 'U849', 'U7098', 'U9408', 'U11468']",8
U8472,['U4659'],1
U8473,"['U10652', 'U13467', 'U3665', 'U12577']",4
U8474,"['U6203', 'U1156', 'U2544', 'U1594', 'U14489', 'U11745']",6
U8475,"['U7724', 'U2457', 'U5458', 'U2202', 'U8567', 'U8712']",6
U8476,"['U8730', 'U10875', 'U7825', 'U10414']",4
U8477,"['U5113', 'U5953']",2
U8478,"['U10963', 'U14521', 'U10931', 'U7391', 'U10477', 'U2267', 'U6021', 'U6724']",8
U8479,"['U5159', 'U1553', 'U14850', 'U6554', 'U5690', 'U48', 'U3025', 'U2571']",8
U8480,"['U5293', 'U13768', 'U8528', 'U920', 'U3459']",5
U8481,"['U13217', 'U453', 'U10217', 'U12550', 'U3474', 'U10423', 'U11331', 'U13020']",8
U8482,"['U14647', 'U13883', 'U7625']",3
U8483,"['U8597', 'U13327', 'U1407', 'U230', 'U8809']",5
U8484,"['U6347', 'U1823', 'U5067', 'U11040']",4
U8485,"['U3802', 'U278', 'U7536', 'U9556', 'U11439', 'U1116']",6
U8486,"['U9975', 'U7522', 'U4115', 'U2138', 'U12797', 'U2056', 'U5067']",7
U8487,"['U5841', 'U2431', 'U8593', 'U8608', 'U12456']",5
U8488,"['U2453', 'U3426', 'U13634', 'U5193', 'U5331']",5
U8489,"['U14339', 'U6591', 'U9235', 'U7654', 'U13144']",5
U8490,"['U7065', 'U8783', 'U11415', 'U6906', 'U3567', 'U9723']",6
U8491,"['U12916', 'U3842', 'U4595', 'U7033', 'U11316']",5
U8492,"['U11440', 'U10131', 'U14230', 'U4380', 'U4714']",5
U8493,"['U8148', 'U14144', 'U7456', 'U12449', 'U10596', 'U9531', 'U5481', 'U2853']",8
U8494,"['U491', 'U5566']",2
U8495,"['U6712', 'U5595', 'U404', 'U12661', 'U3830', 'U8754', 'U8407', 'U262']",8
U8496,"['U6127', 'U12669', 'U3240', 'U11740', 'U9397']",5
U8497,"['U2534', 'U8417', 'U1447', 'U6594', 'U5272']",5
U8498,"['U13262', 'U14050', 'U8337', 'U2370', 'U4642']",5
U8499,"['U5741', 'U11024', 'U14170', 'U6949', 'U11263', 'U5940', 'U6168']",7
U8500,"['U9220', 'U357', 'U953', 'U5085', 'U6336', 'U7565']",6
U8501,"['U14232', 'U2760']",2
U8502,"['U10190', 'U14789', 'U13294', 'U13214', 'U9635', 'U13486', 'U3609', 'U1108']",8
U8503,"['U1369', 'U12267', 'U5092', 'U13058', 'U13632', 'U14409']",6
U8504,"['U9621', 'U12627', 'U3423', 'U12333', 'U7323']",5
U8505,"['U1303', 'U5480', 'U12757', 'U1531', 'U1764', 'U9259']",6
U8506,"['U5267', 'U2365', 'U3627', 'U716', 'U10526']",5
U8507,"['U8493', 'U5126', 'U14777', 'U12017', 'U1955', 'U11633']",6
U8508,"['U2017', 'U3507', 'U3374', 'U8103', 'U5753', 'U11281', 'U13281']",7
U8509,"['U3845', 'U2677']",2
U8510,"['U11299', 'U14478', 'U8309', 'U30', 'U8863']",5
U8511,"['U7563', 'U8750', 'U11394', 'U1778', 'U13357', 'U3909', 'U11311', 'U908']",8
U8512,"['U5133', 'U13028', 'U2440']",3
U8513,"['U6207', 'U13655', 'U496', 'U7617', 'U9778']",5
U8514,"['U579', 'U14726', 'U6013', 'U9616', 'U11953', 'U10963', 'U13820', 'U7602', 'U12138']",9
U8515,"['U2632', 'U1913', 'U2494', 'U11484', 'U14469', 'U12077']",6
U8516,['U1200'],1
U8517,"['U11081', 'U1658', 'U13800', 'U8838', 'U13412', 'U13722', 'U1802', 'U13160', 'U1303']",9
U8518,"['U3572', 'U8951', 'U6040', 'U14366']",4
U8519,"['U7779', 'U6873', 'U8209', 'U10778', 'U14380']",5
U8520,"['U4975', 'U1755', 'U305', 'U8807', 'U7887', 'U13988', 'U6700', 'U4098', 'U14728', 'U8505', 'U11493', 'U8202']",12
U8521,[],0
U8522,"['U6056', 'U3125', 'U3570', 'U3454', 'U9231', 'U11323', 'U5289']",7
U8523,"['U9805', 'U7517', 'U3527', 'U6548']",4
U8524,['U4005'],1
U8525,"['U7806', 'U7368', 'U11174', 'U11351']",4
U8526,"['U4984', 'U645', 'U1098', 'U8704']",4
U8527,"['U4819', 'U9365', 'U6246', 'U8726', 'U4257', 'U1660', 'U13382']",7
U8528,"['U4033', 'U3641', 'U605', 'U14375', 'U9297', 'U14576', 'U13261', 'U14280']",8
U8529,"['U14630', 'U6192', 'U694', 'U2530', 'U7381', 'U13325', 'U2786', 'U2686']",8
U8530,"['U4964', 'U10024', 'U13592', 'U3382', 'U432', 'U6134']",6
U8531,"['U4567', 'U1844', 'U5992', 'U6610', 'U1035', 'U3011', 'U4557']",7
U8532,"['U3804', 'U3863', 'U127', 'U3898', 'U6857', 'U7206', 'U1109', 'U1369']",8
U8533,"['U4727', 'U11727', 'U13580', 'U14231', 'U8658', 'U2869', 'U4451', 'U14263', 'U4553']",9
U8534,"['U13740', 'U6455', 'U4439']",3
U8535,"['U11778', 'U8007', 'U5326', 'U7875']",4
U8536,"['U2344', 'U12549', 'U6398', 'U10943', 'U12003', 'U14669']",6
U8537,"['U13810', 'U11894', 'U3923']",3
U8538,"['U1521', 'U4971', 'U6094', 'U13875', 'U10269', 'U13944', 'U2755']",7
U8539,"['U13848', 'U7404', 'U14409', 'U2534', 'U1898']",5
U8540,"['U13263', 'U4022', 'U1019', 'U14467', 'U2966', 'U5604', 'U9676']",7
U8541,"['U11894', 'U12145']",2
U8542,"['U7102', 'U14561', 'U546']",3
U8543,"['U1168', 'U10502', 'U12219', 'U13374', 'U1891']",5
U8544,"['U9934', 'U532', 'U9262', 'U14428']",4
U8545,"['U5458', 'U9574']",2
U8546,"['U7069', 'U976', 'U718', 'U10695', 'U4746']",5
U8547,"['U5501', 'U6182', 'U3279']",3
U8548,"['U13012', 'U11263', 'U10222', 'U8110']",4
U8549,"['U6989', 'U5033', 'U7890', 'U4552', 'U7296']",5
U8550,"['U9786', 'U9232', 'U7258', 'U2354', 'U661']",5
U8551,"['U13948', 'U2204']",2
U8552,"['U3211', 'U328']",2
U8553,"['U5523', 'U86', 'U13613', 'U13297', 'U13190', 'U5546']",6
U8554,"['U4064', 'U10590']",2
U8555,"['U2430', 'U13866', 'U11774', 'U2188', 'U12829', 'U3039', 'U9577']",7
U8556,"['U12933', 'U5263']",2
U8557,"['U14348', 'U6314', 'U3850']",3
U8558,"['U7380', 'U6059', 'U8075', 'U11657', 'U14133']",5
U8559,"['U9066', 'U5769', 'U327']",3
U8560,"['U8206', 'U4761']",2
U8561,"['U7420', 'U7622', 'U4949', 'U4995', 'U10325', 'U1732', 'U14884', 'U4391']",8
U8562,"['U13282', 'U1822', 'U7761', 'U480', 'U8323', 'U7659', 'U7689', 'U996']",8
U8563,"['U5938', 'U10556', 'U2497', 'U12556', 'U384']",5
U8564,"['U7305', 'U13956', 'U11729', 'U8157', 'U4233', 'U12370', 'U3951']",7
U8565,"['U9902', 'U7884', 'U3868', 'U13793', 'U3299']",5
U8566,"['U6894', 'U9373', 'U10520']",3
U8567,"['U535', 'U10555', 'U10384', 'U11564']",4
U8568,"['U4204', 'U12100', 'U5843', 'U4245']",4
U8569,"['U8376', 'U6659', 'U3106', 'U7547']",4
U8570,"['U7982', 'U4959', 'U5847', 'U2687']",4
U8571,"['U6626', 'U1395', 'U6022', 'U3673', 'U6300', 'U14115', 'U9085', 'U4512', 'U7813', 'U14529']",10
U8572,"['U654', 'U1103', 'U2835', 'U7460', 'U8683', 'U3043', 'U10330', 'U1927']",8
U8573,"['U3723', 'U7508', 'U10929', 'U4457', 'U11976', 'U14223', 'U10373', 'U11283']",8
U8574,"['U7228', 'U6500', 'U3122', 'U3966', 'U12682']",5
U8575,"['U5272', 'U12863', 'U3052', 'U13490', 'U14205', 'U10866', 'U9836']",7
U8576,"['U10361', 'U8399', 'U13558', 'U4323', 'U12971', 'U7927']",6
U8577,['U2179'],1
U8578,"['U12300', 'U6166', 'U371', 'U6421', 'U13559', 'U9222', 'U10622']",7
U8579,"['U14795', 'U8277', 'U5797', 'U310', 'U11619']",5
U8580,"['U10806', 'U7881', 'U12897']",3
U8581,"['U3704', 'U9127', 'U14450', 'U12664']",4
U8582,"['U14867', 'U2282', 'U11482', 'U4447', 'U1370']",5
U8583,"['U5978', 'U7643', 'U13983', 'U9260']",4
U8584,"['U11693', 'U7155', 'U7470', 'U3054', 'U13424']",5
U8585,"['U5229', 'U13059', 'U12528']",3
U8586,"['U5731', 'U13857', 'U6217', 'U11735', 'U523']",5
U8587,['U14077'],1
U8588,['U6879'],1
U8589,"['U7259', 'U7556', 'U5874', 'U10509', 'U319']",5
U8590,['U9147'],1
U8591,"['U14439', 'U12350', 'U11722', 'U9591']",4
U8592,"['U6678', 'U122', 'U2711', 'U10417']",4
U8593,"['U9503', 'U12192', 'U5369', 'U13122']",4
U8594,"['U198', 'U4352', 'U4324', 'U13932', 'U11884']",5
U8595,"['U7594', 'U1832', 'U12267', 'U7956']",4
U8596,"['U7138', 'U3032', 'U6213']",3
U8597,"['U10177', 'U14149', 'U10116', 'U8197']",4
U8598,"['U10892', 'U12491', 'U12137', 'U5063', 'U13902', 'U11105']",6
U8599,"['U2669', 'U4510', 'U8577']",3
U8600,"['U1936', 'U2563', 'U7958', 'U11034', 'U3357']",5
U8601,"['U6378', 'U8805', 'U4479', 'U12079', 'U12318']",5
U8602,"['U14855', 'U7789']",2
U8603,"['U7999', 'U7343', 'U14592', 'U8001', 'U2008', 'U391']",6
U8604,"['U12317', 'U8465', 'U8344', 'U7070', 'U14970', 'U14339', 'U9584', 'U5239', 'U7007']",9
U8605,"['U14151', 'U13854', 'U3449', 'U8909', 'U11215']",5
U8606,"['U6413', 'U676', 'U12021', 'U6605']",4
U8607,"['U3614', 'U6344', 'U1731', 'U4603', 'U8295', 'U6093', 'U11854', 'U2907', 'U10200']",9
U8608,"['U8898', 'U8230', 'U9478', 'U343']",4
U8609,"['U12110', 'U13747', 'U6381', 'U11064', 'U11016']",5
U8610,"['U1584', 'U13772', 'U3698']",3
U8611,"['U4558', 'U223', 'U11457', 'U5424', 'U5124', 'U1805', 'U5896', 'U12928', 'U10876']",9
U8612,"['U12875', 'U6389', 'U10586', 'U5490', 'U3994']",5
U8613,"['U6727', 'U6686', 'U11118', 'U10447', 'U9510', 'U785', 'U11686']",7
U8614,"['U10486', 'U12054', 'U11883']",3
U8615,"['U3033', 'U5168', 'U12387']",3
U8616,"['U9736', 'U647', 'U3164']",3
U8617,"['U9459', 'U11687', 'U510']",3
U8618,"['U4382', 'U8748']",2
U8619,"['U10024', 'U13210', 'U1977', 'U13161', 'U9712', 'U249']",6
U8620,"['U713', 'U11581', 'U10576', 'U12872', 'U9170', 'U2405', 'U4358']",7
U8621,"['U10369', 'U479', 'U12909', 'U3250', 'U2652']",5
U8622,"['U10181', 'U13800']",2
U8623,"['U4457', 'U5480', 'U5227']",3
U8624,"['U3841', 'U6298', 'U12376', 'U5321']",4
U8625,"['U6644', 'U4038', 'U4560', 'U4755', 'U9116']",5
U8626,"['U7671', 'U9715', 'U13050']",3
U8627,"['U5141', 'U7702']",2
U8628,"['U5455', 'U12939', 'U5122', 'U3023', 'U4585', 'U14745', 'U6400', 'U14382', 'U602', 'U3558']",10
U8629,"['U9221', 'U12603', 'U1911', 'U625', 'U3504', 'U9859']",6
U8630,"['U9603', 'U5531', 'U2703', 'U14308', 'U8572', 'U12391']",6
U8631,"['U6554', 'U10512']",2
U8632,"['U1773', 'U7628', 'U12790', 'U8578', 'U4441']",5
U8633,"['U5275', 'U11549', 'U7109', 'U6153', 'U385']",5
U8634,"['U14374', 'U6935', 'U13037', 'U7452', 'U12725']",5
U8635,"['U12876', 'U10378', 'U12920', 'U4449']",4
U8636,"['U12144', 'U2447', 'U14742', 'U3163']",4
U8637,"['U8828', 'U2055', 'U1660']",3
U8638,"['U13357', 'U12738', 'U12814', 'U4252']",4
U8639,"['U1033', 'U7467', 'U6538', 'U7963', 'U11683', 'U11915', 'U13274', 'U1490', 'U1062']",9
U8640,"['U980', 'U12834', 'U12181']",3
U8641,"['U4181', 'U5724', 'U8156', 'U1405', 'U14191', 'U13662', 'U8542']",7
U8642,"['U7365', 'U4252', 'U20']",3
U8643,"['U1701', 'U4735', 'U3821', 'U4457', 'U9229', 'U9867']",6
U8644,"['U4119', 'U9710', 'U11984', 'U13208', 'U13763', 'U7386', 'U14646']",7
U8645,"['U10763', 'U8542', 'U9421', 'U11942', 'U7732', 'U13023', 'U1521']",7
U8646,"['U2278', 'U639']",2
U8647,"['U1008', 'U14892', 'U5292', 'U7772', 'U7935']",5
U8648,"['U5516', 'U5229', 'U7871', 'U12179', 'U14110', 'U11959', 'U10200']",7
U8649,"['U13612', 'U14525', 'U6100', 'U11098']",4
U8650,"['U8231', 'U11086']",2
U8651,"['U3918', 'U1978', 'U628']",3
U8652,"['U9028', 'U6511', 'U7436', 'U12064', 'U4592', 'U2080', 'U12983']",7
U8653,"['U9972', 'U6842', 'U11807', 'U5400', 'U1361', 'U5851']",6
U8654,"['U7657', 'U3512', 'U2657', 'U14871']",4
U8655,"['U6513', 'U3511', 'U14371', 'U3280', 'U9609']",5
U8656,"['U577', 'U782', 'U1791', 'U12050']",4
U8657,"['U11964', 'U4975']",2
U8658,"['U12463', 'U9688', 'U11431', 'U13491', 'U13295']",5
U8659,"['U5360', 'U10955', 'U2511', 'U620']",4
U8660,"['U1162', 'U296', 'U11646']",3
U8661,"['U9246', 'U13726', 'U10191', 'U10552']",4
U8662,"['U10274', 'U5585', 'U11064', 'U609', 'U9686', 'U13248']",6
U8663,['U4558'],1
U8664,"['U13742', 'U3463', 'U10958', 'U3379', 'U2000', 'U5200', 'U11581', 'U1706']",8
U8665,"['U12707', 'U5291', 'U8562']",3
U8666,"['U6687', 'U14369', 'U6379', 'U13838', 'U14712', 'U10066', 'U281', 'U13821']",8
U8667,"['U11783', 'U567', 'U7724', 'U8796', 'U593']",5
U8668,"['U2044', 'U11731', 'U6542', 'U1735', 'U1787', 'U5318']",6
U8669,"['U6479', 'U4528', 'U766', 'U3246']",4
U8670,"['U11933', 'U13439', 'U3834', 'U12114', 'U1653', 'U170', 'U8428']",7
U8671,"['U1200', 'U14720', 'U7446', 'U7943', 'U7207', 'U14301', 'U9409']",7
U8672,"['U11500', 'U11267', 'U5142', 'U3462']",4
U8673,"['U8880', 'U4715', 'U12222', 'U12623']",4
U8674,"['U14813', 'U4495', 'U11672', 'U12191', 'U4800', 'U13113', 'U3946', 'U10233']",8
U8675,"['U1750', 'U6243', 'U11791', 'U2070']",4
U8676,"['U11216', 'U12591']",2
U8677,"['U11647', 'U1379', 'U4979', 'U4461', 'U10968', 'U12048', 'U10601']",7
U8678,"['U7903', 'U7074', 'U8593', 'U3932', 'U14516', 'U13430']",6
U8679,"['U10856', 'U9091', 'U12537', 'U6654', 'U7527', 'U11808', 'U12114']",7
U8680,"['U4506', 'U2603', 'U10046', 'U7917']",4
U8681,"['U9799', 'U1996', 'U11292', 'U523']",4
U8682,"['U12476', 'U154', 'U11122', 'U5217', 'U480', 'U14895', 'U13826']",7
U8683,"['U3785', 'U14426', 'U13799', 'U12779']",4
U8684,"['U12250', 'U11421', 'U9704', 'U9690', 'U1743']",5
U8685,"['U5774', 'U2603', 'U4038']",3
U8686,"['U2364', 'U12051', 'U6324', 'U6004']",4
U8687,"['U13057', 'U2433', 'U92']",3
U8688,"['U763', 'U13285', 'U8708', 'U11900', 'U12285']",5
U8689,"['U6658', 'U8600', 'U3434', 'U120', 'U5913', 'U12426', 'U4451']",7
U8690,"['U5199', 'U9305', 'U2150', 'U10406', 'U13921']",5
U8691,"['U6942', 'U8205', 'U10671', 'U4674']",4
U8692,"['U13497', 'U14310', 'U6052', 'U13919', 'U2543', 'U137', 'U7474', 'U11981', 'U10818', 'U1471']",10
U8693,"['U8664', 'U11152', 'U9752']",3
U8694,"['U10762', 'U8152', 'U6327', 'U4656', 'U2247', 'U14779', 'U2901', 'U2883']",8
U8695,"['U5513', 'U9253', 'U4205', 'U1464', 'U10743', 'U12263', 'U14625']",7
U8696,"['U13825', 'U9204', 'U7654', 'U10828', 'U12694', 'U8744']",6
U8697,"['U10533', 'U59']",2
U8698,"['U7504', 'U3052', 'U14019', 'U8666', 'U2327', 'U14447', 'U6335', 'U8532']",8
U8699,"['U7353', 'U2016', 'U13515', 'U2073', 'U14416']",5
U8700,"['U3105', 'U11221', 'U14509']",3
U8701,"['U10223', 'U8603', 'U7538', 'U9216', 'U7337', 'U9451']",6
U8702,"['U6530', 'U2592', 'U521', 'U6679', 'U14390', 'U11399', 'U9214', 'U1807']",8
U8703,"['U12459', 'U10188', 'U10295']",3
U8704,"['U4245', 'U11576', 'U14548']",3
U8705,"['U12609', 'U13672', 'U14583', 'U5704']",4
U8706,"['U8513', 'U14475', 'U23', 'U14673', 'U3748', 'U4902']",6
U8707,"['U10924', 'U13862', 'U547', 'U10816', 'U9880', 'U6771']",6
U8708,"['U13110', 'U12726', 'U4544']",3
U8709,"['U6562', 'U7666', 'U8916', 'U3855']",4
U8710,"['U10364', 'U10291', 'U5206']",3
U8711,"['U12800', 'U4408', 'U8052', 'U10435', 'U12060', 'U2070']",6
U8712,"['U8414', 'U12978', 'U11739', 'U2430']",4
U8713,[],0
U8714,"['U481', 'U5831', 'U4126']",3
U8715,"['U11871', 'U8160', 'U3189', 'U7946']",4
U8716,"['U1358', 'U11556', 'U6773', 'U6422', 'U5106']",5
U8717,"['U7051', 'U4525', 'U4633', 'U9033', 'U4607']",5
U8718,"['U102', 'U128', 'U10766']",3
U8719,"['U11159', 'U8076', 'U8579', 'U10743']",4
U8720,"['U637', 'U10622', 'U8005', 'U7402']",4
U8721,"['U872', 'U12983', 'U8238', 'U9023', 'U8012', 'U10409']",6
U8722,"['U7517', 'U1030', 'U14872', 'U54', 'U3027', 'U11497']",6
U8723,"['U1194', 'U12736', 'U6031', 'U3511']",4
U8724,['U12515'],1
U8725,"['U108', 'U1956', 'U11145', 'U9382']",4
U8726,"['U776', 'U13087', 'U3126']",3
U8727,"['U3871', 'U10822', 'U12491', 'U2233']",4
U8728,"['U5479', 'U12496', 'U10010', 'U1598', 'U12945', 'U5947', 'U9442']",7
U8729,"['U13900', 'U4649', 'U12509', 'U1172', 'U2180', 'U7296']",6
U8730,"['U8086', 'U10419', 'U12643', 'U6661']",4
U8731,"['U11611', 'U3316', 'U11331', 'U5956', 'U14377']",5
U8732,"['U6826', 'U10466']",2
U8733,"['U2697', 'U4802', 'U14942', 'U14347', 'U13312', 'U3850']",6
U8734,"['U10846', 'U1538', 'U4797']",3
U8735,"['U264', 'U9781', 'U10934']",3
U8736,"['U8538', 'U12998', 'U14634', 'U8729', 'U2903', 'U7687']",6
U8737,"['U2662', 'U3155', 'U9420']",3
U8738,"['U3186', 'U14586', 'U10287', 'U8397', 'U14713']",5
U8739,"['U14591', 'U7892', 'U2455', 'U11091']",4
U8740,"['U2901', 'U8144', 'U10124', 'U7528', 'U9957']",5
U8741,"['U7477', 'U1427', 'U11822', 'U14598', 'U3470', 'U10812']",6
U8742,['U10411'],1
U8743,"['U3035', 'U9494', 'U4545', 'U1916', 'U8826', 'U1039']",6
U8744,"['U3585', 'U3270', 'U4141', 'U1148', 'U13160', 'U609', 'U11539', 'U13305']",8
U8745,"['U2794', 'U6677', 'U5745', 'U9082', 'U9291']",5
U8746,"['U8421', 'U13352', 'U5537', 'U3772', 'U8560']",5
U8747,"['U9904', 'U477', 'U1976', 'U13293', 'U5209', 'U4079']",6
U8748,['U5395'],1
U8749,"['U13957', 'U12442', 'U7994', 'U9305', 'U4586', 'U410']",6
U8750,"['U8995', 'U5484', 'U11362', 'U7042']",4
U8751,"['U917', 'U2859']",2
U8752,"['U4375', 'U3209', 'U6902', 'U3337', 'U1738', 'U3650', 'U2116', 'U9079', 'U6636']",9
U8753,"['U14551', 'U5047', 'U14850', 'U2257']",4
U8754,"['U4859', 'U11198']",2
U8755,"['U2335', 'U1411', 'U2576', 'U7809', 'U1548', 'U43']",6
U8756,"['U1835', 'U1209', 'U8215', 'U2469']",4
U8757,"['U12392', 'U14582', 'U8098', 'U11222', 'U13781']",5
U8758,"['U4839', 'U3154', 'U6977', 'U13637']",4
U8759,"['U8512', 'U4302', 'U9756', 'U1377', 'U5333', 'U2789']",6
U8760,"['U12047', 'U1416', 'U4974', 'U2624', 'U13463', 'U10016', 'U6907']",7
U8761,"['U2397', 'U10610', 'U1603', 'U2264', 'U5982']",5
U8762,"['U3934', 'U2079']",2
U8763,['U849'],1
U8764,"['U13028', 'U6074', 'U4295', 'U12396', 'U9457', 'U2353', 'U12451', 'U2439']",8
U8765,"['U12876', 'U6945', 'U5056', 'U9519']",4
U8766,"['U8412', 'U12816', 'U1686', 'U4387', 'U4363', 'U3745']",6
U8767,"['U7238', 'U2578', 'U744', 'U3772']",4
U8768,"['U12677', 'U13597', 'U2022']",3
U8769,"['U14486', 'U11646', 'U4666', 'U13203']",4
U8770,"['U10775', 'U2491', 'U8331', 'U4233', 'U785', 'U1030', 'U9299', 'U13982']",8
U8771,"['U8617', 'U2494', 'U7364', 'U6653']",4
U8772,['U397'],1
U8773,"['U5789', 'U855', 'U5125']",3
U8774,"['U6100', 'U9183', 'U12789', 'U13161', 'U8284', 'U4540']",6
U8775,"['U9540', 'U11156', 'U290', 'U14357']",4
U8776,"['U2601', 'U2012', 'U3328', 'U3874']",4
U8777,"['U7534', 'U6305', 'U8778', 'U1188', 'U1638', 'U9499']",6
U8778,"['U8332', 'U13223', 'U5604']",3
U8779,"['U9407', 'U3717', 'U5279', 'U14569', 'U13858', 'U13552', 'U12877']",7
U8780,"['U8388', 'U9235', 'U5193', 'U5695', 'U2343', 'U1626']",6
U8781,"['U4538', 'U14026']",2
U8782,"['U5774', 'U13590', 'U1778']",3
U8783,"['U6768', 'U3699', 'U339']",3
U8784,"['U12304', 'U3225', 'U5868']",3
U8785,"['U10772', 'U14644']",2
U8786,"['U6615', 'U935', 'U3527', 'U2900']",4
U8787,"['U5870', 'U1930', 'U8998', 'U424', 'U9801']",5
U8788,"['U8429', 'U14393', 'U9838', 'U14788', 'U14539', 'U11930']",6
U8789,"['U7382', 'U14649', 'U2331', 'U11021', 'U3374', 'U11937', 'U7961']",7
U8790,"['U987', 'U13979', 'U8672']",3
U8791,"['U12159', 'U13373', 'U1127']",3
U8792,"['U4883', 'U6744', 'U9865', 'U5497', 'U1379']",5
U8793,"['U2395', 'U13575']",2
U8794,"['U1691', 'U8294', 'U1786', 'U9724']",4
U8795,"['U4595', 'U4135', 'U12633', 'U9381', 'U8477']",5
U8796,"['U6214', 'U1258', 'U11495', 'U6499', 'U12871', 'U27', 'U10095', 'U3329', 'U13193', 'U12823', 'U144', 'U13894', 'U10933']",13
U8797,"['U10159', 'U14236', 'U6867', 'U4392', 'U6734', 'U2692']",6
U8798,"['U3084', 'U4364', 'U4233', 'U12640']",4
U8799,[],0
U8800,"['U1263', 'U1091', 'U10948', 'U11759', 'U8700', 'U281', 'U13068', 'U6945']",8
U8801,"['U5204', 'U8275', 'U14000', 'U14609']",4
U8802,"['U13415', 'U7085', 'U2559', 'U459']",4
U8803,"['U13960', 'U9004']",2
U8804,"['U4196', 'U1871', 'U14963', 'U6532', 'U8437', 'U7811', 'U2091', 'U9677', 'U14307']",9
U8805,"['U4420', 'U11373', 'U7861']",3
U8806,"['U1934', 'U1370', 'U862', 'U2156', 'U1772', 'U7442']",6
U8807,"['U9484', 'U152']",2
U8808,['U4558'],1
U8809,"['U1074', 'U10583', 'U8222']",3
U8810,"['U14137', 'U6567', 'U3835', 'U3002', 'U261']",5
U8811,"['U1037', 'U8492', 'U1215', 'U7749', 'U8196', 'U6173', 'U12780', 'U7078', 'U12247']",9
U8812,['U8671'],1
U8813,['U5653'],1
U8814,"['U8770', 'U6636', 'U14836', 'U1502', 'U818']",5
U8815,"['U7812', 'U10438', 'U64', 'U4378']",4
U8816,"['U6134', 'U1841', 'U8615', 'U9903']",4
U8817,"['U9219', 'U13199', 'U3915', 'U3093']",4
U8818,"['U4913', 'U6339']",2
U8819,"['U2188', 'U8353']",2
U8820,"['U11432', 'U1485', 'U2173', 'U12867', 'U7600', 'U5423', 'U14117', 'U13720']",8
U8821,"['U10204', 'U7706', 'U8023', 'U10809', 'U2749', 'U1179']",6
U8822,"['U1415', 'U2173', 'U8207', 'U7476']",4
U8823,"['U4322', 'U1543', 'U8893', 'U1877', 'U435', 'U6262']",6
U8824,"['U10656', 'U11140', 'U8349']",3
U8825,"['U230', 'U2692', 'U12696']",3
U8826,['U2448'],1
U8827,"['U3403', 'U11256', 'U6434', 'U14581']",4
U8828,"['U12394', 'U7795', 'U1942']",3
U8829,"['U6578', 'U2534', 'U3926']",3
U8830,"['U6076', 'U4404', 'U10551', 'U7333']",4
U8831,"['U3585', 'U4236', 'U7106', 'U1720']",4
U8832,"['U13422', 'U12774']",2
U8833,"['U14783', 'U9414', 'U2973', 'U12917', 'U8190', 'U8328']",6
U8834,"['U2454', 'U13142', 'U7994', 'U12096']",4
U8835,"['U14359', 'U9391', 'U2114', 'U14462', 'U463', 'U13603', 'U5195', 'U12510', 'U1484']",9
U8836,"['U3019', 'U11026', 'U12104', 'U5306', 'U11593', 'U9061', 'U8457', 'U9578']",8
U8837,"['U8208', 'U1395', 'U4488', 'U6577', 'U6146', 'U2425', 'U14893']",7
U8838,"['U1772', 'U6858', 'U15', 'U2701', 'U2383']",5
U8839,"['U12084', 'U2912', 'U13114', 'U9154']",4
U8840,"['U12812', 'U10531', 'U14832', 'U3906', 'U1742', 'U13280', 'U13257']",7
U8841,"['U4434', 'U7525', 'U14044']",3
U8842,"['U10516', 'U12530', 'U7321', 'U14644', 'U11007', 'U4240', 'U5660', 'U13969']",8
U8843,"['U12925', 'U6374', 'U14919', 'U8266', 'U1640', 'U12274', 'U10505']",7
U8844,"['U6784', 'U11633', 'U1639', 'U2917', 'U5140', 'U2578', 'U4195', 'U14196', 'U14825']",9
U8845,"['U8620', 'U2168', 'U10634', 'U13803', 'U1564', 'U13254']",6
U8846,"['U4503', 'U14471', 'U4937', 'U4868', 'U6462', 'U10887', 'U363', 'U12938', 'U14242', 'U1967', 'U14697']",11
U8847,"['U13616', 'U12', 'U7682', 'U4783']",4
U8848,"['U5415', 'U13982', 'U778', 'U6266', 'U289']",5
U8849,"['U14940', 'U4428', 'U11145', 'U13766']",4
U8850,"['U10168', 'U11418']",2
U8851,"['U1630', 'U13881', 'U5256']",3
U8852,"['U12311', 'U9620', 'U11250', 'U11811', 'U7281']",5
U8853,"['U5727', 'U4774', 'U13244', 'U10957', 'U3014', 'U7428', 'U13655']",7
U8854,"['U13933', 'U4337', 'U4912']",3
U8855,"['U7418', 'U13552', 'U11171']",3
U8856,"['U2559', 'U9981', 'U2188', 'U9977', 'U9351', 'U5883', 'U2290', 'U12452']",8
U8857,"['U6650', 'U2497', 'U13630', 'U8098']",4
U8858,"['U6812', 'U7119']",2
U8859,"['U7176', 'U11959', 'U9654', 'U10529', 'U5841']",5
U8860,"['U7618', 'U13489', 'U9778']",3
U8861,"['U2548', 'U8477', 'U7596', 'U918']",4
U8862,"['U7539', 'U1498', 'U80', 'U8512', 'U12241', 'U8114', 'U4418']",7
U8863,"['U6632', 'U10935', 'U2060', 'U9399']",4
U8864,"['U2234', 'U4732', 'U11667', 'U1238']",4
U8865,"['U1544', 'U3015', 'U10219', 'U10044']",4
U8866,"['U9258', 'U858', 'U8121', 'U6593']",4
U8867,"['U9201', 'U10801', 'U2702']",3
U8868,"['U11811', 'U7367', 'U8763', 'U12206', 'U6520']",5
U8869,"['U4436', 'U13814', 'U13671']",3
U8870,"['U14085', 'U6742', 'U4329', 'U7184', 'U5080', 'U12188']",6
U8871,"['U3636', 'U14954', 'U12765', 'U6096', 'U7391']",5
U8872,"['U13774', 'U3856', 'U5591', 'U5161']",4
U8873,"['U6536', 'U2145', 'U14038']",3
U8874,"['U1080', 'U13563']",2
U8875,"['U5722', 'U13673', 'U1054']",3
U8876,"['U11038', 'U5479', 'U5570', 'U9133', 'U4004']",5
U8877,"['U6696', 'U5347', 'U9657', 'U5549', 'U4834', 'U5271']",6
U8878,"['U10423', 'U13490', 'U1941', 'U12975', 'U10639', 'U7504']",6
U8879,"['U2924', 'U8213', 'U1772']",3
U8880,"['U14543', 'U11633', 'U13430', 'U13846']",4
U8881,"['U10072', 'U300', 'U12147']",3
U8882,['U3157'],1
U8883,"['U2484', 'U1269', 'U8784', 'U5679', 'U167', 'U8289', 'U7763']",7
U8884,"['U11389', 'U278', 'U6759', 'U7395', 'U2940', 'U5666', 'U12700', 'U12914']",8
U8885,"['U765', 'U11062']",2
U8886,"['U3485', 'U14527', 'U11681', 'U8365', 'U3069', 'U3752', 'U3431']",7
U8887,"['U1972', 'U6898', 'U12727', 'U1325', 'U12870']",5
U8888,"['U9935', 'U4984', 'U1789', 'U14204']",4
U8889,"['U11796', 'U157', 'U4573', 'U12711', 'U8767']",5
U8890,"['U259', 'U13298', 'U2840', 'U5704']",4
U8891,"['U96', 'U10983', 'U14958', 'U7777']",4
U8892,"['U8434', 'U4106', 'U12101', 'U6035', 'U14087', 'U14680', 'U3266']",7
U8893,"['U8183', 'U13262', 'U6359', 'U8166', 'U7189', 'U1806', 'U8204']",7
U8894,"['U1961', 'U14678', 'U829', 'U6283']",4
U8895,"['U12375', 'U10858', 'U1585', 'U14067', 'U2684']",5
U8896,"['U8848', 'U3833', 'U1594', 'U14806']",4
U8897,"['U1428', 'U4623', 'U9059', 'U282', 'U1357', 'U9587', 'U7754']",7
U8898,"['U8162', 'U5899']",2
U8899,"['U7814', 'U10029']",2
U8900,"['U9716', 'U14878', 'U11112', 'U14619']",4
U8901,"['U1279', 'U9169', 'U663', 'U14518', 'U2490']",5
U8902,"['U3386', 'U5137', 'U14426', 'U5958', 'U2328', 'U11535', 'U3074', 'U7124']",8
U8903,"['U13068', 'U12554', 'U9323']",3
U8904,"['U14174', 'U10565', 'U13250', 'U9270', 'U11017']",5
U8905,"['U589', 'U980', 'U3837', 'U450', 'U10940', 'U1378']",6
U8906,"['U12745', 'U1453', 'U8516', 'U452']",4
U8907,"['U3756', 'U13343']",2
U8908,"['U4542', 'U14508', 'U477', 'U3616', 'U11062']",5
U8909,"['U4787', 'U13541', 'U183']",3
U8910,"['U3551', 'U14690', 'U11231']",3
U8911,"['U6987', 'U12866', 'U6090', 'U3700', 'U7445', 'U13441']",6
U8912,"['U4922', 'U2092', 'U5474', 'U2447', 'U6315']",5
U8913,"['U4727', 'U10395', 'U11907', 'U5549', 'U1272', 'U12338', 'U3983']",7
U8914,"['U10580', 'U7767', 'U791', 'U10221', 'U8905', 'U1767', 'U2642', 'U12047', 'U9426']",9
U8915,"['U6238', 'U9130']",2
U8916,"['U12101', 'U6340']",2
U8917,"['U11072', 'U10352']",2
U8918,"['U5428', 'U12093']",2
U8919,"['U13857', 'U9164', 'U10880', 'U14664', 'U137']",5
U8920,"['U14041', 'U2720', 'U13263', 'U5803']",4
U8921,"['U3240', 'U10322']",2
U8922,"['U10042', 'U3043', 'U5291', 'U6688', 'U13310', 'U13519', 'U13219', 'U4161', 'U12669', 'U11520']",10
U8923,"['U8880', 'U2517', 'U8179', 'U372', 'U1236', 'U11912']",6
U8924,"['U13775', 'U12063', 'U7940', 'U2628']",4
U8925,"['U10943', 'U12956', 'U1706']",3
U8926,"['U7092', 'U11960', 'U4876', 'U14795', 'U7396', 'U8445']",6
U8927,"['U437', 'U13935', 'U4337', 'U12153', 'U13640', 'U3209', 'U131']",7
U8928,"['U8191', 'U12076', 'U374', 'U5906', 'U2192']",5
U8929,['U14718'],1
U8930,"['U9126', 'U11076', 'U63', 'U10173']",4
U8931,"['U931', 'U5248', 'U1634', 'U3895', 'U10691', 'U8169', 'U2198', 'U14555']",8
U8932,"['U7644', 'U6794']",2
U8933,"['U2134', 'U4376', 'U8992', 'U6085']",4
U8934,['U12092'],1
U8935,"['U14803', 'U8107', 'U10145', 'U8289', 'U7344', 'U9641', 'U14606']",7
U8936,"['U5183', 'U7395', 'U14337', 'U8163', 'U938', 'U14532', 'U14']",7
U8937,"['U2807', 'U5663', 'U5154', 'U1768']",4
U8938,"['U624', 'U10015', 'U348', 'U9088', 'U10815']",5
U8939,"['U1798', 'U11892', 'U5361', 'U6861', 'U14595']",5
U8940,"['U10141', 'U11109']",2
U8941,"['U5225', 'U7744', 'U10144', 'U11534', 'U9189', 'U5983', 'U2883', 'U7662', 'U1987']",9
U8942,"['U223', 'U11437']",2
U8943,"['U13399', 'U4166', 'U5667', 'U13956', 'U5268', 'U4580', 'U6742', 'U10433', 'U12180']",9
U8944,"['U10890', 'U13080', 'U7291']",3
U8945,"['U5943', 'U10520', 'U13119', 'U12864', 'U515', 'U8606', 'U11147', 'U7266']",8
U8946,"['U2264', 'U5019', 'U6821', 'U7878', 'U6467', 'U1483', 'U4959']",7
U8947,"['U11691', 'U11004', 'U1804']",3
U8948,"['U10455', 'U3897', 'U10467', 'U1072']",4
U8949,"['U13388', 'U10357', 'U14127', 'U7654']",4
U8950,"['U10271', 'U9353', 'U7480']",3
U8951,"['U14755', 'U7720', 'U12977', 'U14309', 'U11520']",5
U8952,"['U13968', 'U4129']",2
U8953,"['U6984', 'U13646', 'U11590']",3
U8954,"['U873', 'U3279', 'U14412', 'U12323', 'U1094', 'U9140']",6
U8955,"['U11385', 'U14261', 'U5060']",3
U8956,"['U8467', 'U12948']",2
U8957,"['U3022', 'U12984', 'U12460', 'U3356', 'U989']",5
U8958,['U13084'],1
U8959,"['U13303', 'U14322', 'U7060', 'U8273', 'U7573', 'U12431', 'U9212']",7
U8960,"['U11542', 'U12606', 'U14670', 'U223', 'U14862']",5
U8961,"['U10495', 'U11975', 'U12582', 'U4932', 'U5447', 'U2221', 'U9402']",7
U8962,"['U13625', 'U5983', 'U10870', 'U3832', 'U869']",5
U8963,['U4895'],1
U8964,"['U6321', 'U2409', 'U14525', 'U2686', 'U8503', 'U493', 'U8474', 'U6814', 'U3342']",9
U8965,"['U959', 'U930', 'U8548', 'U12790', 'U13621', 'U2741', 'U14685']",7
U8966,"['U1018', 'U14532', 'U3134', 'U1', 'U9685', 'U9967']",6
U8967,[],0
U8968,"['U8405', 'U8148', 'U2524', 'U12210', 'U7327']",5
U8969,"['U6353', 'U8865', 'U13833', 'U899', 'U8475', 'U11404', 'U6786']",7
U8970,"['U897', 'U9862']",2
U8971,"['U11500', 'U10299', 'U12286', 'U3931', 'U879', 'U11261', 'U1165']",7
U8972,"['U6604', 'U10820', 'U7212', 'U4954', 'U11552', 'U14326', 'U7842', 'U9053', 'U11506', 'U7574', 'U1133']",11
U8973,"['U6957', 'U617', 'U8965', 'U9750']",4
U8974,"['U7836', 'U1732', 'U9099', 'U4639', 'U1630', 'U3701', 'U12760']",7
U8975,"['U1946', 'U11794', 'U8694', 'U9443', 'U9978']",5
U8976,"['U8703', 'U6599', 'U6878', 'U2477', 'U4708', 'U2054', 'U6840', 'U9926', 'U8007']",9
U8977,"['U2292', 'U5179', 'U14360', 'U13925', 'U8941', 'U4341']",6
U8978,"['U5932', 'U13683', 'U14310', 'U8025', 'U13936']",5
U8979,"['U13423', 'U4659', 'U7261', 'U4733', 'U7714', 'U5204', 'U2894', 'U10090', 'U12608']",9
U8980,"['U10575', 'U7117', 'U2040']",3
U8981,"['U2197', 'U14967', 'U5315', 'U12522', 'U10262', 'U11493']",6
U8982,"['U13518', 'U7772', 'U3337']",3
U8983,"['U8979', 'U4521', 'U12491']",3
U8984,"['U10855', 'U12250', 'U11210', 'U1653', 'U2380']",5
U8985,"['U1582', 'U13444', 'U10922', 'U2282']",4
U8986,"['U4376', 'U14469', 'U8556', 'U4987']",4
U8987,"['U8590', 'U12824', 'U6127']",3
U8988,"['U5496', 'U654', 'U14199', 'U12615', 'U5656', 'U11102', 'U12887', 'U4388', 'U14678']",9
U8989,"['U1633', 'U4100', 'U7988', 'U5621']",4
U8990,"['U1538', 'U14084', 'U12287', 'U9949', 'U5512', 'U7264', 'U12534']",7
U8991,"['U13401', 'U12879']",2
U8992,"['U7712', 'U9106', 'U5473', 'U1772', 'U3486']",5
U8993,"['U11270', 'U3760', 'U12406', 'U1080', 'U653', 'U8042', 'U3421', 'U8725']",8
U8994,"['U9737', 'U1087', 'U8925', 'U11968', 'U7575', 'U6142']",6
U8995,"['U1176', 'U9153', 'U12712', 'U10799', 'U2107', 'U6340', 'U5408', 'U7223']",8
U8996,"['U12035', 'U9593', 'U11149', 'U2205', 'U2513', 'U7373', 'U2867']",7
U8997,"['U8880', 'U2952', 'U13221', 'U2254', 'U12768']",5
U8998,"['U2148', 'U7586', 'U14041', 'U13598', 'U14266', 'U13511', 'U2176']",7
U8999,"['U13657', 'U11363', 'U9396', 'U9893', 'U10844', 'U1361', 'U14398', 'U10872', 'U10539']",9
U9000,"['U694', 'U14103', 'U8372']",3
U9001,"['U8448', 'U6583', 'U2320', 'U9876', 'U12172', 'U12226']",6
U9002,"['U4245', 'U8751', 'U12761', 'U229', 'U11226', 'U14173']",6
U9003,"['U4993', 'U11240', 'U11655']",3
U9004,"['U9753', 'U9871', 'U3105', 'U5680', 'U13695', 'U1469', 'U11122']",7
U9005,"['U8206', 'U9765', 'U6950', 'U8130', 'U159']",5
U9006,"['U1840', 'U7198', 'U1574', 'U6376']",4
U9007,"['U5877', 'U13578', 'U13479', 'U6232']",4
U9008,"['U11532', 'U10360', 'U2604']",3
U9009,"['U4745', 'U1207']",2
U9010,"['U12838', 'U13918', 'U3266', 'U6794', 'U2663', 'U11759', 'U6298']",7
U9011,"['U4408', 'U13400', 'U11646', 'U8991', 'U13926']",5
U9012,"['U11844', 'U2116']",2
U9013,"['U9490', 'U4236', 'U10490', 'U10927', 'U14877', 'U3295']",6
U9014,"['U10866', 'U1753', 'U8952', 'U1748']",4
U9015,"['U12746', 'U11719']",2
U9016,"['U171', 'U3692', 'U9056', 'U2154', 'U13554', 'U5794', 'U12413', 'U5396', 'U4794']",9
U9017,"['U8787', 'U2215', 'U11041', 'U3711', 'U5250', 'U10693', 'U13055', 'U12988']",8
U9018,"['U6832', 'U12962', 'U12234', 'U13854', 'U13507', 'U2141', 'U13302', 'U9217', 'U4231']",9
U9019,"['U9332', 'U12048', 'U5831', 'U8949']",4
U9020,"['U8770', 'U4483', 'U2854', 'U13076', 'U2885']",5
U9021,"['U7900', 'U7265', 'U2858', 'U6366', 'U6517', 'U6829', 'U4998', 'U11175']",8
U9022,"['U89', 'U11415', 'U9359', 'U14771', 'U869', 'U295']",6
U9023,"['U5818', 'U12391', 'U2374', 'U14786']",4
U9024,"['U9162', 'U14290']",2
U9025,"['U2151', 'U10873', 'U14120', 'U11166', 'U6084', 'U7511', 'U9992']",7
U9026,"['U12159', 'U8950']",2
U9027,"['U2379', 'U12784', 'U5573', 'U5098', 'U8182']",5
U9028,"['U1546', 'U7078', 'U4006', 'U8572', 'U1450', 'U11379', 'U11830', 'U6445']",8
U9029,"['U12992', 'U3249', 'U13745', 'U8189', 'U512', 'U698']",6
U9030,"['U886', 'U5386', 'U3078', 'U9967']",4
U9031,"['U9030', 'U826', 'U9910', 'U8539', 'U4591']",5
U9032,"['U10548', 'U9271', 'U14706', 'U2159', 'U4374', 'U2205', 'U6298', 'U326']",8
U9033,"['U14140', 'U6399', 'U12998']",3
U9034,"['U4920', 'U13474', 'U3915', 'U13780', 'U14022']",5
U9035,"['U982', 'U7202', 'U796', 'U12128']",4
U9036,"['U8782', 'U13639', 'U14785', 'U2916']",4
U9037,"['U6546', 'U3292', 'U2566', 'U1336']",4
U9038,"['U8184', 'U12012', 'U3193']",3
U9039,['U9374'],1
U9040,"['U13054', 'U12690', 'U5927', 'U5828', 'U3780', 'U6088']",6
U9041,"['U1690', 'U14955', 'U1348', 'U5131', 'U5621', 'U4879', 'U833', 'U1318', 'U11154', 'U9731']",10
U9042,"['U10901', 'U6500', 'U6801', 'U12581', 'U921']",5
U9043,"['U12940', 'U931', 'U1326', 'U11322', 'U11566', 'U14410']",6
U9044,"['U2462', 'U8802', 'U13967', 'U8925']",4
U9045,"['U7284', 'U2566', 'U4785', 'U5349', 'U14339']",5
U9046,"['U5822', 'U3553', 'U9773']",3
U9047,"['U2294', 'U6542', 'U9510', 'U3671', 'U6156', 'U10342', 'U1310', 'U11610']",8
U9048,"['U1802', 'U14233', 'U5873', 'U6456', 'U5041', 'U13015', 'U2048', 'U325']",8
U9049,"['U9171', 'U11612', 'U72', 'U4729', 'U5871', 'U6346']",6
U9050,"['U2710', 'U10038', 'U6381']",3
U9051,"['U3130', 'U14350', 'U11668']",3
U9052,"['U10567', 'U2542', 'U13670', 'U11855', 'U10968']",5
U9053,"['U2802', 'U6564', 'U9137', 'U11402', 'U5036', 'U5225', 'U5585', 'U5672', 'U7368']",9
U9054,"['U753', 'U3877', 'U6886', 'U4338']",4
U9055,"['U13658', 'U9529', 'U11521', 'U11745', 'U1967']",5
U9056,"['U11246', 'U9337', 'U4446']",3
U9057,"['U9713', 'U13627', 'U10733', 'U4386', 'U5961']",5
U9058,"['U10144', 'U9489']",2
U9059,"['U7467', 'U4845', 'U12018']",3
U9060,"['U25', 'U2383', 'U989', 'U14473', 'U11998', 'U1023']",6
U9061,"['U14072', 'U14264', 'U14933', 'U282', 'U5292']",5
U9062,"['U5458', 'U7064', 'U14962', 'U9754', 'U11197']",5
U9063,"['U1453', 'U7338', 'U12944', 'U7051', 'U1767', 'U2218', 'U9277', 'U11384']",8
U9064,"['U14429', 'U11965']",2
U9065,"['U7432', 'U3010', 'U9350']",3
U9066,"['U4066', 'U4833', 'U8410', 'U785']",4
U9067,"['U9089', 'U5054', 'U11340', 'U10062', 'U11729', 'U11752', 'U9664']",7
U9068,"['U14291', 'U923', 'U914', 'U11367', 'U5613', 'U11237', 'U10479', 'U14728']",8
U9069,"['U7985', 'U14003', 'U1744']",3
U9070,"['U12731', 'U12535', 'U6011', 'U11126', 'U14892', 'U5576', 'U7111', 'U5034', 'U764']",9
U9071,"['U9527', 'U14454', 'U4923', 'U14506', 'U11021']",5
U9072,"['U7490', 'U14998', 'U7803', 'U12785']",4
U9073,"['U126', 'U2706', 'U1418', 'U12326', 'U6271', 'U3167', 'U1166', 'U72', 'U14160']",9
U9074,"['U11039', 'U9724', 'U14253', 'U10177']",4
U9075,"['U9645', 'U10248', 'U12916', 'U9139', 'U10888', 'U3875', 'U1832', 'U6523']",8
U9076,"['U5713', 'U1309', 'U12689', 'U8905', 'U13509', 'U4070']",6
U9077,"['U6316', 'U1423', 'U2967', 'U2732']",4
U9078,"['U1892', 'U12338', 'U14540']",3
U9079,[],0
U9080,"['U1660', 'U1240', 'U10424', 'U2657', 'U13037', 'U13681', 'U8458', 'U1773']",8
U9081,"['U4535', 'U8284', 'U12522', 'U6931', 'U9945']",5
U9082,"['U13473', 'U11034', 'U8246', 'U5762', 'U9873', 'U5125']",6
U9083,"['U5836', 'U8273', 'U9015', 'U2927', 'U2254', 'U1343']",6
U9084,"['U3563', 'U13331']",2
U9085,"['U7548', 'U2397', 'U8517', 'U4475', 'U7809', 'U2962', 'U9502']",7
U9086,"['U12084', 'U1267']",2
U9087,"['U6217', 'U14053', 'U13412', 'U4962', 'U11661']",5
U9088,"['U8608', 'U13753']",2
U9089,"['U6218', 'U10198', 'U14649', 'U11526', 'U7965', 'U1225', 'U1971']",7
U9090,['U9415'],1
U9091,"['U14146', 'U12932', 'U11696', 'U12273', 'U3258']",5
U9092,"['U11612', 'U3117', 'U5228', 'U8736', 'U11805', 'U12364']",6
U9093,"['U2284', 'U13021', 'U7370']",3
U9094,"['U4838', 'U5381', 'U10972']",3
U9095,"['U13598', 'U9607', 'U6065', 'U12563', 'U8324', 'U13734']",6
U9096,"['U2067', 'U12802', 'U1784', 'U7699', 'U13014']",5
U9097,"['U4899', 'U9158', 'U5207', 'U13757', 'U1207', 'U9182', 'U6333']",7
U9098,"['U7310', 'U12177', 'U2238']",3
U9099,"['U11323', 'U7332', 'U10864', 'U12262']",4
U9100,"['U8199', 'U6310', 'U8546', 'U4170', 'U14766', 'U5873', 'U3960']",7
U9101,"['U4070', 'U8238', 'U11840', 'U8637', 'U874', 'U13337']",6
U9102,"['U13441', 'U10115', 'U8814']",3
U9103,"['U3371', 'U10243', 'U6119']",3
U9104,"['U3314', 'U5227', 'U11972', 'U2151', 'U10852']",5
U9105,"['U13872', 'U3781', 'U6294', 'U6769', 'U4186', 'U526', 'U10743']",7
U9106,"['U9689', 'U6267', 'U7499', 'U8986', 'U8504', 'U5838', 'U13233', 'U6516']",8
U9107,"['U302', 'U2240', 'U14002', 'U2910', 'U12199']",5
U9108,"['U14255', 'U1638', 'U14704']",3
U9109,"['U1849', 'U13370', 'U14727', 'U12477', 'U9211', 'U5532', 'U9441', 'U13468', 'U9301', 'U794']",10
U9110,"['U2418', 'U7010', 'U9465', 'U2054', 'U11556']",5
U9111,"['U2049', 'U13965', 'U2346']",3
U9112,"['U1802', 'U14468']",2
U9113,"['U11113', 'U2563', 'U10927', 'U7720']",4
U9114,"['U13263', 'U5535', 'U3144', 'U6356', 'U11450', 'U12452', 'U6701']",7
U9115,"['U4491', 'U11590', 'U11913', 'U8615', 'U14705', 'U2538']",6
U9116,"['U11243', 'U5899', 'U13719', 'U938', 'U682']",5
U9117,"['U8853', 'U4085', 'U10207']",3
U9118,"['U3884', 'U12979', 'U4508', 'U2628', 'U3207']",5
U9119,"['U5277', 'U5517']",2
U9120,"['U8407', 'U279', 'U7183']",3
U9121,"['U11791', 'U6270', 'U8826', 'U2240', 'U8230']",5
U9122,"['U13929', 'U8081', 'U8382', 'U14086', 'U13278', 'U12914', 'U12329']",7
U9123,"['U9209', 'U12246', 'U496', 'U5625']",4
U9124,"['U9763', 'U8545', 'U5141', 'U6215']",4
U9125,"['U14398', 'U4789', 'U8408', 'U8371', 'U297', 'U13063', 'U7634']",7
U9126,"['U2899', 'U4435', 'U7483', 'U2833', 'U1748', 'U1550']",6
U9127,"['U14030', 'U8947', 'U5541']",3
U9128,"['U14571', 'U4244', 'U204', 'U1911']",4
U9129,"['U6299', 'U10553', 'U1489', 'U14482']",4
U9130,"['U8060', 'U8597', 'U9406', 'U13922']",4
U9131,"['U9572', 'U8967', 'U10620', 'U2181']",4
U9132,"['U3276', 'U11820', 'U9631', 'U13176', 'U6754', 'U8211', 'U8003']",7
U9133,"['U4464', 'U9391', 'U10018', 'U14671']",4
U9134,"['U4826', 'U392', 'U9436', 'U14710', 'U3635']",5
U9135,"['U3243', 'U14623', 'U8064', 'U4906', 'U1325', 'U1745', 'U12879']",7
U9136,"['U8227', 'U10421', 'U11255']",3
U9137,"['U3052', 'U14155', 'U4019', 'U11784', 'U7394']",5
U9138,"['U7025', 'U2289', 'U2725']",3
U9139,"['U9873', 'U753', 'U7505']",3
U9140,"['U10574', 'U1298']",2
U9141,"['U14065', 'U4246', 'U14302', 'U5487']",4
U9142,"['U14034', 'U10637', 'U3817']",3
U9143,"['U10208', 'U3753', 'U7591']",3
U9144,"['U256', 'U2038', 'U5791']",3
U9145,"['U5538', 'U14932', 'U13180', 'U6714', 'U5674']",5
U9146,"['U12090', 'U13170', 'U2316']",3
U9147,"['U12940', 'U14038', 'U9173', 'U7237', 'U1239']",5
U9148,"['U11111', 'U10076', 'U5664', 'U5226', 'U6642']",5
U9149,"['U3269', 'U8447', 'U9693', 'U5267', 'U7877', 'U8161', 'U13584', 'U4708']",8
U9150,"['U311', 'U5101', 'U1494', 'U13349']",4
U9151,"['U5384', 'U7102', 'U3789']",3
U9152,"['U13748', 'U5891', 'U1500', 'U10810', 'U11013', 'U13831']",6
U9153,"['U14298', 'U1678', 'U5852', 'U7670', 'U9869']",5
U9154,"['U2159', 'U5668', 'U3500']",3
U9155,['U1434'],1
U9156,"['U4754', 'U6517', 'U6046', 'U276', 'U12906', 'U13477']",6
U9157,"['U5903', 'U3709', 'U1782', 'U1261']",4
U9158,"['U14235', 'U1204', 'U14081', 'U7640', 'U8830']",5
U9159,"['U98', 'U9355', 'U12212', 'U9834']",4
U9160,"['U686', 'U392', 'U14677', 'U8249']",4
U9161,"['U10230', 'U5561', 'U12330', 'U556', 'U1206', 'U14356', 'U2216', 'U1340', 'U11731']",9
U9162,"['U5043', 'U833', 'U4112']",3
U9163,"['U14777', 'U13872', 'U3123', 'U10567']",4
U9164,"['U3353', 'U7019', 'U14424', 'U13461']",4
U9165,"['U9050', 'U2078', 'U11886', 'U12943']",4
U9166,"['U11509', 'U7765', 'U11205', 'U6467', 'U11005']",5
U9167,"['U4487', 'U7675', 'U6761', 'U293', 'U11039']",5
U9168,"['U11955', 'U10403', 'U804', 'U3611', 'U4814']",5
U9169,"['U14955', 'U7957', 'U5388', 'U8662', 'U2920']",5
U9170,"['U14641', 'U6209', 'U5487', 'U12808', 'U329', 'U9440', 'U10714', 'U6008', 'U8316']",9
U9171,"['U5112', 'U9303', 'U3085', 'U4599', 'U3284', 'U14973', 'U11743']",7
U9172,"['U14003', 'U4195', 'U3304', 'U14559', 'U8459', 'U10377', 'U13907', 'U2700', 'U3744']",9
U9173,"['U1975', 'U6384', 'U13176']",3
U9174,"['U5489', 'U6165', 'U7915', 'U3207']",4
U9175,"['U5196', 'U13924', 'U7944']",3
U9176,"['U12323', 'U3331', 'U10245', 'U9368', 'U2618', 'U8900', 'U7106', 'U2382']",8
U9177,"['U3157', 'U12180', 'U11072', 'U2291', 'U3651', 'U12076', 'U11167']",7
U9178,"['U2912', 'U4077', 'U1964', 'U421', 'U8964', 'U10037', 'U5126', 'U3639']",8
U9179,"['U5091', 'U852', 'U13891', 'U9374']",4
U9180,"['U1704', 'U14568', 'U11791', 'U6321', 'U3507']",5
U9181,"['U7571', 'U6710', 'U13812', 'U4220', 'U4910', 'U12594']",6
U9182,"['U11305', 'U11434', 'U9240', 'U10003', 'U7800']",5
U9183,"['U12289', 'U11929', 'U12592', 'U9341', 'U2212']",5
U9184,"['U8868', 'U12354', 'U3649', 'U7485', 'U8857']",5
U9185,"['U5478', 'U13496', 'U952', 'U11047', 'U578']",5
U9186,"['U2634', 'U1433', 'U2295', 'U11261', 'U6017', 'U3431', 'U11889', 'U2992', 'U12402']",9
U9187,"['U3974', 'U6685', 'U14249', 'U1032', 'U14550']",5
U9188,"['U8595', 'U1338', 'U11257', 'U8037', 'U8565', 'U7007', 'U2859', 'U2273']",8
U9189,"['U8318', 'U6919', 'U3059', 'U6575', 'U8443']",5
U9190,"['U9236', 'U14747', 'U11486', 'U3438', 'U4528', 'U13629', 'U12503', 'U4987', 'U1562', 'U283', 'U8290']",11
U9191,"['U13913', 'U8251', 'U6561', 'U2383', 'U4267', 'U1254', 'U3179', 'U14548', 'U5742']",9
U9192,"['U8054', 'U4335', 'U11359', 'U1057', 'U7379']",5
U9193,"['U4243', 'U2250', 'U9426']",3
U9194,"['U2170', 'U5632']",2
U9195,"['U8185', 'U12051']",2
U9196,"['U12485', 'U10635', 'U10408', 'U1275', 'U7274', 'U7095']",6
U9197,"['U8463', 'U32', 'U9257']",3
U9198,"['U5628', 'U1085', 'U7864']",3
U9199,"['U14852', 'U7064', 'U2724', 'U497', 'U681', 'U2070']",6
U9200,"['U1627', 'U6469']",2
U9201,"['U9783', 'U2571', 'U6240', 'U1043', 'U10762']",5
U9202,"['U8875', 'U12108', 'U6505', 'U8347', 'U10014', 'U1647', 'U517', 'U9213', 'U12262']",9
U9203,"['U8886', 'U1370', 'U6011', 'U2765', 'U9509']",5
U9204,"['U8169', 'U9928', 'U5874', 'U9126']",4
U9205,"['U1524', 'U565', 'U9205', 'U418', 'U8196', 'U12237', 'U7250', 'U3983', 'U12996', 'U4082', 'U13208', 'U11665', 'U8710']",13
U9206,"['U12488', 'U6247', 'U9228']",3
U9207,"['U4608', 'U14431']",2
U9208,"['U11207', 'U13666', 'U7515']",3
U9209,"['U13457', 'U13945', 'U14072']",3
U9210,"['U10122', 'U8639', 'U10298', 'U3721']",4
U9211,"['U14631', 'U13828', 'U9713', 'U8569', 'U4692', 'U1866']",6
U9212,"['U12202', 'U10209', 'U1540', 'U5364', 'U6117', 'U4197', 'U1877', 'U14822', 'U1741']",9
U9213,"['U258', 'U10636', 'U9207', 'U838', 'U7931', 'U831', 'U5644', 'U4109']",8
U9214,"['U6911', 'U13863', 'U10057']",3
U9215,"['U6438', 'U11648', 'U2757']",3
U9216,"['U4487', 'U7615', 'U10519', 'U2744', 'U11894', 'U8943', 'U1070']",7
U9217,"['U8627', 'U11654', 'U428', 'U10238', 'U7031']",5
U9218,"['U2497', 'U13642', 'U1786', 'U474', 'U9642']",5
U9219,"['U1683', 'U4456', 'U11712', 'U2422', 'U3887', 'U12777']",6
U9220,"['U3214', 'U14433', 'U7407', 'U10888', 'U296', 'U10620']",6
U9221,"['U14361', 'U3211', 'U6226', 'U8269', 'U13216', 'U6149', 'U12093']",7
U9222,"['U6102', 'U13812', 'U5805']",3
U9223,"['U5460', 'U6467']",2
U9224,"['U9889', 'U10675', 'U6776', 'U1043', 'U14798', 'U14146']",6
U9225,"['U12550', 'U6979', 'U14757', 'U13989', 'U7045', 'U2501', 'U7151', 'U1523']",8
U9226,"['U5092', 'U13537', 'U3174', 'U3204']",4
U9227,"['U3999', 'U12645', 'U2169', 'U8872', 'U6708']",5
U9228,"['U11843', 'U13393', 'U194', 'U3710', 'U8101', 'U8916']",6
U9229,"['U425', 'U9584']",2
U9230,"['U3551', 'U4521', 'U6655', 'U2701', 'U6242', 'U7102', 'U14872']",7
U9231,"['U12455', 'U13252', 'U1436', 'U10497']",4
U9232,"['U5108', 'U5589', 'U11701']",3
U9233,"['U11243', 'U3892', 'U3185', 'U2825', 'U675', 'U9963']",6
U9234,"['U13915', 'U8387', 'U11771', 'U14840', 'U2403', 'U655', 'U13515']",7
U9235,"['U10512', 'U7480', 'U301', 'U13744', 'U9241']",5
U9236,"['U11222', 'U12234', 'U10778', 'U14029', 'U13804', 'U11457', 'U8670']",7
U9237,"['U5436', 'U11344', 'U4250', 'U3787', 'U11802', 'U1335', 'U9025']",7
U9238,"['U2229', 'U10806', 'U9048', 'U13220']",4
U9239,"['U7960', 'U6953', 'U12606']",3
U9240,"['U8479', 'U9869', 'U12108', 'U6482']",4
U9241,"['U3672', 'U9295', 'U334', 'U4321', 'U7050', 'U14540', 'U926']",7
U9242,"['U189', 'U1640', 'U10853', 'U9860', 'U5628', 'U11920']",6
U9243,"['U13196', 'U7752', 'U1052', 'U12038', 'U1093']",5
U9244,"['U91', 'U4506', 'U10450']",3
U9245,"['U14776', 'U2919', 'U3576', 'U4964', 'U9092', 'U3396', 'U11078', 'U14178']",8
U9246,"['U6743', 'U3664', 'U5180', 'U5964', 'U7226', 'U14134']",6
U9247,"['U1156', 'U4826', 'U10726', 'U10352', 'U3890', 'U14955', 'U4345']",7
U9248,"['U2002', 'U11604', 'U5773', 'U11210', 'U2875', 'U2383', 'U9758', 'U2984', 'U8056']",9
U9249,"['U9865', 'U3587', 'U109']",3
U9250,"['U4839', 'U406', 'U7374', 'U13640', 'U2672', 'U366']",6
U9251,"['U4253', 'U3298', 'U12118', 'U1014', 'U197']",5
U9252,"['U3644', 'U14243', 'U11918', 'U4751', 'U4979']",5
U9253,"['U995', 'U13446', 'U4130', 'U6462', 'U2891']",5
U9254,"['U9708', 'U1231', 'U10081', 'U4938', 'U11109', 'U7441', 'U1576']",7
U9255,"['U9357', 'U2949', 'U13118', 'U7845', 'U7356']",5
U9256,"['U11884', 'U6565']",2
U9257,"['U13485', 'U9889', 'U9068', 'U8990', 'U6053']",5
U9258,"['U743', 'U213', 'U14026', 'U9487']",4
U9259,"['U2959', 'U2011', 'U12102', 'U1999', 'U5379', 'U4792', 'U12650']",7
U9260,"['U2443', 'U8943']",2
U9261,"['U8175', 'U7803', 'U6452', 'U3773', 'U14249', 'U4748', 'U11362']",7
U9262,"['U3702', 'U3923', 'U7953', 'U909', 'U14747']",5
U9263,[],0
U9264,"['U10399', 'U1979', 'U14879', 'U335', 'U2672', 'U12676', 'U3037']",7
U9265,"['U3973', 'U2318', 'U1341']",3
U9266,"['U344', 'U5195', 'U11256', 'U7770', 'U10465']",5
U9267,"['U262', 'U9566', 'U3576', 'U3447', 'U11604']",5
U9268,"['U4937', 'U7863', 'U77']",3
U9269,"['U11124', 'U435', 'U297', 'U12429', 'U10549']",5
U9270,"['U5323', 'U453', 'U8770', 'U4651', 'U3127', 'U10037']",6
U9271,[],0
U9272,"['U23', 'U6866', 'U2239', 'U699', 'U9520', 'U3802', 'U4830', 'U8792']",8
U9273,"['U11876', 'U13694', 'U8437', 'U4242', 'U8488', 'U5351', 'U4459']",7
U9274,"['U9906', 'U7617']",2
U9275,"['U5393', 'U8104', 'U2164', 'U10578', 'U10260']",5
U9276,"['U12375', 'U5956', 'U8883', 'U2686']",4
U9277,"['U9696', 'U7029', 'U10698', 'U10324']",4
U9278,"['U4405', 'U12256', 'U10058', 'U11303', 'U12728', 'U8495', 'U2380', 'U3977', 'U8821', 'U219', 'U13608', 'U825']",12
U9279,"['U2975', 'U3769', 'U4468', 'U12470', 'U282', 'U12843', 'U5751', 'U6165', 'U9190', 'U3706']",10
U9280,"['U8304', 'U11740', 'U2907', 'U9666', 'U11244', 'U2371', 'U14396', 'U10323']",8
U9281,"['U14755', 'U9671', 'U9529', 'U7664', 'U2223', 'U14036']",6
U9282,"['U6060', 'U104', 'U9694', 'U14678', 'U8664', 'U14771']",6
U9283,"['U6077', 'U13917', 'U6135']",3
U9284,['U11701'],1
U9285,"['U2375', 'U4338', 'U6708', 'U5397']",4
U9286,"['U7336', 'U13549', 'U7094']",3
U9287,"['U11568', 'U9615', 'U12453', 'U3547']",4
U9288,"['U12556', 'U6712', 'U2065']",3
U9289,"['U14030', 'U837', 'U13482', 'U503', 'U11029', 'U4434', 'U14605', 'U8984', 'U5434', 'U3764']",10
U9290,"['U14156', 'U10243', 'U2962', 'U10620', 'U3996', 'U12384']",6
U9291,"['U12489', 'U551', 'U1617', 'U978', 'U3448', 'U8823', 'U6702', 'U3154', 'U13112']",9
U9292,"['U8875', 'U6409', 'U7394', 'U8272', 'U14363', 'U12138', 'U12127']",7
U9293,"['U8060', 'U7175', 'U6349', 'U14976']",4
U9294,"['U4296', 'U6687', 'U13969', 'U2081', 'U11174']",5
U9295,"['U2280', 'U5082', 'U3776', 'U7283']",4
U9296,"['U9084', 'U2044']",2
U9297,"['U11738', 'U7394', 'U12479', 'U5402', 'U5583']",5
U9298,"['U7205', 'U13904', 'U14557', 'U13511', 'U12792', 'U6541', 'U797']",7
U9299,"['U862', 'U14698', 'U14406']",3
U9300,"['U8061', 'U9212']",2
U9301,"['U11672', 'U5401', 'U3121', 'U9689', 'U8322', 'U12268']",6
U9302,"['U12866', 'U1977', 'U5563', 'U45', 'U12022', 'U1018']",6
U9303,"['U13333', 'U10516', 'U13617']",3
U9304,"['U9005', 'U9675', 'U4381', 'U9075']",4
U9305,"['U8130', 'U10117', 'U1088']",3
U9306,"['U9930', 'U10525', 'U10715', 'U3447', 'U9502']",5
U9307,"['U10896', 'U12436', 'U6272', 'U9251', 'U701', 'U3041', 'U12337']",7
U9308,"['U13143', 'U10220', 'U5898', 'U3454']",4
U9309,"['U14299', 'U11286', 'U8279']",3
U9310,"['U3800', 'U3796', 'U7913', 'U6900', 'U9120', 'U1936', 'U9567']",7
U9311,"['U3392', 'U11231', 'U14531']",3
U9312,"['U4907', 'U7275', 'U9930', 'U13408', 'U12325']",5
U9313,"['U10207', 'U14240', 'U13280', 'U4336', 'U11949']",5
U9314,"['U13147', 'U6497']",2
U9315,"['U13114', 'U5976', 'U6170', 'U5267', 'U9377', 'U10943']",6
U9316,"['U1465', 'U12648', 'U2386']",3
U9317,"['U1509', 'U9550', 'U2629']",3
U9318,"['U6539', 'U519', 'U14553']",3
U9319,"['U13462', 'U1713', 'U4632', 'U12277']",4
U9320,"['U6582', 'U504', 'U6572', 'U14230', 'U7437', 'U11218', 'U7313']",7
U9321,"['U1', 'U870', 'U11246', 'U3883', 'U5563', 'U3026']",6
U9322,"['U11699', 'U10305', 'U14284', 'U3008', 'U3555', 'U10856']",6
U9323,"['U10220', 'U9679', 'U8095', 'U4496']",4
U9324,"['U7691', 'U6209', 'U10289', 'U2444', 'U3235', 'U1789', 'U10990']",7
U9325,[],0
U9326,['U10943'],1
U9327,['U5971'],1
U9328,"['U4410', 'U1015', 'U410', 'U2751']",4
U9329,"['U6918', 'U2480', 'U4433', 'U9454', 'U8090', 'U13740', 'U8705', 'U55']",8
U9330,"['U6858', 'U13232', 'U1758']",3
U9331,"['U8473', 'U10996', 'U9119', 'U1115']",4
U9332,"['U7547', 'U11704', 'U630', 'U6319', 'U14237']",5
U9333,"['U9082', 'U1255']",2
U9334,"['U7542', 'U13050', 'U10548']",3
U9335,"['U3270', 'U4745', 'U5512', 'U5208']",4
U9336,"['U4419', 'U13367', 'U12345']",3
U9337,"['U10303', 'U10575', 'U4821', 'U15000', 'U13148']",5
U9338,"['U13253', 'U14922', 'U10212', 'U13745', 'U1414', 'U5485', 'U11006']",7
U9339,"['U3413', 'U93', 'U7564', 'U11025', 'U9747', 'U4229']",6
U9340,"['U118', 'U12988', 'U5370', 'U5603', 'U1057']",5
U9341,"['U12926', 'U11731', 'U9471', 'U12890', 'U8862']",5
U9342,"['U2540', 'U7924', 'U13612', 'U5209']",4
U9343,"['U9185', 'U2506', 'U8260', 'U1420', 'U14773', 'U12961']",6
U9344,"['U6099', 'U6349', 'U13066']",3
U9345,"['U4953', 'U3558', 'U475']",3
U9346,['U4088'],1
U9347,"['U9463', 'U5640', 'U6953', 'U10353', 'U1407', 'U7665']",6
U9348,"['U5397', 'U13353', 'U14956', 'U7645', 'U6156', 'U9644', 'U5056', 'U10211']",8
U9349,"['U2356', 'U3423', 'U14261', 'U3706', 'U7041', 'U13315', 'U549', 'U12750']",8
U9350,"['U7520', 'U1357', 'U9428', 'U1824', 'U11286', 'U1719']",6
U9351,['U8816'],1
U9352,['U1430'],1
U9353,"['U1003', 'U1643']",2
U9354,"['U12020', 'U12416']",2
U9355,"['U4321', 'U3878', 'U7146', 'U11077']",4
U9356,"['U14877', 'U9667', 'U2158', 'U14049', 'U9396']",5
U9357,['U8140'],1
U9358,"['U10626', 'U5181', 'U14825']",3
U9359,"['U5252', 'U11838', 'U13789', 'U697', 'U4989', 'U764']",6
U9360,"['U5938', 'U6639', 'U12124']",3
U9361,"['U9503', 'U3606', 'U14563', 'U7111', 'U12927', 'U14965']",6
U9362,"['U511', 'U8161', 'U9464', 'U7420', 'U11863']",5
U9363,"['U5706', 'U4050', 'U645', 'U5534', 'U11901', 'U8546', 'U12562', 'U1445', 'U268']",9
U9364,"['U3466', 'U9905']",2
U9365,"['U9812', 'U8543']",2
U9366,"['U12572', 'U8941', 'U71', 'U5133']",4
U9367,"['U1342', 'U8613']",2
U9368,"['U8192', 'U12733', 'U7026']",3
U9369,"['U577', 'U6874', 'U5222', 'U14549', 'U2235', 'U2496', 'U3158', 'U4058']",8
U9370,"['U13806', 'U13378', 'U2470']",3
U9371,"['U7828', 'U8404', 'U2373']",3
U9372,"['U7410', 'U8533', 'U2121', 'U5789', 'U8736', 'U7785', 'U10968']",7
U9373,"['U7160', 'U4725', 'U13973']",3
U9374,"['U14190', 'U4875', 'U11024', 'U2488']",4
U9375,"['U10776', 'U2552', 'U2717', 'U1303', 'U11798']",5
U9376,"['U8719', 'U6266', 'U1557', 'U5270', 'U14487', 'U8810', 'U9797']",7
U9377,"['U11529', 'U7320', 'U6946', 'U14306', 'U7621', 'U6317', 'U6445', 'U470']",8
U9378,"['U2588', 'U8062', 'U3042', 'U6539', 'U3676', 'U737', 'U4409', 'U3515', 'U5132']",9
U9379,"['U10064', 'U10875', 'U2472', 'U448', 'U4049', 'U13511']",6
U9380,"['U9645', 'U5997', 'U3745', 'U10048', 'U2715', 'U3481', 'U504', 'U7825']",8
U9381,"['U14449', 'U13894', 'U7789', 'U1579', 'U12318', 'U2602', 'U8126']",7
U9382,"['U1174', 'U5141', 'U529', 'U7387']",4
U9383,"['U14511', 'U7659', 'U14805', 'U7380', 'U4219', 'U9600', 'U409']",7
U9384,"['U5588', 'U1974', 'U8383', 'U12458', 'U8439', 'U5796', 'U10859', 'U13161']",8
U9385,"['U6276', 'U14020', 'U13701', 'U11618', 'U9442', 'U11246', 'U7413']",7
U9386,"['U6772', 'U9181', 'U4462', 'U6609']",4
U9387,"['U5216', 'U14655', 'U6437', 'U4814']",4
U9388,"['U3494', 'U9186', 'U13735', 'U1463', 'U9341', 'U9151']",6
U9389,"['U4817', 'U450', 'U6595', 'U3425', 'U1540']",5
U9390,"['U11163', 'U1179', 'U14744', 'U11458']",4
U9391,"['U8641', 'U3994', 'U5213']",3
U9392,"['U6334', 'U9493', 'U2171', 'U3820', 'U11874', 'U7898']",6
U9393,"['U1454', 'U8122', 'U9715']",3
U9394,"['U3964', 'U10702', 'U2081', 'U6464']",4
U9395,"['U1356', 'U2456', 'U10423', 'U12583', 'U1407', 'U12270']",6
U9396,['U12079'],1
U9397,"['U11148', 'U6572']",2
U9398,['U10304'],1
U9399,"['U189', 'U2076', 'U14214', 'U10311', 'U61', 'U6705', 'U12245', 'U3867', 'U7504']",9
U9400,"['U3652', 'U13328', 'U4631', 'U14004']",4
U9401,"['U3704', 'U14554', 'U14068', 'U8658', 'U13827', 'U10304', 'U1744']",7
U9402,"['U1989', 'U2933', 'U4394', 'U13242', 'U2606']",5
U9403,"['U2793', 'U6150']",2
U9404,"['U1614', 'U13419', 'U8549', 'U14797', 'U13899', 'U7446']",6
U9405,"['U11316', 'U4186', 'U3052', 'U2708', 'U7579']",5
U9406,"['U3142', 'U5726', 'U6657', 'U5098']",4
U9407,"['U6662', 'U3178', 'U3020', 'U13479', 'U422', 'U11839', 'U4384', 'U9645']",8
U9408,"['U8058', 'U13550']",2
U9409,"['U8112', 'U4320', 'U11277', 'U4773', 'U3461', 'U2813']",6
U9410,"['U4272', 'U6479', 'U5398']",3
U9411,['U14538'],1
U9412,"['U6197', 'U7328']",2
U9413,"['U7404', 'U9082', 'U5515', 'U5681', 'U8963']",5
U9414,"['U12401', 'U14168', 'U5088', 'U13430', 'U788']",5
U9415,"['U1209', 'U5993', 'U4527']",3
U9416,"['U9636', 'U6552', 'U159', 'U9226', 'U13096', 'U2829', 'U6860', 'U11231', 'U13229']",9
U9417,"['U3161', 'U6148', 'U7688', 'U4739', 'U5974', 'U8463']",6
U9418,"['U10298', 'U2985', 'U6920', 'U12174', 'U3337', 'U836']",6
U9419,"['U8492', 'U7628', 'U1151', 'U6772', 'U13837']",5
U9420,"['U12245', 'U8427', 'U10618', 'U3165']",4
U9421,"['U10799', 'U8172', 'U156', 'U74', 'U3935', 'U6030', 'U6703', 'U1476']",8
U9422,"['U6224', 'U11842', 'U12542', 'U11086', 'U8025', 'U5418']",6
U9423,"['U6387', 'U6899', 'U2975', 'U2110', 'U9766']",5
U9424,"['U2599', 'U3127', 'U13788', 'U13148']",4
U9425,"['U9058', 'U8005', 'U1427', 'U6472', 'U14738', 'U3377']",6
U9426,"['U8586', 'U2807', 'U6691', 'U12116']",4
U9427,"['U4486', 'U13524', 'U2293', 'U2292', 'U805', 'U3397']",6
U9428,"['U12774', 'U4683', 'U8783', 'U356']",4
U9429,"['U11798', 'U5679', 'U13304', 'U5285', 'U12673']",5
U9430,"['U1735', 'U1492', 'U9261']",3
U9431,"['U6905', 'U287', 'U2888', 'U9825', 'U12560']",5
U9432,"['U2484', 'U11393', 'U8019', 'U6167']",4
U9433,"['U4873', 'U6226', 'U11413', 'U8543', 'U1298']",5
U9434,"['U6185', 'U10862', 'U2184', 'U10061']",4
U9435,"['U13166', 'U4827', 'U2508', 'U5446', 'U4342']",5
U9436,"['U12840', 'U5389', 'U9974', 'U8568', 'U6489', 'U6170', 'U1950', 'U14398', 'U11996']",9
U9437,"['U11189', 'U68', 'U1555', 'U10496', 'U14029', 'U11629', 'U12221']",7
U9438,"['U715', 'U8476', 'U14445', 'U3629', 'U2114', 'U4214']",6
U9439,"['U11838', 'U8321', 'U6917', 'U13589']",4
U9440,"['U7721', 'U14810', 'U4669', 'U6100', 'U8730', 'U10124']",6
U9441,"['U9039', 'U894', 'U14836', 'U6299', 'U7847']",5
U9442,"['U7753', 'U2821', 'U684', 'U9628', 'U9221', 'U6281']",6
U9443,"['U5390', 'U14585', 'U1839']",3
U9444,"['U3514', 'U8491', 'U446', 'U8198']",4
U9445,"['U12340', 'U6839', 'U14614']",3
U9446,"['U5070', 'U2003', 'U9521', 'U14524', 'U8928']",5
U9447,"['U4076', 'U8201', 'U12179', 'U1935']",4
U9448,"['U12985', 'U7668', 'U13492', 'U988', 'U11245', 'U335']",6
U9449,"['U3692', 'U3931', 'U4983', 'U1640']",4
U9450,"['U14087', 'U11333', 'U9004', 'U9666', 'U9716', 'U6970', 'U6293', 'U1230']",8
U9451,"['U2808', 'U5060', 'U10538', 'U5741']",4
U9452,"['U14443', 'U11949', 'U14329']",3
U9453,"['U5282', 'U6680', 'U11292']",3
U9454,"['U353', 'U7023', 'U1185', 'U10607', 'U13160', 'U9620', 'U5597']",7
U9455,"['U4107', 'U10933', 'U726', 'U1498', 'U2031']",5
U9456,"['U791', 'U5808', 'U201', 'U2291', 'U7932', 'U6840', 'U6853', 'U13203', 'U8145']",9
U9457,"['U7574', 'U423']",2
U9458,"['U5266', 'U5293', 'U12057', 'U8992', 'U6707', 'U1825']",6
U9459,['U2803'],1
U9460,"['U5041', 'U2501', 'U1674', 'U9238', 'U4139', 'U1033']",6
U9461,"['U11346', 'U6990', 'U10171']",3
U9462,"['U4908', 'U2101', 'U10872']",3
U9463,"['U5847', 'U2867']",2
U9464,"['U513', 'U5633', 'U11546']",3
U9465,"['U2950', 'U1879', 'U4293', 'U9478', 'U552']",5
U9466,"['U9112', 'U13931', 'U6388']",3
U9467,"['U193', 'U14138', 'U4471', 'U11248', 'U12538']",5
U9468,"['U5664', 'U5839', 'U9656', 'U13546', 'U4717', 'U2890']",6
U9469,"['U410', 'U2419', 'U7514', 'U7465', 'U843', 'U8810', 'U7934', 'U14690']",8
U9470,"['U600', 'U13350', 'U12106', 'U7316', 'U13961', 'U13224', 'U4483']",7
U9471,"['U6872', 'U4973']",2
U9472,"['U8605', 'U11358', 'U7737', 'U14126', 'U5407', 'U11122']",6
U9473,"['U10053', 'U12082', 'U10986', 'U4843', 'U13862', 'U11134']",6
U9474,"['U12468', 'U7384', 'U4761', 'U7046', 'U690']",5
U9475,"['U985', 'U12780', 'U4444', 'U9772', 'U6226', 'U8284', 'U390', 'U12918', 'U1706', 'U9892']",10
U9476,"['U5078', 'U10138', 'U3531', 'U1196']",4
U9477,"['U4578', 'U6398', 'U45', 'U2430', 'U12602', 'U1753']",6
U9478,"['U13108', 'U13915', 'U3724']",3
U9479,"['U3943', 'U578', 'U8513', 'U8733', 'U14564', 'U1643']",6
U9480,['U14933'],1
U9481,"['U928', 'U14179', 'U11675', 'U9341', 'U2357', 'U7541', 'U2156', 'U3315', 'U8769']",9
U9482,"['U7205', 'U13064', 'U5516']",3
U9483,"['U8843', 'U7244']",2
U9484,"['U7451', 'U11981']",2
U9485,"['U12523', 'U14070']",2
U9486,"['U14643', 'U4579', 'U534', 'U6076', 'U10655']",5
U9487,"['U11162', 'U11936', 'U386', 'U12320']",4
U9488,"['U790', 'U1122', 'U5909', 'U11343', 'U12719', 'U9494']",6
U9489,"['U7761', 'U14910', 'U4578', 'U13458']",4
U9490,"['U11172', 'U4430']",2
U9491,"['U4874', 'U5025', 'U2329', 'U5370', 'U2484', 'U6384']",6
U9492,"['U3559', 'U4116', 'U3066', 'U761', 'U10776', 'U11804', 'U8087', 'U7986', 'U14819', 'U582', 'U2502']",11
U9493,"['U2059', 'U5114', 'U12217']",3
U9494,"['U2818', 'U12772', 'U8376', 'U5755', 'U1566', 'U941', 'U428']",7
U9495,"['U5839', 'U4808', 'U8433']",3
U9496,"['U12852', 'U7438', 'U7256', 'U9648']",4
U9497,"['U3852', 'U8430', 'U4344', 'U13105']",4
U9498,"['U11375', 'U7972', 'U5758', 'U2757', 'U12779']",5
U9499,"['U3325', 'U6337', 'U6577', 'U10680', 'U2563']",5
U9500,"['U13527', 'U12164', 'U1006', 'U1534', 'U12591', 'U3790', 'U8001']",7
U9501,"['U11033', 'U1279', 'U1082', 'U523', 'U3513']",5
U9502,"['U292', 'U11461', 'U686', 'U12499', 'U5262']",5
U9503,"['U11650', 'U1458', 'U8037']",3
U9504,"['U8205', 'U11240', 'U5924', 'U3676', 'U12811', 'U4901', 'U5803', 'U11214']",8
U9505,"['U9203', 'U7559', 'U7328', 'U7554', 'U2769', 'U11290']",6
U9506,"['U10768', 'U3879', 'U14231', 'U5552', 'U3283', 'U8001', 'U2870', 'U5390']",8
U9507,"['U11089', 'U1924']",2
U9508,"['U1129', 'U12114', 'U8030', 'U4001', 'U805', 'U8767', 'U6626']",7
U9509,"['U2443', 'U6444', 'U6670', 'U13474']",4
U9510,"['U7291', 'U109', 'U6033', 'U12960', 'U2758', 'U12433']",6
U9511,"['U5766', 'U2776', 'U4728', 'U3982', 'U10490', 'U10743']",6
U9512,['U5021'],1
U9513,"['U10082', 'U6301']",2
U9514,"['U3963', 'U3192', 'U6586']",3
U9515,"['U13580', 'U1975', 'U10147']",3
U9516,"['U14625', 'U3155', 'U2094', 'U3154']",4
U9517,"['U7030', 'U7236', 'U1348', 'U4681', 'U14768', 'U13507', 'U5914', 'U2713', 'U8917']",9
U9518,"['U14130', 'U13845', 'U1115', 'U8638', 'U2859', 'U1136', 'U2308', 'U5920', 'U14861', 'U4919']",10
U9519,"['U11532', 'U11549', 'U7710', 'U5572']",4
U9520,"['U6622', 'U6882', 'U12515', 'U3160']",4
U9521,"['U7801', 'U2618', 'U5084', 'U9385', 'U13228', 'U7824', 'U12466']",7
U9522,"['U14415', 'U4928', 'U3142', 'U7764', 'U8726']",5
U9523,"['U14876', 'U13329', 'U3147', 'U558']",4
U9524,"['U6563', 'U13389', 'U9001', 'U135']",4
U9525,"['U13407', 'U13098', 'U11799', 'U5436', 'U8821', 'U9363']",6
U9526,"['U851', 'U6277', 'U8635', 'U3359']",4
U9527,"['U12945', 'U7365', 'U12985']",3
U9528,"['U490', 'U5147', 'U8259']",3
U9529,"['U5955', 'U8837', 'U14582', 'U6902', 'U13525', 'U14571']",6
U9530,"['U1675', 'U13699', 'U5879', 'U2582', 'U9028', 'U128']",6
U9531,"['U4064', 'U12925', 'U14923', 'U8838', 'U9585']",5
U9532,"['U10302', 'U10342', 'U8242', 'U6868', 'U11021', 'U13079', 'U3273', 'U8259']",8
U9533,"['U5307', 'U5843']",2
U9534,"['U8951', 'U818', 'U133', 'U1494', 'U3230']",5
U9535,[],0
U9536,"['U6013', 'U7596', 'U10776', 'U13460', 'U3312', 'U10636', 'U12341']",7
U9537,"['U7497', 'U8946', 'U1581', 'U3369', 'U5669', 'U7513']",6
U9538,"['U10478', 'U14834', 'U2209', 'U3705', 'U12765', 'U7206', 'U7702']",7
U9539,"['U1225', 'U10219', 'U9970', 'U3506', 'U6325']",5
U9540,"['U12849', 'U8835', 'U5625', 'U6916']",4
U9541,"['U3921', 'U13995', 'U10625', 'U5291', 'U11075']",5
U9542,"['U1575', 'U7122', 'U202', 'U1244']",4
U9543,"['U14184', 'U10783', 'U9281', 'U8206', 'U13727', 'U6765']",6
U9544,"['U13442', 'U1276']",2
U9545,"['U2063', 'U5831']",2
U9546,"['U9323', 'U3697', 'U13946', 'U5933', 'U11464']",5
U9547,['U266'],1
U9548,"['U12358', 'U3045', 'U1050', 'U5162', 'U7016', 'U11770']",6
U9549,"['U5454', 'U7220', 'U8931', 'U12735', 'U13934', 'U3309', 'U2138']",7
U9550,"['U1777', 'U3478', 'U7557']",3
U9551,"['U3394', 'U14040', 'U14733']",3
U9552,"['U3422', 'U13727', 'U9332', 'U12898', 'U12201', 'U615', 'U99']",7
U9553,"['U6883', 'U14499', 'U3116', 'U1976', 'U6973']",5
U9554,"['U7192', 'U8669', 'U3519', 'U7509']",4
U9555,"['U14904', 'U12820', 'U8949', 'U1317', 'U2209', 'U9058', 'U5670', 'U13449', 'U142']",9
U9556,"['U8311', 'U3040', 'U7705', 'U8904', 'U6525', 'U4000', 'U1395']",7
U9557,['U10811'],1
U9558,"['U3074', 'U2695', 'U5975', 'U9011', 'U904', 'U5663']",6
U9559,"['U8347', 'U3558', 'U5793']",3
U9560,"['U14996', 'U1216', 'U2792', 'U12058', 'U7742']",5
U9561,"['U13263', 'U12538', 'U2661', 'U9227', 'U6423']",5
U9562,"['U13005', 'U1835', 'U6958', 'U14370']",4
U9563,"['U346', 'U12377', 'U5701']",3
U9564,"['U12766', 'U9228', 'U14349']",3
U9565,"['U14031', 'U12486', 'U9702', 'U11143', 'U7865']",5
U9566,"['U10499', 'U2936', 'U5940', 'U2555']",4
U9567,"['U3771', 'U2993', 'U12308', 'U1787', 'U4169']",5
U9568,"['U3038', 'U8923', 'U13582', 'U2912', 'U4752']",5
U9569,"['U14128', 'U1034', 'U824', 'U5626', 'U10969', 'U10366', 'U3563', 'U11890']",8
U9570,"['U6876', 'U581', 'U4395', 'U3562', 'U6372', 'U12858', 'U553']",7
U9571,"['U2199', 'U12899']",2
U9572,"['U3130', 'U9082', 'U4759']",3
U9573,"['U11987', 'U12182', 'U8393', 'U4089', 'U5259']",5
U9574,"['U13582', 'U2550', 'U3717', 'U6051', 'U1084']",5
U9575,"['U8117', 'U2376', 'U11839', 'U11654', 'U12077', 'U2557', 'U1044']",7
U9576,"['U760', 'U3113', 'U2236']",3
U9577,"['U6511', 'U8955', 'U7473']",3
U9578,"['U13145', 'U11586', 'U5232', 'U5914']",4
U9579,"['U1071', 'U9160', 'U12330']",3
U9580,"['U9794', 'U1894', 'U954', 'U12462', 'U6224']",5
U9581,"['U12664', 'U5977', 'U6132', 'U7698', 'U11240', 'U3010', 'U6164', 'U1767']",8
U9582,"['U8811', 'U9263', 'U5636', 'U14082', 'U4680', 'U8174', 'U2508', 'U13956']",8
U9583,"['U14483', 'U205', 'U7211', 'U11172']",4
U9584,"['U1038', 'U1224', 'U8824', 'U13377', 'U14811', 'U5884', 'U8790']",7
U9585,"['U11462', 'U9414', 'U8868']",3
U9586,"['U10999', 'U6849', 'U2084', 'U3471', 'U13415']",5
U9587,"['U7211', 'U739', 'U4567', 'U5144', 'U6226']",5
U9588,"['U11896', 'U1681']",2
U9589,"['U2811', 'U7035', 'U11040', 'U14209', 'U4092', 'U1462']",6
U9590,"['U6602', 'U11471', 'U10954', 'U10735']",4
U9591,"['U5295', 'U14707']",2
U9592,"['U14807', 'U6826', 'U4009', 'U12970', 'U14906', 'U5509']",6
U9593,"['U2544', 'U7522', 'U949', 'U7609', 'U14187', 'U2193', 'U369', 'U9436']",8
U9594,"['U10824', 'U9044', 'U11971', 'U12615', 'U8743', 'U3829', 'U6282']",7
U9595,['U7361'],1
U9596,"['U11107', 'U10204', 'U6199', 'U1674', 'U13164', 'U4229', 'U11966', 'U1082', 'U2055', 'U4682']",10
U9597,"['U13743', 'U13373', 'U6610']",3
U9598,"['U14634', 'U9123', 'U11797']",3
U9599,"['U8517', 'U4948', 'U12188', 'U7499', 'U7412', 'U4074', 'U3407', 'U13028']",8
U9600,"['U12050', 'U2126', 'U6387', 'U11682', 'U8443', 'U14776', 'U1465', 'U10672', 'U5943']",9
U9601,"['U11607', 'U12829', 'U14725', 'U11854', 'U12628', 'U12083']",6
U9602,"['U7480', 'U11151', 'U12584']",3
U9603,"['U4385', 'U9004', 'U9235', 'U12341', 'U7151', 'U6180', 'U4672']",7
U9604,"['U9288', 'U3170', 'U8364']",3
U9605,"['U7056', 'U8954', 'U10794', 'U6252']",4
U9606,"['U6350', 'U902', 'U6772']",3
U9607,"['U3050', 'U3248']",2
U9608,"['U888', 'U14161', 'U8576']",3
U9609,"['U12662', 'U10887', 'U9992', 'U6794']",4
U9610,"['U6609', 'U13702', 'U10362', 'U6955']",4
U9611,"['U9106', 'U10150', 'U3196', 'U1257', 'U8796', 'U7597', 'U598']",7
U9612,"['U6000', 'U14362', 'U681', 'U13959', 'U4736', 'U412', 'U10870']",7
U9613,"['U2548', 'U3236', 'U1471', 'U3239', 'U4782', 'U9351', 'U11608', 'U1255', 'U1251', 'U2404', 'U11865']",11
U9614,"['U11700', 'U2207']",2
U9615,"['U14591', 'U9784', 'U4787', 'U11808', 'U11319']",5
U9616,"['U5423', 'U4919', 'U14591', 'U4423']",4
U9617,"['U12829', 'U5513', 'U12668', 'U8343', 'U8680', 'U7192', 'U13356']",7
U9618,"['U7018', 'U12134', 'U4537', 'U6635']",4
U9619,"['U159', 'U12567', 'U1588', 'U14607']",4
U9620,"['U6807', 'U7095', 'U6024']",3
U9621,"['U630', 'U3607']",2
U9622,"['U501', 'U93', 'U1859', 'U8061', 'U7657', 'U14188', 'U14048', 'U10930']",8
U9623,"['U6640', 'U10247', 'U12746', 'U5394']",4
U9624,['U6120'],1
U9625,"['U13434', 'U7627', 'U7551', 'U8637', 'U14134']",5
U9626,"['U12115', 'U3627', 'U8684', 'U6598', 'U12302', 'U11614']",6
U9627,"['U4814', 'U9006', 'U2086', 'U3995']",4
U9628,"['U5553', 'U9012', 'U14688']",3
U9629,['U9242'],1
U9630,"['U9143', 'U10162', 'U3896', 'U11362', 'U514', 'U4938']",6
U9631,"['U8585', 'U8623', 'U13430']",3
U9632,"['U14364', 'U6699']",2
U9633,[],0
U9634,['U117'],1
U9635,"['U6431', 'U13881', 'U6335', 'U6445', 'U13885', 'U5544', 'U13370', 'U6389']",8
U9636,['U13691'],1
U9637,"['U13358', 'U5409', 'U7577', 'U14251', 'U7356']",5
U9638,"['U5856', 'U197']",2
U9639,"['U2640', 'U4145', 'U12089', 'U3808', 'U1743']",5
U9640,"['U5063', 'U8785', 'U4878']",3
U9641,"['U9653', 'U1751', 'U544', 'U11114']",4
U9642,"['U2423', 'U4552', 'U151', 'U630', 'U8403', 'U10964', 'U11136']",7
U9643,"['U11254', 'U3989', 'U6068', 'U13722']",4
U9644,"['U13738', 'U13982', 'U11958']",3
U9645,[],0
U9646,"['U4964', 'U14153', 'U14153']",3
U9647,"['U2369', 'U12220']",2
U9648,"['U12050', 'U1217', 'U2231', 'U9243', 'U2297']",5
U9649,"['U339', 'U10437', 'U11924']",3
U9650,"['U4708', 'U1189', 'U5717']",3
U9651,"['U10716', 'U8325', 'U6421', 'U11635', 'U2451', 'U3423', 'U6290']",7
U9652,"['U7969', 'U1158', 'U4996', 'U14856', 'U14868', 'U10935']",6
U9653,"['U5228', 'U4921', 'U11893', 'U8135']",4
U9654,"['U2588', 'U5785', 'U7154', 'U7047']",4
U9655,"['U2740', 'U3549', 'U10893', 'U5496']",4
U9656,"['U9496', 'U3788', 'U1026', 'U2383', 'U11834', 'U8442', 'U11682', 'U2661', 'U11272']",9
U9657,"['U5392', 'U7064', 'U1272', 'U12434', 'U6024', 'U14020']",6
U9658,"['U5139', 'U14047', 'U8615', 'U9417', 'U6319', 'U13773']",6
U9659,"['U12919', 'U14935']",2
U9660,"['U4206', 'U942', 'U10192', 'U11537', 'U12405', 'U14771']",6
U9661,"['U14784', 'U2674', 'U10213', 'U4273']",4
U9662,"['U7958', 'U11482', 'U402', 'U8107', 'U8482', 'U13039', 'U8264', 'U12499', 'U5673']",9
U9663,"['U11208', 'U10596', 'U734', 'U1808']",4
U9664,"['U1546', 'U9039']",2
U9665,"['U7273', 'U266', 'U10805', 'U5740']",4
U9666,"['U13397', 'U4106', 'U2071', 'U10932', 'U12472']",5
U9667,"['U1183', 'U13135']",2
U9668,"['U11991', 'U6918', 'U7132', 'U10793', 'U2282', 'U4762', 'U14973', 'U6015', 'U1465', 'U2713']",10
U9669,"['U6653', 'U13864', 'U14874', 'U7170', 'U14730', 'U10225', 'U13104']",7
U9670,"['U14515', 'U10140', 'U8038', 'U2480', 'U9795', 'U10349']",6
U9671,"['U9384', 'U5336', 'U6170', 'U11720']",4
U9672,"['U4873', 'U3239', 'U12751', 'U9522', 'U9233']",5
U9673,"['U11045', 'U5108']",2
U9674,['U6101'],1
U9675,"['U11305', 'U12231', 'U9539', 'U3935']",4
U9676,"['U10361', 'U12340', 'U9583', 'U13142', 'U10593', 'U3613']",6
U9677,"['U2462', 'U12799', 'U4563', 'U9279', 'U13278']",5
U9678,"['U11144', 'U11423', 'U14656', 'U4035']",4
U9679,"['U14019', 'U8361', 'U5229', 'U2305', 'U5840']",5
U9680,"['U10135', 'U10105', 'U8233', 'U3320', 'U10917']",5
U9681,"['U4932', 'U13096', 'U2820', 'U12322', 'U4100']",5
U9682,"['U7295', 'U10956', 'U1203', 'U11914']",4
U9683,"['U9444', 'U1807', 'U11858']",3
U9684,"['U6856', 'U10657', 'U680', 'U14629']",4
U9685,"['U3690', 'U6758', 'U11831', 'U6225', 'U3752']",5
U9686,"['U131', 'U9903', 'U8052']",3
U9687,"['U6482', 'U8545', 'U12118', 'U2151', 'U2715', 'U9958', 'U4908', 'U5274', 'U481', 'U11884', 'U4040', 'U12279']",12
U9688,"['U7760', 'U12588', 'U10551', 'U6858', 'U4470']",5
U9689,"['U9226', 'U10094', 'U4824']",3
U9690,"['U7788', 'U10', 'U1944', 'U8640', 'U6368', 'U3431', 'U2326']",7
U9691,"['U9153', 'U2718', 'U7663', 'U14306', 'U7034', 'U1300']",6
U9692,"['U5847', 'U1572', 'U11923', 'U10582', 'U4365', 'U4348', 'U4601', 'U2627', 'U5251', 'U6563']",10
U9693,"['U226', 'U2978', 'U11820', 'U2206']",4
U9694,"['U8512', 'U2692', 'U6471']",3
U9695,"['U7859', 'U14901']",2
U9696,"['U7010', 'U7111', 'U10865', 'U12415', 'U4208', 'U9245']",6
U9697,"['U5991', 'U10021', 'U2525']",3
U9698,"['U2257', 'U6845', 'U2362']",3
U9699,"['U13486', 'U11927', 'U7189', 'U10193', 'U14070', 'U7392', 'U4842']",7
U9700,"['U3587', 'U7442', 'U547', 'U3449', 'U3937', 'U2385', 'U1991', 'U13002']",8
U9701,"['U8214', 'U10064', 'U11217', 'U5166']",4
U9702,"['U9278', 'U7122', 'U3183', 'U9725', 'U9895', 'U13909', 'U11594']",7
U9703,"['U3578', 'U9045', 'U6626', 'U2288', 'U12257', 'U5269']",6
U9704,"['U4880', 'U566', 'U9903', 'U6001', 'U2146', 'U10823']",6
U9705,"['U11551', 'U13944', 'U12684', 'U7682']",4
U9706,"['U10340', 'U1481', 'U7948', 'U14533', 'U11838', 'U763', 'U9969']",7
U9707,"['U14163', 'U3304', 'U10479']",3
U9708,"['U6625', 'U9112']",2
U9709,"['U441', 'U14961']",2
U9710,"['U12263', 'U8321', 'U6584', 'U4966', 'U11255', 'U11125', 'U10805', 'U3004', 'U12814']",9
U9711,"['U3861', 'U1310']",2
U9712,"['U831', 'U14950', 'U12595', 'U4851', 'U5599', 'U14899', 'U7356', 'U10115', 'U2541']",9
U9713,"['U12148', 'U8112', 'U4947', 'U1070', 'U2802', 'U9551', 'U2073']",7
U9714,"['U14236', 'U6091', 'U11447']",3
U9715,"['U2930', 'U8609', 'U8898', 'U13717']",4
U9716,"['U7446', 'U6211', 'U10188', 'U12963']",4
U9717,"['U9835', 'U9266', 'U4293', 'U13308', 'U13760', 'U1614', 'U6089']",7
U9718,"['U3056', 'U14918', 'U10280', 'U11251', 'U14948', 'U6639']",6
U9719,['U13008'],1
U9720,"['U11938', 'U720', 'U2383', 'U6896']",4
U9721,"['U5687', 'U10666', 'U10843', 'U1011']",4
U9722,"['U14095', 'U9939', 'U6470', 'U5565', 'U6186', 'U5473', 'U6373', 'U6779']",8
U9723,"['U4478', 'U6613', 'U462']",3
U9724,"['U14048', 'U8124', 'U14522']",3
U9725,['U9842'],1
U9726,"['U10190', 'U2960', 'U6801', 'U7819', 'U3383', 'U1328', 'U7707', 'U13415', 'U10350']",9
U9727,"['U5139', 'U7747', 'U773', 'U1718', 'U2833', 'U10310']",6
U9728,"['U6668', 'U2220', 'U10358', 'U3579', 'U993', 'U14886']",6
U9729,"['U14331', 'U11598', 'U12249', 'U14785', 'U6403']",5
U9730,"['U11770', 'U9726', 'U363', 'U5093']",4
U9731,"['U9054', 'U7515', 'U11380', 'U5697', 'U712', 'U4780']",6
U9732,"['U10075', 'U4590']",2
U9733,['U10336'],1
U9734,"['U4724', 'U263', 'U7685', 'U6917', 'U11083', 'U12726']",6
U9735,"['U11971', 'U8763', 'U543', 'U10297', 'U11793', 'U10286']",6
U9736,"['U1382', 'U10096', 'U12419']",3
U9737,"['U4294', 'U9287', 'U7033', 'U8898', 'U13015', 'U10704', 'U881']",7
U9738,"['U1392', 'U10199', 'U14495', 'U5601', 'U13086', 'U4706', 'U14240', 'U10956', 'U3639']",9
U9739,"['U7724', 'U14711', 'U2027', 'U9245']",4
U9740,"['U2187', 'U13003', 'U6222', 'U221', 'U8066']",5
U9741,"['U9509', 'U9231', 'U10796', 'U5955']",4
U9742,"['U3317', 'U11411', 'U3766', 'U7317']",4
U9743,"['U3914', 'U6011', 'U7324', 'U712', 'U9547']",5
U9744,"['U10524', 'U3925']",2
U9745,"['U1664', 'U7826']",2
U9746,"['U642', 'U3156', 'U14622', 'U2286', 'U10159', 'U10667', 'U1020']",7
U9747,"['U8318', 'U7778', 'U2493', 'U3623']",4
U9748,"['U14024', 'U2210', 'U7112', 'U9665', 'U1897', 'U4745']",6
U9749,"['U370', 'U11222', 'U4471', 'U5437', 'U1371', 'U7776']",6
U9750,"['U966', 'U606', 'U2730', 'U3820']",4
U9751,"['U11264', 'U1770', 'U2343', 'U2335', 'U11951', 'U4407', 'U8072']",7
U9752,"['U13315', 'U5084', 'U12789']",3
U9753,"['U12052', 'U11458', 'U9167']",3
U9754,"['U10754', 'U6579', 'U10641', 'U10713', 'U6624', 'U9715']",6
U9755,"['U11385', 'U7383', 'U9053', 'U6258']",4
U9756,"['U10966', 'U2770', 'U7221', 'U6161']",4
U9757,"['U13620', 'U6886', 'U13198', 'U6235']",4
U9758,"['U4487', 'U5861', 'U12716']",3
U9759,"['U3564', 'U8022', 'U1581', 'U2427']",4
U9760,"['U163', 'U10319', 'U177', 'U2787', 'U8778', 'U13757', 'U9224', 'U12595']",8
U9761,"['U12848', 'U2520', 'U11909', 'U8388']",4
U9762,"['U10984', 'U8187', 'U10893', 'U8097', 'U11546']",5
U9763,"['U13201', 'U2987', 'U12756', 'U506', 'U14618', 'U13983']",6
U9764,"['U8031', 'U4503', 'U6182', 'U2011']",4
U9765,"['U9295', 'U4273', 'U6932', 'U4147', 'U1987', 'U2672']",6
U9766,"['U7120', 'U5831', 'U8635', 'U7770']",4
U9767,['U5416'],1
U9768,"['U2107', 'U8945', 'U1247']",3
U9769,"['U8824', 'U6501', 'U10865', 'U4491', 'U11165']",5
U9770,"['U1232', 'U14371', 'U14839']",3
U9771,"['U10414', 'U6180', 'U13491', 'U9592', 'U14905', 'U1349']",6
U9772,"['U10229', 'U10320', 'U14767', 'U11731']",4
U9773,"['U3304', 'U8147', 'U6503', 'U14054', 'U1693']",5
U9774,"['U7169', 'U5303', 'U5152', 'U10986', 'U7991', 'U8852', 'U6244']",7
U9775,"['U4831', 'U6011', 'U10072', 'U1192']",4
U9776,"['U8296', 'U5041', 'U4344', 'U4957', 'U1771']",5
U9777,"['U13115', 'U664', 'U9314', 'U5876']",4
U9778,"['U2303', 'U2660', 'U10621', 'U2858', 'U11991']",5
U9779,"['U937', 'U14378', 'U2338']",3
U9780,"['U2674', 'U5588', 'U8128', 'U14480', 'U14919']",5
U9781,"['U3426', 'U12852', 'U3518']",3
U9782,"['U1605', 'U1941', 'U1096', 'U2532', 'U5524', 'U14696', 'U8298', 'U4608', 'U13705']",9
U9783,"['U5154', 'U14513']",2
U9784,"['U3227', 'U7941', 'U3907', 'U9175', 'U12821', 'U6821', 'U6128']",7
U9785,"['U3113', 'U9741']",2
U9786,"['U5583', 'U4189', 'U5087', 'U13542']",4
U9787,"['U6188', 'U8354', 'U2399', 'U10589', 'U3965']",5
U9788,[],0
U9789,"['U9405', 'U14148', 'U9633', 'U8862', 'U10331', 'U2589']",6
U9790,"['U14161', 'U11099', 'U6981', 'U5003', 'U14589', 'U12409', 'U10260']",7
U9791,"['U5885', 'U11884', 'U7506', 'U3734', 'U11365', 'U11891']",6
U9792,"['U9929', 'U14038', 'U12558', 'U5895']",4
U9793,"['U13904', 'U13564', 'U11501', 'U3908', 'U2888', 'U6738', 'U6280', 'U8292']",8
U9794,"['U3822', 'U7379', 'U11972', 'U13683', 'U5362']",5
U9795,"['U2204', 'U2231', 'U6242', 'U4083', 'U8415', 'U4552']",6
U9796,['U8430'],1
U9797,['U7650'],1
U9798,"['U11715', 'U13637', 'U3156', 'U5539', 'U8145']",5
U9799,"['U3676', 'U1387', 'U2630', 'U8632']",4
U9800,['U3681'],1
U9801,"['U9449', 'U9313', 'U8587', 'U3724', 'U799', 'U8580', 'U12488']",7
U9802,"['U10022', 'U455', 'U14702']",3
U9803,"['U6388', 'U2282', 'U6846', 'U8290', 'U8842']",5
U9804,"['U2419', 'U7292', 'U831', 'U11523', 'U1977']",5
U9805,"['U14839', 'U13408', 'U3770', 'U13848']",4
U9806,"['U12884', 'U5290', 'U12345', 'U12792', 'U1149']",5
U9807,"['U9299', 'U3733']",2
U9808,"['U5215', 'U1967', 'U9124', 'U2947']",4
U9809,"['U14048', 'U2905', 'U3578', 'U12805', 'U5343']",5
U9810,"['U12737', 'U9916']",2
U9811,"['U13441', 'U3303', 'U7920', 'U10727']",4
U9812,"['U12408', 'U587', 'U6662', 'U8285']",4
U9813,"['U4335', 'U5389', 'U10213']",3
U9814,"['U1710', 'U2589']",2
U9815,"['U981', 'U6174', 'U12376', 'U8155']",4
U9816,"['U1287', 'U865']",2
U9817,"['U5781', 'U3961', 'U14665', 'U962', 'U345', 'U8347']",6
U9818,"['U931', 'U14689', 'U6161']",3
U9819,"['U10427', 'U10814', 'U13866', 'U2010', 'U7625', 'U2272', 'U14282', 'U13025']",8
U9820,"['U4892', 'U1514']",2
U9821,"['U10253', 'U2909', 'U11778', 'U2368', 'U5160']",5
U9822,"['U10985', 'U108', 'U4543', 'U7337']",4
U9823,"['U8535', 'U3071', 'U7498', 'U15000', 'U7269']",5
U9824,"['U14062', 'U2801', 'U8625', 'U5252']",4
U9825,"['U14255', 'U13997', 'U12270', 'U10529', 'U8598', 'U10902']",6
U9826,"['U5171', 'U8362', 'U13898', 'U13868', 'U9550', 'U839', 'U5783', 'U8136', 'U8056']",9
U9827,"['U4863', 'U4913', 'U10008']",3
U9828,"['U9249', 'U2716', 'U9189']",3
U9829,"['U11314', 'U1928', 'U8123', 'U7003', 'U13406', 'U7707', 'U14435', 'U1208', 'U561', 'U6077', 'U11931']",11
U9830,"['U8989', 'U350', 'U12920', 'U900', 'U13421', 'U3715', 'U13788']",7
U9831,"['U143', 'U14821', 'U3771', 'U14950']",4
U9832,"['U8042', 'U8155', 'U1560', 'U5140']",4
U9833,"['U854', 'U7488', 'U6799', 'U7812']",4
U9834,"['U9111', 'U13772', 'U5844', 'U1872', 'U4320', 'U14153', 'U66']",7
U9835,"['U11191', 'U1505', 'U1697', 'U176', 'U14917', 'U3990']",6
U9836,"['U2133', 'U9887', 'U5697', 'U11540', 'U14839', 'U9908', 'U11080', 'U9552']",8
U9837,"['U9022', 'U8894', 'U7064']",3
U9838,"['U10859', 'U11932', 'U14199', 'U13978', 'U5331', 'U6811']",6
U9839,['U9762'],1
U9840,"['U1668', 'U7710', 'U2789', 'U6976', 'U11242', 'U7921']",6
U9841,"['U5003', 'U7667', 'U5079', 'U2247']",4
U9842,"['U2894', 'U5239', 'U6614', 'U8748', 'U11721', 'U11897']",6
U9843,"['U3756', 'U6149', 'U1685', 'U3671', 'U11156', 'U6364']",6
U9844,"['U4676', 'U14989', 'U1954']",3
U9845,"['U10905', 'U8114', 'U10137', 'U12215']",4
U9846,"['U281', 'U10319', 'U7784']",3
U9847,"['U11601', 'U11414', 'U4464', 'U2834']",4
U9848,"['U4905', 'U4126', 'U3637', 'U11082']",4
U9849,['U12977'],1
U9850,"['U10614', 'U950', 'U11387', 'U14334', 'U1141']",5
U9851,"['U6396', 'U14650', 'U9533']",3
U9852,"['U10584', 'U14040', 'U6895', 'U6093']",4
U9853,"['U10688', 'U14983', 'U5287']",3
U9854,"['U10386', 'U12274', 'U4160', 'U8792', 'U14942', 'U901', 'U5348']",7
U9855,"['U3371', 'U8418', 'U2510', 'U10398', 'U1984', 'U12406']",6
U9856,"['U9149', 'U7214', 'U8344', 'U2729', 'U2881', 'U13368', 'U1744', 'U7044']",8
U9857,"['U4580', 'U14856', 'U8766', 'U5191', 'U14410', 'U12605', 'U731']",7
U9858,"['U12365', 'U4109', 'U13255', 'U12626', 'U13754']",5
U9859,"['U13694', 'U2620']",2
U9860,"['U5231', 'U1048', 'U713', 'U4232', 'U9133', 'U10170']",6
U9861,"['U82', 'U13508', 'U11262', 'U11439', 'U1691', 'U9734', 'U6941', 'U5955']",8
U9862,"['U4008', 'U9681', 'U2408', 'U4667']",4
U9863,"['U9224', 'U14603', 'U6361', 'U1174', 'U3221', 'U2656', 'U279', 'U13212', 'U4236']",9
U9864,"['U9344', 'U11433', 'U13999', 'U5156', 'U2461', 'U8761', 'U8468', 'U10872']",8
U9865,"['U5876', 'U672', 'U5595', 'U3579', 'U999', 'U9741', 'U10672']",7
U9866,"['U13574', 'U3517', 'U824', 'U7340', 'U5962', 'U14397', 'U4095', 'U2321', 'U12100', 'U13751', 'U5256']",11
U9867,"['U2202', 'U9870', 'U11376', 'U10706', 'U7632', 'U13836', 'U14522', 'U100', 'U8008']",9
U9868,['U11037'],1
U9869,['U2766'],1
U9870,"['U7751', 'U6294', 'U13601']",3
U9871,"['U7552', 'U6994']",2
U9872,"['U209', 'U14028', 'U6294', 'U6123', 'U4030']",5
U9873,"['U2174', 'U1310', 'U5267', 'U3541', 'U5231']",5
U9874,"['U8912', 'U8399', 'U4334', 'U8423']",4
U9875,"['U10853', 'U14069', 'U7352']",3
U9876,"['U1056', 'U10559', 'U6166', 'U12136']",4
U9877,"['U13087', 'U2187', 'U6879', 'U8047', 'U8274', 'U4708', 'U8744']",7
U9878,"['U7409', 'U11426', 'U9837']",3
U9879,"['U9594', 'U883', 'U4874', 'U10815', 'U7256', 'U9207', 'U9347', 'U886']",8
U9880,"['U14512', 'U4924', 'U8533', 'U11605', 'U3476']",5
U9881,"['U5947', 'U494']",2
U9882,"['U5045', 'U12521', 'U714', 'U10094', 'U2113', 'U687', 'U7835', 'U14890']",8
U9883,"['U5652', 'U4184', 'U10039', 'U7516']",4
U9884,"['U3105', 'U7816', 'U2488', 'U6114', 'U10742', 'U9483', 'U3821']",7
U9885,"['U4992', 'U7744', 'U91', 'U7113', 'U4566', 'U8213', 'U7404']",7
U9886,"['U3525', 'U138']",2
U9887,"['U14008', 'U59', 'U10166', 'U5742', 'U12455', 'U5067']",6
U9888,"['U8926', 'U12327', 'U2061', 'U10866']",4
U9889,"['U1779', 'U12307', 'U3812', 'U14341', 'U4226']",5
U9890,"['U6753', 'U11480', 'U9462', 'U13646']",4
U9891,[],0
U9892,"['U2586', 'U12329', 'U13980', 'U916']",4
U9893,"['U4249', 'U2112', 'U117', 'U4242', 'U869', 'U4502', 'U985', 'U12330']",8
U9894,"['U10579', 'U13416', 'U4204', 'U11083', 'U11233']",5
U9895,"['U10863', 'U4330', 'U5694', 'U5509', 'U3970']",5
U9896,"['U6796', 'U553', 'U8835', 'U3503', 'U10391', 'U9641']",6
U9897,"['U10029', 'U6054', 'U3060', 'U7193']",4
U9898,"['U14233', 'U1810', 'U6151', 'U3785']",4
U9899,"['U8802', 'U7291', 'U3210']",3
U9900,"['U3431', 'U3270', 'U866', 'U7013', 'U2323']",5
U9901,"['U8960', 'U7970', 'U11907', 'U14204', 'U1318']",5
U9902,"['U9820', 'U5453', 'U982']",3
U9903,['U2555'],1
U9904,"['U11263', 'U8343', 'U9203', 'U2261', 'U4886', 'U3727']",6
U9905,"['U13209', 'U10943', 'U5568', 'U8780']",4
U9906,['U1942'],1
U9907,"['U2290', 'U3316', 'U14203', 'U5676', 'U14031', 'U9044', 'U12411']",7
U9908,"['U6332', 'U13501']",2
U9909,"['U10517', 'U1472']",2
U9910,"['U2243', 'U13093']",2
U9911,"['U10821', 'U4842']",2
U9912,"['U10711', 'U4826', 'U6123', 'U12552']",4
U9913,"['U3103', 'U2688', 'U9078', 'U9861']",4
U9914,"['U5478', 'U7852']",2
U9915,"['U7284', 'U14352', 'U11959', 'U6215']",4
U9916,['U44'],1
U9917,"['U2857', 'U2145', 'U3950']",3
U9918,"['U11108', 'U3602', 'U11142', 'U714', 'U8278']",5
U9919,"['U195', 'U12352']",2
U9920,"['U14837', 'U4205', 'U6296', 'U2456', 'U171', 'U7752', 'U5904', 'U7329']",8
U9921,"['U14424', 'U10200', 'U10561', 'U3641']",4
U9922,"['U14331', 'U12223']",2
U9923,"['U4901', 'U4027', 'U10678', 'U7719', 'U9335']",5
U9924,"['U3855', 'U1476', 'U2775', 'U8963', 'U6980']",5
U9925,"['U13734', 'U6819', 'U2617', 'U7931', 'U10232', 'U1552', 'U12045', 'U8573']",8
U9926,"['U7224', 'U12277', 'U797']",3
U9927,"['U6583', 'U3117']",2
U9928,"['U7812', 'U9238', 'U6271', 'U7799', 'U11475']",5
U9929,"['U11831', 'U448', 'U9284']",3
U9930,"['U3461', 'U9042', 'U2020', 'U13500', 'U11027', 'U5879', 'U740']",7
U9931,"['U10229', 'U11894', 'U14537', 'U11560']",4
U9932,"['U4897', 'U5865']",2
U9933,"['U13765', 'U13849', 'U6366']",3
U9934,"['U1116', 'U9593', 'U8255', 'U2253', 'U8454', 'U2487']",6
U9935,['U7929'],1
U9936,"['U13118', 'U12718', 'U4555', 'U3509', 'U6953']",5
U9937,"['U13817', 'U6690', 'U5890']",3
U9938,"['U14801', 'U6196', 'U5002', 'U6993', 'U2830', 'U8686']",6
U9939,"['U12267', 'U10876', 'U11091', 'U1780', 'U14593', 'U1102']",6
U9940,"['U12417', 'U1296', 'U5087', 'U4007']",4
U9941,"['U11237', 'U11309', 'U11277']",3
U9942,"['U10556', 'U6744', 'U3545', 'U4249', 'U1481', 'U14479', 'U9761', 'U13459']",8
U9943,"['U2939', 'U14248', 'U6771', 'U11060', 'U12900']",5
U9944,"['U13701', 'U3281', 'U5010', 'U11338', 'U3572', 'U1228', 'U8719']",7
U9945,"['U7490', 'U11533', 'U14071', 'U8384']",4
U9946,"['U4257', 'U14925', 'U7998', 'U2027']",4
U9947,"['U11690', 'U13401']",2
U9948,"['U10910', 'U1903', 'U14004', 'U8343', 'U5257', 'U10523', 'U8304']",7
U9949,"['U6857', 'U11046', 'U13134', 'U12322', 'U4709', 'U7373']",6
U9950,"['U12016', 'U6285', 'U9154']",3
U9951,"['U10283', 'U4166', 'U7333']",3
U9952,"['U5619', 'U4487', 'U6686', 'U4238', 'U8655']",5
U9953,"['U6838', 'U668']",2
U9954,"['U518', 'U9975']",2
U9955,"['U461', 'U5168', 'U8562', 'U7305', 'U5072', 'U14081', 'U7623', 'U636']",8
U9956,"['U14717', 'U3718', 'U5960', 'U1925', 'U10981']",5
U9957,"['U13726', 'U1098', 'U13059', 'U5608', 'U7407']",5
U9958,"['U7990', 'U13256', 'U2897', 'U729']",4
U9959,"['U5952', 'U4992', 'U12424', 'U10344', 'U2972', 'U14323', 'U8303', 'U4242', 'U1677', 'U13348', 'U2403']",11
U9960,"['U319', 'U6074', 'U2136', 'U2190', 'U9078']",5
U9961,"['U7590', 'U11277', 'U5591', 'U10684', 'U3707', 'U8678']",6
U9962,"['U3894', 'U10161', 'U11880']",3
U9963,"['U7129', 'U4332', 'U13713', 'U12379', 'U14985']",5
U9964,"['U7221', 'U1669', 'U13237']",3
U9965,"['U2440', 'U191']",2
U9966,"['U11026', 'U11763', 'U12510', 'U5104', 'U2745']",5
U9967,"['U1758', 'U4801', 'U12411', 'U6608', 'U4201']",5
U9968,"['U12432', 'U11510', 'U1352', 'U1372', 'U9432']",5
U9969,"['U7170', 'U1376', 'U356', 'U9408', 'U8475', 'U12776']",6
U9970,"['U12680', 'U464', 'U12731', 'U5630']",4
U9971,"['U10067', 'U4154', 'U6456', 'U7417', 'U4711']",5
U9972,"['U4230', 'U5940', 'U9139', 'U2087', 'U12046', 'U4454']",6
U9973,"['U3472', 'U13457', 'U10535', 'U3117', 'U13431', 'U4467']",6
U9974,"['U157', 'U6445', 'U5003', 'U6412', 'U10002', 'U2886', 'U6458']",7
U9975,"['U10193', 'U202', 'U9564', 'U13848']",4
U9976,"['U14564', 'U13949', 'U12131', 'U4243', 'U5350', 'U19', 'U9351']",7
U9977,"['U749', 'U1787', 'U12067', 'U9944']",4
U9978,"['U14455', 'U2252', 'U2901', 'U13670']",4
U9979,"['U627', 'U7709', 'U14893']",3
U9980,"['U2348', 'U3507', 'U10682']",3
U9981,['U10130'],1
U9982,[],0
U9983,"['U388', 'U13331']",2
U9984,"['U13893', 'U7373', 'U12453', 'U1840']",4
U9985,"['U5495', 'U1114', 'U11481', 'U12396', 'U10758', 'U7315', 'U11004', 'U10604']",8
U9986,"['U14165', 'U6353', 'U4238', 'U1454']",4
U9987,"['U8079', 'U2862', 'U14209', 'U12781', 'U14241', 'U7094']",6
U9988,"['U4783', 'U14922', 'U1195', 'U7902', 'U4183']",5
U9989,"['U7839', 'U8170', 'U8894']",3
U9990,"['U2632', 'U8328', 'U4429']",3
U9991,"['U10955', 'U9656', 'U4592', 'U10228']",4
U9992,"['U8864', 'U10054', 'U14987']",3
U9993,"['U5906', 'U9261', 'U12597', 'U1982']",4
U9994,['U7310'],1
U9995,"['U9455', 'U7507', 'U3042', 'U14264', 'U9854', 'U5018']",6
U9996,"['U9656', 'U5370', 'U4078']",3
U9997,"['U13820', 'U3056', 'U8989', 'U13330', 'U3722', 'U6608', 'U1179']",7
U9998,"['U12805', 'U751', 'U8058']",3
U9999,"['U1707', 'U8187', 'U7447', 'U14113']",4
U10000,"['U9158', 'U13232', 'U8143', 'U11632']",4
U10001,"['U9262', 'U1388', 'U11255', 'U5202']",4
U10002,"['U9130', 'U14198', 'U1202']",3
U10003,"['U7802', 'U1478', 'U11627']",3
U10004,"['U786', 'U12809', 'U1657', 'U13878', 'U7608']",5
U10005,['U1446'],1
U10006,"['U7280', 'U734', 'U8971', 'U8432', 'U1649', 'U8753', 'U11956', 'U8468']",8
U10007,"['U2742', 'U8662', 'U335', 'U7424', 'U1146', 'U4194', 'U13455']",7
U10008,"['U6020', 'U10925', 'U11418', 'U3725', 'U3403']",5
U10009,"['U7324', 'U375', 'U10339', 'U10041', 'U1974', 'U3015', 'U780']",7
U10010,"['U7316', 'U14793', 'U12837', 'U13162', 'U706', 'U3289', 'U6077']",7
U10011,"['U8755', 'U4434', 'U9511', 'U4571', 'U2628']",5
U10012,"['U1666', 'U3496', 'U3069']",3
U10013,"['U2459', 'U12295', 'U3424']",3
U10014,"['U1058', 'U13396', 'U7084', 'U13327', 'U12927']",5
U10015,"['U8912', 'U10674', 'U12013', 'U3141']",4
U10016,"['U13684', 'U3576', 'U10963', 'U9902', 'U3971']",5
U10017,"['U4764', 'U8394', 'U2057', 'U13829', 'U12827']",5
U10018,"['U5848', 'U8784']",2
U10019,"['U8918', 'U10934', 'U3427', 'U3755', 'U10425', 'U2847', 'U2005']",7
U10020,"['U7357', 'U13940', 'U11977', 'U5413', 'U13417', 'U2242']",6
U10021,"['U2246', 'U1096', 'U8711', 'U6924', 'U11612', 'U10014', 'U6437', 'U10304']",8
U10022,"['U4457', 'U10077']",2
U10023,"['U2362', 'U13190', 'U5658', 'U5976', 'U13402', 'U14707', 'U104', 'U5514']",8
U10024,"['U1145', 'U12348', 'U14101', 'U11120', 'U11156']",5
U10025,"['U679', 'U10198', 'U12016', 'U11467', 'U11219']",5
U10026,"['U10217', 'U8850', 'U14647', 'U10162', 'U5108', 'U8946', 'U3362', 'U6056', 'U10801', 'U13359', 'U1674']",11
U10027,"['U8619', 'U8936', 'U10251', 'U1422', 'U3412']",5
U10028,"['U5506', 'U14342', 'U6679']",3
U10029,"['U10803', 'U14283', 'U8343', 'U14077', 'U1514', 'U6483']",6
U10030,"['U1801', 'U9799']",2
U10031,"['U5582', 'U11130', 'U9841', 'U13146', 'U11295', 'U4095', 'U13236']",7
U10032,"['U13130', 'U13173', 'U12499', 'U5925']",4
U10033,"['U11849', 'U14065', 'U11484', 'U3806', 'U4303']",5
U10034,"['U6702', 'U14301', 'U10119', 'U2827', 'U319', 'U8026', 'U12904', 'U5895']",8
U10035,"['U11954', 'U12285', 'U11107', 'U7280', 'U9348', 'U13851', 'U8723']",7
U10036,"['U9792', 'U12475', 'U10762', 'U4366']",4
U10037,"['U3249', 'U13459']",2
U10038,"['U2631', 'U4112', 'U6328']",3
U10039,"['U14197', 'U7340', 'U5504']",3
U10040,"['U2303', 'U11411']",2
U10041,"['U3546', 'U13305', 'U8087', 'U11210', 'U7343', 'U7512']",6
U10042,"['U801', 'U2674', 'U4020']",3
U10043,"['U7250', 'U12211', 'U1453', 'U12657']",4
U10044,"['U6850', 'U12621', 'U5021', 'U1659', 'U6614', 'U10960']",6
U10045,"['U10298', 'U14412', 'U2045']",3
U10046,"['U2048', 'U5415', 'U65', 'U5155', 'U7740', 'U12540']",6
U10047,['U1293'],1
U10048,"['U1643', 'U11269', 'U4858']",3
U10049,"['U6287', 'U1037', 'U7215', 'U530', 'U48', 'U14661']",6
U10050,"['U13733', 'U4004']",2
U10051,"['U5798', 'U2237', 'U1286', 'U12407', 'U11624']",5
U10052,"['U6325', 'U10043', 'U666', 'U1809', 'U4063']",5
U10053,"['U8292', 'U8406', 'U11867']",3
U10054,"['U4134', 'U6839', 'U12732', 'U6722']",4
U10055,"['U3168', 'U13606', 'U13366']",3
U10056,"['U4329', 'U5192', 'U7819', 'U7276']",4
U10057,"['U13390', 'U5664', 'U14089', 'U3815', 'U3751']",5
U10058,"['U10391', 'U4255', 'U499', 'U2818']",4
U10059,"['U12841', 'U3831', 'U8720', 'U1619', 'U501', 'U12944', 'U937', 'U10538', 'U14634', 'U2629', 'U7357']",11
U10060,"['U3079', 'U3911', 'U380', 'U9344', 'U14512', 'U2680', 'U12238']",7
U10061,"['U10958', 'U13440', 'U10800']",3
U10062,"['U8051', 'U8585', 'U7699']",3
U10063,"['U4473', 'U1949', 'U9791', 'U14070', 'U6204', 'U10428']",6
U10064,"['U8527', 'U11094']",2
U10065,"['U11442', 'U12547', 'U5845']",3
U10066,"['U8490', 'U573', 'U761', 'U764', 'U8023']",5
U10067,"['U900', 'U11913', 'U842']",3
U10068,[],0
U10069,"['U12016', 'U9136', 'U9147']",3
U10070,"['U6744', 'U11455']",2
U10071,"['U5232', 'U4021', 'U14305', 'U2934', 'U941']",5
U10072,"['U12395', 'U3216', 'U12157']",3
U10073,"['U11322', 'U10825', 'U429', 'U12911', 'U11579']",5
U10074,"['U9', 'U7488', 'U10894', 'U14130', 'U10031', 'U7146']",6
U10075,"['U2491', 'U11581', 'U11336', 'U717', 'U12045']",5
U10076,"['U10833', 'U13255', 'U1754', 'U3244', 'U1891']",5
U10077,"['U5159', 'U14624', 'U8436', 'U6749', 'U4707', 'U1777', 'U3367', 'U13681', 'U1598', 'U12311']",10
U10078,"['U5814', 'U3569']",2
U10079,"['U875', 'U14465', 'U4796', 'U11644', 'U5300', 'U5038']",6
U10080,"['U12744', 'U7631', 'U8570', 'U1938', 'U8707', 'U3634']",6
U10081,"['U11466', 'U4297', 'U14112', 'U6016']",4
U10082,"['U803', 'U1888']",2
U10083,"['U5004', 'U8490', 'U4564', 'U1304', 'U8745']",5
U10084,"['U8607', 'U10301', 'U12510', 'U8524', 'U4067', 'U14559', 'U9240']",7
U10085,"['U6882', 'U2972']",2
U10086,['U9641'],1
U10087,"['U11420', 'U2611', 'U7762']",3
U10088,"['U14941', 'U6262', 'U9077']",3
U10089,"['U9898', 'U5898', 'U2286', 'U8221', 'U13270']",5
U10090,"['U9054', 'U5614', 'U14765']",3
U10091,"['U14228', 'U3360', 'U8347', 'U10291', 'U8839']",5
U10092,"['U8647', 'U9715', 'U6380', 'U8879', 'U14074', 'U11941']",6
U10093,"['U5260', 'U12084']",2
U10094,"['U8883', 'U296', 'U13795']",3
U10095,['U5836'],1
U10096,['U212'],1
U10097,"['U9454', 'U3343']",2
U10098,"['U9991', 'U9752', 'U13518', 'U11291', 'U7111', 'U5329', 'U378', 'U14753', 'U11608', 'U5376', 'U7191']",11
U10099,"['U561', 'U2355', 'U4322', 'U4427', 'U3916']",5
U10100,"['U13211', 'U13847', 'U3487', 'U1770', 'U12936']",5
U10101,"['U4995', 'U2261', 'U4471', 'U10695', 'U5847', 'U3844', 'U12394', 'U13594', 'U8671', 'U4191']",10
U10102,"['U2825', 'U7029', 'U615']",3
U10103,"['U1525', 'U2749', 'U6311', 'U7758', 'U3521']",5
U10104,"['U8766', 'U9877', 'U8106', 'U464', 'U14205']",5
U10105,['U8102'],1
U10106,"['U1353', 'U10341']",2
U10107,"['U4113', 'U7900', 'U11697', 'U9871', 'U1243', 'U9518']",6
U10108,"['U3027', 'U7960', 'U12262']",3
U10109,"['U6842', 'U9800']",2
U10110,"['U13195', 'U1765', 'U8186', 'U13878']",4
U10111,"['U9817', 'U13650', 'U4461', 'U12648', 'U2502', 'U12975', 'U8745', 'U4197', 'U2093', 'U13168', 'U4496', 'U1382']",12
U10112,"['U11888', 'U6371', 'U6567', 'U6076', 'U247', 'U5589', 'U6210']",7
U10113,"['U6886', 'U11080', 'U8768', 'U12136', 'U3295']",5
U10114,"['U6953', 'U6297']",2
U10115,"['U11523', 'U238', 'U10411', 'U6102', 'U6083', 'U2078']",6
U10116,"['U609', 'U9147', 'U5250', 'U10636', 'U2789', 'U11707', 'U5263', 'U3125', 'U12951']",9
U10117,"['U4286', 'U14969', 'U6790', 'U5220', 'U6664', 'U1039', 'U1300', 'U10301', 'U5091', 'U12961', 'U7597', 'U5630']",12
U10118,"['U3922', 'U12311', 'U732']",3
U10119,"['U8971', 'U833']",2
U10120,"['U12928', 'U12686', 'U4913']",3
U10121,"['U10343', 'U5030', 'U9902', 'U10', 'U4360']",5
U10122,"['U7392', 'U14639']",2
U10123,"['U13561', 'U8289', 'U1312', 'U14341', 'U218', 'U13830', 'U2308']",7
U10124,"['U7231', 'U3118', 'U11035', 'U6681']",4
U10125,"['U14960', 'U5517', 'U13939', 'U634']",4
U10126,"['U2629', 'U14141', 'U10580', 'U10909', 'U13022', 'U12227']",6
U10127,"['U3414', 'U3144', 'U12581', 'U8721', 'U11728']",5
U10128,"['U6252', 'U14176', 'U949']",3
U10129,"['U13054', 'U10282', 'U7950', 'U1190', 'U10161']",5
U10130,"['U1962', 'U7291', 'U2176', 'U4813']",4
U10131,"['U10264', 'U913', 'U3252', 'U11799']",4
U10132,"['U6449', 'U5004', 'U13820', 'U11191']",4
U10133,"['U11938', 'U8335', 'U13864', 'U3896', 'U9875']",5
U10134,"['U2322', 'U12229', 'U14410']",3
U10135,"['U13259', 'U3477', 'U12891', 'U11670', 'U9385', 'U14739', 'U8032', 'U10840']",8
U10136,"['U11992', 'U14646', 'U13200', 'U1020']",4
U10137,"['U13368', 'U5243', 'U2822', 'U7771']",4
U10138,"['U13574', 'U5591', 'U4168', 'U2914', 'U10248', 'U9845', 'U14581', 'U13750']",8
U10139,"['U3661', 'U6073', 'U13217', 'U4518', 'U11067', 'U3560']",6
U10140,"['U1213', 'U8428', 'U3377']",3
U10141,"['U6096', 'U3848', 'U1517', 'U9152', 'U4497']",5
U10142,"['U4318', 'U6472']",2
U10143,"['U7727', 'U14696', 'U5046', 'U11074', 'U4205']",5
U10144,"['U10791', 'U6372', 'U1705']",3
U10145,"['U8453', 'U666', 'U11951']",3
U10146,"['U8682', 'U11232', 'U13920', 'U7966']",4
U10147,"['U10784', 'U12258', 'U14256', 'U11007', 'U1898', 'U7675', 'U3212', 'U7712']",8
U10148,"['U3476', 'U943', 'U1769', 'U3477', 'U1547', 'U4938', 'U4760', 'U7024']",8
U10149,"['U706', 'U14563', 'U1687']",3
U10150,"['U14509', 'U555', 'U6306', 'U5138', 'U1099']",5
U10151,"['U1975', 'U5734', 'U9122', 'U5264']",4
U10152,"['U1622', 'U4030', 'U2941', 'U8389']",4
U10153,"['U483', 'U3055', 'U11263', 'U9980', 'U3822', 'U9559']",6
U10154,"['U12956', 'U13727', 'U7217', 'U14521']",4
U10155,[],0
U10156,"['U1608', 'U2201', 'U10119']",3
U10157,"['U8746', 'U6560', 'U12973', 'U4454', 'U10929', 'U7269', 'U4449']",7
U10158,"['U13388', 'U7542', 'U14877']",3
U10159,"['U5601', 'U2535']",2
U10160,"['U2093', 'U1525', 'U12392', 'U10280', 'U12870', 'U8833']",6
U10161,"['U6316', 'U5984', 'U11073', 'U10062', 'U8972', 'U9023', 'U637', 'U3156']",8
U10162,"['U4046', 'U143', 'U7903', 'U7309', 'U12202', 'U2399', 'U9474', 'U10240']",8
U10163,['U4685'],1
U10164,"['U1111', 'U5495', 'U5054', 'U10695', 'U7514', 'U3120']",6
U10165,"['U4315', 'U11040', 'U3320']",3
U10166,"['U11746', 'U3255', 'U11758', 'U4072']",4
U10167,"['U4540', 'U11285', 'U7299', 'U2281']",4
U10168,"['U12567', 'U4412', 'U2220', 'U499', 'U14911', 'U614']",6
U10169,"['U2203', 'U10857', 'U9271', 'U11787']",4
U10170,"['U10859', 'U14649', 'U8028', 'U5711', 'U11253', 'U1737']",6
U10171,"['U10543', 'U8059', 'U10297', 'U12287', 'U4206']",5
U10172,"['U2136', 'U13669', 'U1137', 'U12972', 'U9341', 'U1403', 'U4133', 'U944', 'U444']",9
U10173,"['U5672', 'U153']",2
U10174,"['U13316', 'U2356', 'U3214']",3
U10175,"['U10112', 'U13647', 'U2255', 'U4943', 'U4808']",5
U10176,"['U13518', 'U8820', 'U5675', 'U5531']",4
U10177,"['U9006', 'U6796', 'U1790', 'U4082', 'U5312', 'U4122', 'U10123']",7
U10178,"['U1496', 'U5903', 'U4372', 'U4573']",4
U10179,"['U11069', 'U484', 'U8333', 'U6559', 'U8777', 'U5105', 'U10675']",7
U10180,"['U13775', 'U3327']",2
U10181,"['U1706', 'U9826', 'U4321', 'U14144']",4
U10182,"['U7865', 'U12174']",2
U10183,"['U7473', 'U9589', 'U5327', 'U2285']",4
U10184,"['U14662', 'U14291', 'U12875', 'U8434']",4
U10185,"['U6530', 'U6244', 'U2893', 'U6526', 'U10968']",5
U10186,"['U11262', 'U11949']",2
U10187,"['U11898', 'U10843', 'U12803', 'U6914', 'U13177', 'U1292', 'U3567', 'U1521', 'U11538', 'U5779', 'U13523']",11
U10188,"['U12934', 'U642', 'U9192', 'U10416', 'U2943', 'U1597', 'U14096']",7
U10189,"['U9847', 'U833', 'U4145', 'U13344', 'U4376']",5
U10190,"['U10306', 'U1983', 'U10566', 'U11460']",4
U10191,"['U10110', 'U8783', 'U7800', 'U9128']",4
U10192,"['U5068', 'U4034', 'U5536', 'U2946', 'U11272']",5
U10193,"['U10136', 'U1392']",2
U10194,"['U14866', 'U1609', 'U9193', 'U3292', 'U11772']",5
U10195,"['U2705', 'U6993']",2
U10196,"['U3722', 'U6072', 'U14466', 'U13944', 'U12039', 'U11668']",6
U10197,"['U9808', 'U8871', 'U7519', 'U9553']",4
U10198,"['U3412', 'U14230', 'U5784', 'U4418', 'U2838']",5
U10199,"['U1757', 'U7103', 'U6989', 'U12531', 'U11173', 'U6709']",6
U10200,"['U14690', 'U5901', 'U13362', 'U4469', 'U14155']",5
U10201,"['U10827', 'U6100', 'U5708', 'U4748', 'U9338']",5
U10202,"['U5934', 'U2720', 'U8994', 'U7108', 'U2240', 'U8414']",6
U10203,"['U4728', 'U12859', 'U14307', 'U3654', 'U8249', 'U9915', 'U8653']",7
U10204,"['U355', 'U7947', 'U6915', 'U4684', 'U5603', 'U879', 'U5476', 'U2480']",8
U10205,"['U9', 'U5081', 'U5222', 'U10236', 'U12225', 'U8213']",6
U10206,"['U11599', 'U14397', 'U13974', 'U10728', 'U2775']",5
U10207,"['U5181', 'U1767', 'U3062', 'U11404']",4
U10208,"['U561', 'U10285', 'U14026', 'U5016', 'U14296', 'U14004', 'U6341', 'U9910', 'U5190']",9
U10209,"['U6560', 'U6435', 'U9254', 'U879']",4
U10210,"['U4553', 'U4529', 'U12396', 'U14061']",4
U10211,"['U11501', 'U4106', 'U6613', 'U11923', 'U7859', 'U4003']",6
U10212,['U1747'],1
U10213,"['U6809', 'U4536', 'U1418', 'U6407', 'U3618']",5
U10214,"['U6861', 'U1578', 'U472', 'U10133']",4
U10215,"['U10584', 'U14748', 'U9454', 'U2940']",4
U10216,"['U12260', 'U2075', 'U2083', 'U14659']",4
U10217,"['U5147', 'U346', 'U7340', 'U13793', 'U11309', 'U8921', 'U4466']",7
U10218,"['U5565', 'U12380', 'U6264']",3
U10219,"['U14537', 'U10672', 'U595']",3
U10220,"['U7209', 'U12841', 'U14981', 'U13607', 'U8828', 'U10918']",6
U10221,"['U8257', 'U5412', 'U7030', 'U14734', 'U844']",5
U10222,"['U8317', 'U14049', 'U14813', 'U4203', 'U13995', 'U1828', 'U350', 'U1498']",8
U10223,"['U5550', 'U2720', 'U9119', 'U13229']",4
U10224,"['U9613', 'U7103', 'U9339', 'U14210']",4
U10225,['U8794'],1
U10226,"['U656', 'U10107', 'U2587', 'U1562', 'U12769', 'U6175', 'U5672', 'U10701', 'U6771', 'U10421', 'U1447']",11
U10227,"['U14667', 'U2613', 'U3254', 'U13102', 'U5076', 'U14579', 'U5123', 'U4028']",8
U10228,"['U10675', 'U10708', 'U7971', 'U12273', 'U8138', 'U8771', 'U14623']",7
U10229,"['U3430', 'U12746', 'U12134', 'U14785']",4
U10230,[],0
U10231,"['U5147', 'U14613', 'U3294', 'U12704']",4
U10232,"['U14863', 'U3898', 'U5993', 'U6068', 'U4937']",5
U10233,"['U8890', 'U9576', 'U9426', 'U5259']",4
U10234,"['U9467', 'U202', 'U1373', 'U8613']",4
U10235,"['U2966', 'U3465']",2
U10236,"['U948', 'U2383', 'U2521', 'U13949']",4
U10237,"['U7170', 'U8637', 'U14760', 'U7335', 'U4745', 'U1613', 'U1385']",7
U10238,"['U11267', 'U2394']",2
U10239,"['U8924', 'U11128']",2
U10240,"['U9613', 'U6327', 'U569', 'U2852', 'U11403', 'U13166', 'U3864', 'U7616', 'U10619', 'U560']",10
U10241,"['U12329', 'U2058', 'U4978', 'U4539']",4
U10242,"['U13621', 'U7437', 'U11900']",3
U10243,"['U14939', 'U4065', 'U4523', 'U9743', 'U14357', 'U4601']",6
U10244,"['U8688', 'U5347', 'U14258', 'U10404', 'U8974', 'U2686', 'U1094', 'U4439', 'U3209', 'U614']",10
U10245,"['U14229', 'U7701', 'U14546', 'U2656', 'U9191', 'U14770', 'U1041']",7
U10246,"['U13515', 'U293', 'U11064', 'U10697']",4
U10247,"['U5678', 'U6579', 'U12839', 'U14382']",4
U10248,"['U559', 'U6302', 'U13744', 'U6750', 'U14076']",5
U10249,"['U14174', 'U252', 'U12225', 'U12085', 'U11475', 'U6221', 'U9519', 'U176', 'U1703']",9
U10250,"['U10304', 'U13116', 'U14539', 'U12682', 'U13799']",5
U10251,"['U13357', 'U12401', 'U8508', 'U11521', 'U3717', 'U10951']",6
U10252,"['U12209', 'U1740', 'U13801', 'U13731', 'U3663']",5
U10253,"['U13905', 'U4680', 'U2988', 'U1481', 'U7083', 'U6446', 'U9555']",7
U10254,['U6077'],1
U10255,"['U14843', 'U6055', 'U13615', 'U730']",4
U10256,"['U1310', 'U2335', 'U441', 'U6133']",4
U10257,"['U8546', 'U1562', 'U14042']",3
U10258,"['U3661', 'U8644', 'U261', 'U5943']",4
U10259,['U5951'],1
U10260,"['U4526', 'U11172', 'U10077', 'U13261', 'U12092', 'U2085']",6
U10261,"['U8034', 'U5451', 'U8200', 'U10166', 'U2969', 'U4885', 'U2470', 'U3538']",8
U10262,"['U8842', 'U9579', 'U11861', 'U7120', 'U12269', 'U6438']",6
U10263,"['U7324', 'U2296', 'U14234', 'U2491']",4
U10264,"['U6093', 'U7347', 'U542']",3
U10265,"['U3374', 'U1208', 'U12111', 'U1879', 'U2085', 'U10297', 'U12912', 'U13180', 'U7056']",9
U10266,"['U7492', 'U3350', 'U14007', 'U13804', 'U11699']",5
U10267,"['U13361', 'U2813', 'U12372', 'U2173', 'U14879', 'U8580']",6
U10268,"['U11453', 'U1740', 'U5391', 'U11122', 'U8574']",5
U10269,"['U8931', 'U8129', 'U3305', 'U6790', 'U12033']",5
U10270,"['U12487', 'U6667', 'U14298', 'U4772', 'U2592', 'U9781']",6
U10271,"['U8428', 'U7996', 'U8724']",3
U10272,"['U284', 'U8004', 'U6905', 'U6371']",4
U10273,"['U4084', 'U14089', 'U14453', 'U6165', 'U11348', 'U7807']",6
U10274,"['U3456', 'U6155']",2
U10275,"['U9922', 'U6542', 'U5341']",3
U10276,"['U2176', 'U7350', 'U6600', 'U9732', 'U9980', 'U13938', 'U3846', 'U13772', 'U12212']",9
U10277,['U11352'],1
U10278,"['U12259', 'U10645', 'U14903', 'U9078', 'U14723', 'U2884']",6
U10279,"['U13879', 'U4647', 'U4350', 'U4861', 'U13752', 'U7606', 'U3466', 'U7803']",8
U10280,"['U107', 'U7017', 'U622', 'U1789', 'U11733', 'U9347']",6
U10281,"['U4970', 'U14306', 'U10092', 'U939', 'U1442', 'U9648']",6
U10282,"['U10039', 'U13163', 'U11017', 'U13923', 'U5482', 'U232', 'U14876', 'U3305', 'U951']",9
U10283,"['U319', 'U10905', 'U13256']",3
U10284,"['U2324', 'U7908', 'U172', 'U13289', 'U2564', 'U11545', 'U10582', 'U8120']",8
U10285,"['U13861', 'U4936']",2
U10286,"['U8833', 'U12262', 'U12632', 'U14377', 'U1256']",5
U10287,"['U14073', 'U2502', 'U4386', 'U12183', 'U4358']",5
U10288,"['U3867', 'U3186', 'U8845', 'U6585', 'U6075']",5
U10289,"['U2672', 'U1629', 'U2082']",3
U10290,"['U9955', 'U6909', 'U9539', 'U2043', 'U9473', 'U8552']",6
U10291,"['U3745', 'U11243', 'U11723', 'U13641']",4
U10292,"['U13381', 'U7947']",2
U10293,"['U9820', 'U11643', 'U5572', 'U13112', 'U8440']",5
U10294,"['U422', 'U11925', 'U619', 'U1678', 'U4719', 'U8520']",6
U10295,"['U6016', 'U6659']",2
U10296,"['U2344', 'U14600', 'U6333', 'U6063', 'U6705', 'U5200', 'U6102', 'U12470']",8
U10297,"['U4552', 'U13526', 'U13535']",3
U10298,"['U12237', 'U10597', 'U9566', 'U2249']",4
U10299,"['U9246', 'U3007']",2
U10300,"['U10338', 'U641', 'U14365', 'U12715', 'U9066', 'U11623', 'U14447', 'U14766']",8
U10301,"['U5406', 'U10791']",2
U10302,"['U8640', 'U12250', 'U5034', 'U12545', 'U3489', 'U397']",6
U10303,"['U13638', 'U6349', 'U11190', 'U1148', 'U4491', 'U8785', 'U7069']",7
U10304,"['U9715', 'U2805', 'U2578', 'U6290']",4
U10305,"['U477', 'U13818', 'U8231']",3
U10306,"['U14897', 'U4596', 'U10161', 'U8361', 'U1290', 'U4532']",6
U10307,"['U1017', 'U9907', 'U14599']",3
U10308,"['U5844', 'U2393', 'U6619']",3
U10309,"['U5846', 'U2339', 'U11078', 'U5107']",4
U10310,"['U7995', 'U14086', 'U9796', 'U14953', 'U875']",5
U10311,"['U9287', 'U4441', 'U11622', 'U2797']",4
U10312,"['U560', 'U9673', 'U12042', 'U5768', 'U5341', 'U15000']",6
U10313,"['U9717', 'U765', 'U13967', 'U6068', 'U5832']",5
U10314,"['U402', 'U8703', 'U12671', 'U4520']",4
U10315,"['U1512', 'U10167', 'U13306', 'U5872', 'U7775', 'U11903', 'U13668']",7
U10316,"['U10207', 'U3800', 'U6124']",3
U10317,"['U1605', 'U5969', 'U7776', 'U12801', 'U13794']",5
U10318,"['U9131', 'U3856', 'U8275', 'U4821', 'U5020']",5
U10319,"['U8876', 'U1529', 'U10022', 'U13565', 'U10814', 'U5349', 'U7949', 'U9734', 'U154', 'U1491', 'U12', 'U1357', 'U9028', 'U6179']",14
U10320,"['U11513', 'U10438', 'U7282', 'U11168', 'U4291', 'U5770']",6
U10321,"['U6634', 'U13780', 'U4634', 'U8746', 'U14718', 'U9468', 'U11856']",7
U10322,"['U13178', 'U12984', 'U7836', 'U10906', 'U8712', 'U14877', 'U9597']",7
U10323,"['U5456', 'U6642', 'U6825', 'U8908']",4
U10324,['U7853'],1
U10325,"['U3770', 'U2239', 'U13721', 'U3143', 'U9531', 'U10275', 'U942', 'U4804', 'U12842', 'U12224', 'U3793', 'U3162', 'U1743']",13
U10326,"['U7662', 'U4589', 'U8988', 'U12919', 'U11057', 'U10398', 'U4469']",7
U10327,[],0
U10328,"['U10708', 'U5158', 'U3249', 'U11335']",4
U10329,"['U12932', 'U2983']",2
U10330,"['U13272', 'U13203', 'U3696', 'U10043', 'U8846', 'U5575']",6
U10331,"['U7517', 'U14561', 'U14264', 'U8159', 'U11798', 'U3540']",6
U10332,"['U11177', 'U7451', 'U1920', 'U10134', 'U9320', 'U12555', 'U5885', 'U6936']",8
U10333,"['U1966', 'U8237', 'U11092', 'U3673']",4
U10334,"['U7996', 'U6721', 'U7413', 'U363', 'U201', 'U10076', 'U6126']",7
U10335,"['U12750', 'U13507', 'U8748', 'U7993', 'U10229', 'U4357', 'U1155']",7
U10336,"['U12615', 'U3304', 'U702', 'U9543', 'U4097', 'U7770', 'U3417', 'U2457', 'U4592']",9
U10337,"['U7250', 'U12031']",2
U10338,"['U14496', 'U8167', 'U10749', 'U13721', 'U9415', 'U6']",6
U10339,"['U9439', 'U2972', 'U6123', 'U11114']",4
U10340,"['U9001', 'U8862', 'U4255', 'U8058', 'U5738']",5
U10341,['U7492'],1
U10342,"['U6467', 'U1726', 'U12364', 'U5322', 'U2544', 'U9531', 'U14551']",7
U10343,"['U13870', 'U11507', 'U6133', 'U10058']",4
U10344,"['U14387', 'U5401']",2
U10345,"['U11598', 'U1243', 'U11553', 'U7014']",4
U10346,"['U12877', 'U8773', 'U12692', 'U4501', 'U10460', 'U2578', 'U10833']",7
U10347,"['U135', 'U5706', 'U9661', 'U14854', 'U11340', 'U4059', 'U12418', 'U14657']",8
U10348,"['U11694', 'U3321', 'U7624', 'U10554', 'U2830', 'U9092']",6
U10349,"['U3752', 'U4901']",2
U10350,"['U1876', 'U656', 'U10665', 'U3636']",4
U10351,"['U7492', 'U10832', 'U9656', 'U11447', 'U3004']",5
U10352,"['U4737', 'U9258', 'U281', 'U11868']",4
U10353,"['U12164', 'U10459']",2
U10354,"['U7929', 'U10436', 'U163', 'U12292', 'U12693', 'U13951']",6
U10355,"['U6261', 'U1282', 'U4343', 'U14383', 'U6884', 'U14037']",6
U10356,"['U4926', 'U12628', 'U12138', 'U11017', 'U10015', 'U6090', 'U837']",7
U10357,"['U5755', 'U12601', 'U14265', 'U9646', 'U8749']",5
U10358,"['U12958', 'U879', 'U14387', 'U351', 'U11979']",5
U10359,"['U596', 'U756', 'U7656', 'U8806']",4
U10360,"['U1462', 'U7912', 'U13894', 'U12342', 'U9435']",5
U10361,"['U1758', 'U4593']",2
U10362,"['U10908', 'U9955', 'U1841', 'U10844', 'U828']",5
U10363,"['U2034', 'U4719', 'U3869', 'U9763']",4
U10364,"['U297', 'U13864', 'U6385']",3
U10365,"['U7739', 'U11971', 'U3417', 'U10406', 'U10371', 'U2575', 'U8148']",7
U10366,"['U12305', 'U10380', 'U6084', 'U2713', 'U1638']",5
U10367,"['U1043', 'U9330', 'U10145', 'U9036', 'U427']",5
U10368,"['U13609', 'U12983', 'U2723', 'U6867', 'U3348', 'U6836', 'U9971']",7
U10369,"['U9197', 'U1083', 'U4501', 'U12654', 'U2781', 'U9954']",6
U10370,"['U13433', 'U13268', 'U11013', 'U5094', 'U2284', 'U14496', 'U5990']",7
U10371,"['U10305', 'U6032', 'U12529', 'U2237', 'U6690']",5
U10372,"['U1639', 'U10590', 'U13441', 'U8205', 'U14198', 'U13007']",6
U10373,"['U13522', 'U8490', 'U13154', 'U6976', 'U1902']",5
U10374,"['U7478', 'U13664', 'U14740', 'U366', 'U13949', 'U14235']",6
U10375,"['U1209', 'U8040', 'U2152', 'U12474', 'U12599']",5
U10376,"['U7311', 'U6172', 'U12656', 'U12751', 'U4656', 'U7039']",6
U10377,"['U11529', 'U5513', 'U5496', 'U9934']",4
U10378,"['U6993', 'U13041', 'U4557']",3
U10379,"['U6753', 'U12005', 'U13242', 'U768', 'U12783']",5
U10380,"['U6834', 'U10192', 'U734', 'U3292', 'U4668']",5
U10381,"['U874', 'U5740', 'U14633', 'U10059']",4
U10382,"['U395', 'U8899', 'U13341', 'U4406', 'U1919', 'U5204']",6
U10383,"['U10783', 'U10170', 'U2389', 'U10494', 'U390']",5
U10384,"['U5574', 'U8225', 'U6053', 'U6371', 'U4508']",5
U10385,"['U12741', 'U10980', 'U9527', 'U1199']",4
U10386,"['U7913', 'U1345']",2
U10387,"['U5882', 'U8410', 'U10035', 'U14396', 'U9517', 'U6527', 'U160', 'U5346', 'U8525', 'U5942']",10
U10388,"['U8685', 'U4674', 'U11093', 'U9339', 'U3098', 'U118', 'U5560']",7
U10389,"['U6714', 'U1103', 'U7307', 'U179', 'U13479']",5
U10390,"['U9059', 'U13055', 'U10590', 'U5103']",4
U10391,['U7597'],1
U10392,"['U2904', 'U11296', 'U12845', 'U10182', 'U12395']",5
U10393,"['U7314', 'U12825', 'U1555', 'U10792', 'U6885', 'U5020']",6
U10394,"['U12633', 'U6407']",2
U10395,"['U1525', 'U4382', 'U13725', 'U7508', 'U11796']",5
U10396,['U10290'],1
U10397,"['U1107', 'U11697', 'U230', 'U2673']",4
U10398,"['U9088', 'U5141']",2
U10399,['U4344'],1
U10400,"['U12163', 'U11032', 'U13988', 'U12475', 'U8397', 'U12819', 'U263', 'U2916']",8
U10401,"['U13756', 'U4809']",2
U10402,"['U12734', 'U3475', 'U12486', 'U11068']",4
U10403,"['U4125', 'U5742', 'U4272', 'U797', 'U13285']",5
U10404,"['U11313', 'U7924', 'U1821', 'U11285']",4
U10405,"['U9803', 'U11823', 'U1140', 'U13755', 'U14130', 'U5071']",6
U10406,"['U11629', 'U6669', 'U8129', 'U9704']",4
U10407,"['U13351', 'U9493', 'U10912', 'U3515', 'U1708', 'U2691', 'U10729', 'U3963', 'U12169']",9
U10408,"['U13215', 'U9701', 'U9333', 'U7962', 'U14377', 'U12472']",6
U10409,"['U10253', 'U8148', 'U3377', 'U7670']",4
U10410,"['U12224', 'U9059', 'U3088', 'U6494', 'U11376']",5
U10411,"['U5277', 'U8328', 'U13631', 'U5411']",4
U10412,"['U13560', 'U5990', 'U7086', 'U1555', 'U5949', 'U4929']",6
U10413,"['U8218', 'U3306']",2
U10414,"['U2498', 'U4468', 'U3494', 'U5725', 'U8679', 'U9306', 'U6245', 'U12555']",8
U10415,"['U2159', 'U6060', 'U13836', 'U13116', 'U6634']",5
U10416,"['U12721', 'U9031', 'U14501', 'U9133']",4
U10417,"['U11085', 'U2373', 'U5073', 'U7001', 'U12013', 'U9707', 'U11529', 'U6788']",8
U10418,"['U2105', 'U5551', 'U13376', 'U1399', 'U5838', 'U445', 'U10522']",7
U10419,"['U2864', 'U9295', 'U9094', 'U1973', 'U10283', 'U13866', 'U13374', 'U13612']",8
U10420,"['U5620', 'U7768', 'U14963', 'U376', 'U13767']",5
U10421,"['U14344', 'U12269', 'U6677', 'U4896', 'U11315', 'U6749']",6
U10422,"['U7751', 'U6743', 'U491', 'U3927', 'U6165']",5
U10423,"['U3215', 'U9645', 'U11965', 'U9243', 'U12857']",5
U10424,"['U10704', 'U10184', 'U9103']",3
U10425,"['U1893', 'U6878', 'U11489', 'U7777']",4
U10426,"['U5857', 'U1355', 'U4574', 'U3061']",4
U10427,"['U14416', 'U6277', 'U8817']",3
U10428,"['U10690', 'U9272', 'U9415', 'U5699', 'U9514', 'U7679']",6
U10429,"['U6055', 'U6597', 'U8004', 'U9741']",4
U10430,"['U1807', 'U6757', 'U13572', 'U997', 'U13108']",5
U10431,"['U4867', 'U10343', 'U3254', 'U14532', 'U12597', 'U11160']",6
U10432,"['U13514', 'U7655', 'U14155', 'U7564', 'U1978']",5
U10433,"['U10157', 'U11045']",2
U10434,['U2061'],1
U10435,"['U9986', 'U12405', 'U4729', 'U9138', 'U13880', 'U14472', 'U11760', 'U8483']",8
U10436,"['U12225', 'U11252', 'U1410', 'U13845', 'U9461', 'U13792', 'U8327', 'U5106']",8
U10437,"['U8674', 'U12507', 'U11714', 'U5013', 'U13445', 'U5918', 'U13921', 'U7816', 'U664']",9
U10438,"['U9007', 'U13684', 'U11479']",3
U10439,"['U7163', 'U6278', 'U5115', 'U13920']",4
U10440,['U3186'],1
U10441,"['U7699', 'U2663', 'U14246', 'U2026', 'U6644', 'U7746', 'U10175', 'U14614', 'U4763']",9
U10442,"['U7351', 'U11597', 'U6802', 'U3771', 'U13932']",5
U10443,"['U13464', 'U891', 'U6070', 'U9793', 'U8316']",5
U10444,[],0
U10445,"['U14340', 'U4572', 'U8846', 'U4284']",4
U10446,"['U9944', 'U1826', 'U5347']",3
U10447,"['U11634', 'U7847', 'U13993', 'U2808', 'U9818', 'U9592', 'U487', 'U1632']",8
U10448,"['U8368', 'U12352']",2
U10449,"['U9612', 'U8720', 'U6408', 'U2197', 'U5887']",5
U10450,"['U6061', 'U14829', 'U10645']",3
U10451,"['U4672', 'U6962', 'U11111', 'U14771', 'U3002']",5
U10452,"['U7058', 'U372', 'U2120']",3
U10453,"['U13048', 'U5115', 'U11139', 'U14991']",4
U10454,"['U10152', 'U7445', 'U1408', 'U1643', 'U2232', 'U6446']",6
U10455,"['U75', 'U3961', 'U4736', 'U9590', 'U2179']",5
U10456,"['U14229', 'U14488', 'U8373']",3
U10457,"['U5190', 'U1629', 'U14569', 'U14314', 'U1314', 'U2830', 'U8198', 'U11116']",8
U10458,"['U3815', 'U10392', 'U7921', 'U13712', 'U4896', 'U3021']",6
U10459,"['U11130', 'U37', 'U11641', 'U5634']",4
U10460,"['U8900', 'U13087', 'U11135', 'U2300', 'U1096', 'U2283', 'U1275', 'U14809']",8
U10461,"['U7959', 'U10340', 'U3933', 'U3848', 'U8058']",5
U10462,"['U10475', 'U6211', 'U3394', 'U6705', 'U4625']",5
U10463,"['U13763', 'U11968', 'U11024', 'U4565']",4
U10464,"['U2559', 'U3177', 'U4044', 'U1783']",4
U10465,"['U14650', 'U2957', 'U4302', 'U7370', 'U12881', 'U1567']",6
U10466,"['U13512', 'U9580', 'U14385', 'U1789']",4
U10467,"['U7884', 'U6713', 'U1229', 'U6158']",4
U10468,"['U6755', 'U14623', 'U9991', 'U717', 'U14083', 'U12398']",6
U10469,"['U1009', 'U8806']",2
U10470,"['U14061', 'U8345', 'U13133', 'U13367', 'U13255', 'U7858', 'U13431']",7
U10471,"['U7615', 'U8767', 'U8101']",3
U10472,"['U14990', 'U14539', 'U3158']",3
U10473,"['U5183', 'U14647', 'U9968', 'U4802']",4
U10474,"['U9640', 'U14209', 'U3627', 'U7809', 'U8043', 'U3264']",6
U10475,"['U13099', 'U10037', 'U14519', 'U5496']",4
U10476,"['U1142', 'U1678', 'U11127', 'U12090', 'U1852', 'U11735', 'U4346']",7
U10477,"['U1405', 'U14398', 'U3621', 'U1683', 'U11267', 'U9071', 'U13138']",7
U10478,"['U8960', 'U1863', 'U10668', 'U11742']",4
U10479,"['U10916', 'U9525', 'U4449']",3
U10480,"['U4416', 'U6647']",2
U10481,"['U6521', 'U7637', 'U4573', 'U7431', 'U14879', 'U2742', 'U5039', 'U8635', 'U11497']",9
U10482,"['U3850', 'U9703']",2
U10483,"['U1614', 'U13554', 'U13945', 'U6103', 'U4758', 'U5414', 'U13293']",7
U10484,"['U11413', 'U5384', 'U17', 'U13236', 'U5180', 'U11738', 'U7889', 'U8645']",8
U10485,"['U6622', 'U10802', 'U10687', 'U203', 'U2419', 'U9780']",6
U10486,"['U11233', 'U3624', 'U1454', 'U11630', 'U14782', 'U13636', 'U8271']",7
U10487,"['U13131', 'U7260', 'U9578', 'U13848', 'U6092']",5
U10488,[],0
U10489,['U1551'],1
U10490,"['U11884', 'U10186', 'U5116']",3
U10491,"['U1259', 'U7277', 'U5355', 'U4634']",4
U10492,"['U10899', 'U4011', 'U3960', 'U80', 'U11258', 'U7109']",6
U10493,"['U13611', 'U10634', 'U13356', 'U4972', 'U4399']",5
U10494,"['U4280', 'U8248', 'U3551', 'U13543', 'U8723']",5
U10495,"['U10509', 'U14901', 'U11984', 'U14043']",4
U10496,"['U9950', 'U10132', 'U3054', 'U4198']",4
U10497,"['U11398', 'U14103', 'U3433']",3
U10498,"['U4271', 'U2283', 'U12205', 'U12812', 'U10240', 'U13788']",6
U10499,"['U4790', 'U6900', 'U1977', 'U2402']",4
U10500,"['U10009', 'U5567', 'U8241']",3
U10501,"['U8306', 'U242', 'U5891', 'U9766', 'U13099', 'U4806', 'U14466', 'U2270', 'U6872', 'U5765']",10
U10502,['U11722'],1
U10503,"['U10025', 'U12718', 'U765']",3
U10504,['U4374'],1
U10505,"['U9909', 'U7292', 'U11087', 'U14270', 'U13682']",5
U10506,"['U14231', 'U12071', 'U11408', 'U5327']",4
U10507,"['U13637', 'U10732', 'U1311', 'U13049']",4
U10508,['U12196'],1
U10509,"['U11832', 'U424']",2
U10510,"['U12905', 'U12325', 'U14749', 'U8613', 'U7367', 'U11502', 'U1504', 'U12431', 'U10807', 'U5233']",10
U10511,"['U4331', 'U4564', 'U12324', 'U4794', 'U3550', 'U12922', 'U5163']",7
U10512,"['U9984', 'U2905', 'U3558', 'U6148', 'U7033', 'U420', 'U9186', 'U14050', 'U14966', 'U1085']",10
U10513,"['U5462', 'U1228']",2
U10514,"['U11695', 'U11715']",2
U10515,"['U3241', 'U13781']",2
U10516,"['U3665', 'U8228', 'U11192', 'U5082', 'U13856', 'U189', 'U3329', 'U1066', 'U14967']",9
U10517,"['U13114', 'U5833', 'U11710', 'U13819']",4
U10518,"['U9824', 'U13844', 'U4211', 'U9655', 'U12762', 'U2357']",6
U10519,"['U11482', 'U14889', 'U13701', 'U12685', 'U7834', 'U2098', 'U9363', 'U12318']",8
U10520,"['U10011', 'U3954', 'U10750', 'U12631']",4
U10521,"['U2018', 'U8051', 'U2383', 'U906']",4
U10522,"['U10437', 'U9901', 'U4512', 'U8680', 'U8178']",5
U10523,"['U12320', 'U9383']",2
U10524,"['U3193', 'U14601', 'U10029', 'U14093', 'U1232', 'U9848']",6
U10525,"['U14989', 'U10046', 'U1928', 'U1560']",4
U10526,"['U1068', 'U5056', 'U8612', 'U11891']",4
U10527,"['U12524', 'U7417', 'U751']",3
U10528,"['U475', 'U8232', 'U14257']",3
U10529,"['U14315', 'U10212']",2
U10530,"['U13916', 'U375', 'U8151']",3
U10531,"['U11668', 'U1375', 'U12927', 'U6872', 'U12088', 'U1703']",6
U10532,"['U7644', 'U7475', 'U6805', 'U3083']",4
U10533,"['U6252', 'U8909', 'U5776']",3
U10534,"['U734', 'U906', 'U10440', 'U8405', 'U11544', 'U124', 'U5247']",7
U10535,"['U7532', 'U12965', 'U78', 'U10124', 'U12231']",5
U10536,"['U5814', 'U8671', 'U1706', 'U14382', 'U8207', 'U3421', 'U12321']",7
U10537,"['U8225', 'U12481', 'U14342', 'U1537', 'U7219']",5
U10538,"['U8668', 'U14458', 'U5939']",3
U10539,"['U11343', 'U10595', 'U5083', 'U2778', 'U14822']",5
U10540,"['U4837', 'U11224', 'U5416', 'U10641', 'U12051']",5
U10541,"['U869', 'U6935', 'U7869', 'U4992', 'U1854', 'U2145']",6
U10542,"['U10566', 'U7695', 'U14990', 'U11246']",4
U10543,"['U9471', 'U492', 'U7218', 'U916', 'U8532', 'U6430']",6
U10544,"['U8541', 'U13432', 'U1737', 'U3319', 'U8867']",5
U10545,"['U2055', 'U1030', 'U11758']",3
U10546,[],0
U10547,"['U13265', 'U5053', 'U8869', 'U8391', 'U9917', 'U4017']",6
U10548,"['U12790', 'U7163', 'U4275', 'U7355']",4
U10549,"['U5196', 'U13640', 'U13039', 'U7547', 'U8613']",5
U10550,"['U340', 'U13941', 'U6359', 'U11506', 'U12284', 'U2766']",6
U10551,"['U9417', 'U10831']",2
U10552,"['U7890', 'U10878']",2
U10553,"['U14404', 'U7158', 'U14892', 'U11697']",4
U10554,"['U7999', 'U14899', 'U10034', 'U11405', 'U2404']",5
U10555,"['U13911', 'U11622', 'U8948']",3
U10556,"['U7253', 'U4991', 'U11063']",3
U10557,"['U8417', 'U2892', 'U1198', 'U2810']",4
U10558,"['U128', 'U14951', 'U11871', 'U6761', 'U12854', 'U3461', 'U8521']",7
U10559,"['U12794', 'U7552', 'U2004', 'U14803']",4
U10560,"['U13159', 'U8634', 'U12241', 'U10516']",4
U10561,"['U5058', 'U7250', 'U7140', 'U123', 'U13075', 'U2430']",6
U10562,"['U8099', 'U9221']",2
U10563,"['U3954', 'U1423', 'U1891', 'U11646', 'U13534', 'U5650', 'U10355', 'U14528']",8
U10564,"['U6165', 'U1916']",2
U10565,"['U769', 'U11431', 'U9464']",3
U10566,"['U6007', 'U4958', 'U13465', 'U10648']",4
U10567,"['U12684', 'U4382', 'U11285']",3
U10568,"['U5009', 'U2900', 'U3311', 'U13635']",4
U10569,"['U9922', 'U12003', 'U14656', 'U6532', 'U6477']",5
U10570,"['U10689', 'U12322', 'U5576', 'U9547', 'U1099', 'U7190', 'U14696']",7
U10571,"['U8209', 'U4312', 'U2472', 'U8204', 'U315']",5
U10572,"['U1566', 'U285', 'U9878', 'U4291', 'U8553']",5
U10573,"['U2736', 'U1811', 'U7058']",3
U10574,"['U14646', 'U8206', 'U5039', 'U13298', 'U5688', 'U10716']",6
U10575,"['U10489', 'U11223', 'U2514', 'U3900', 'U8954', 'U2211', 'U481']",7
U10576,"['U9672', 'U5773', 'U3035', 'U14300', 'U12808', 'U1664']",6
U10577,"['U12211', 'U6694']",2
U10578,"['U11110', 'U2787', 'U572', 'U3392']",4
U10579,"['U10052', 'U14162', 'U124', 'U4447', 'U3852', 'U3474']",6
U10580,"['U5850', 'U4358', 'U7822', 'U14716', 'U2483']",5
U10581,"['U7245', 'U504', 'U14549']",3
U10582,"['U13617', 'U6660', 'U11085']",3
U10583,"['U521', 'U6366', 'U68', 'U2395', 'U14441']",5
U10584,"['U8326', 'U9181', 'U2047', 'U3910', 'U10501']",5
U10585,"['U11881', 'U5903']",2
U10586,"['U6515', 'U5606', 'U3810', 'U5998']",4
U10587,"['U8130', 'U6381', 'U14188', 'U7444']",4
U10588,"['U5016', 'U13233']",2
U10589,"['U1987', 'U2985', 'U116', 'U5170', 'U5115']",5
U10590,"['U13042', 'U1277', 'U9435', 'U1730', 'U4084', 'U1944', 'U522']",7
U10591,"['U14915', 'U5597', 'U9927', 'U14812']",4
U10592,['U2897'],1
U10593,"['U11259', 'U13311', 'U4069', 'U14682', 'U674', 'U14635']",6
U10594,"['U13317', 'U6458']",2
U10595,"['U2783', 'U687']",2
U10596,"['U14364', 'U9141', 'U12165', 'U4463', 'U4076', 'U9337', 'U14589']",7
U10597,"['U14845', 'U7990', 'U6385', 'U6467', 'U10925', 'U4163', 'U11275', 'U7136']",8
U10598,"['U10832', 'U14215', 'U2333']",3
U10599,"['U11896', 'U14017', 'U2382']",3
U10600,"['U3291', 'U3248', 'U10643', 'U9020']",4
U10601,"['U2096', 'U10688', 'U1778', 'U3914']",4
U10602,"['U5804', 'U14655', 'U4236', 'U11033', 'U11451']",5
U10603,"['U10494', 'U13531', 'U6173', 'U11786', 'U12342', 'U9837', 'U8860', 'U10479', 'U13303']",9
U10604,"['U2821', 'U2636', 'U13123', 'U14191', 'U13700']",5
U10605,"['U11176', 'U7220', 'U56', 'U13869', 'U10914']",5
U10606,"['U10957', 'U7256']",2
U10607,"['U9971', 'U14155', 'U7120', 'U2173', 'U13628', 'U5667']",6
U10608,"['U13784', 'U9995']",2
U10609,"['U1511', 'U14626', 'U6070', 'U5896']",4
U10610,"['U2129', 'U14401', 'U14776', 'U9101', 'U2469']",5
U10611,"['U5490', 'U5993', 'U6779', 'U10757', 'U14952', 'U6770', 'U6812']",7
U10612,"['U1114', 'U3784', 'U13283', 'U13620', 'U10487', 'U11048', 'U13365']",7
U10613,"['U7791', 'U10189', 'U8983', 'U12160']",4
U10614,"['U12794', 'U10833', 'U12344', 'U582', 'U12430', 'U14488']",6
U10615,"['U4922', 'U7706', 'U5008', 'U7919']",4
U10616,['U8755'],1
U10617,"['U11256', 'U1678', 'U9602', 'U12560', 'U12430']",5
U10618,"['U7314', 'U12052', 'U13503', 'U3939', 'U10719', 'U8581', 'U1966']",7
U10619,"['U7751', 'U5550']",2
U10620,"['U14796', 'U11763', 'U5048', 'U9044']",4
U10621,"['U4561', 'U6967', 'U13533', 'U8923', 'U6507']",5
U10622,"['U7886', 'U1768', 'U3626']",3
U10623,"['U1309', 'U1516', 'U1286', 'U2010', 'U9435']",5
U10624,"['U1662', 'U9570', 'U11542', 'U6205', 'U6856', 'U13583', 'U14072']",7
U10625,"['U10856', 'U7178', 'U6818', 'U5695']",4
U10626,"['U11854', 'U4295', 'U9185', 'U6701']",4
U10627,"['U6690', 'U2022', 'U14487']",3
U10628,"['U14272', 'U1037', 'U4533', 'U6141', 'U9163']",5
U10629,"['U2619', 'U1303']",2
U10630,"['U12978', 'U1629', 'U12059', 'U6237', 'U8209']",5
U10631,"['U13355', 'U8067', 'U15', 'U9273']",4
U10632,"['U12736', 'U14949', 'U4074']",3
U10633,"['U14575', 'U13299', 'U12973', 'U2343', 'U2498']",5
U10634,"['U2354', 'U13061', 'U10734', 'U11705']",4
U10635,"['U13366', 'U8768', 'U8720', 'U14655', 'U6446', 'U13878', 'U11048']",7
U10636,"['U14967', 'U7024', 'U6642']",3
U10637,"['U657', 'U14134', 'U5572', 'U7005', 'U1537', 'U12480', 'U8088', 'U13854', 'U6138', 'U12420', 'U513']",11
U10638,"['U14700', 'U12821', 'U9086', 'U315', 'U5681', 'U13917', 'U4168', 'U8663', 'U1644']",9
U10639,"['U11044', 'U6975', 'U1967', 'U1099', 'U7572']",5
U10640,"['U10184', 'U5315', 'U4748', 'U7764', 'U12705', 'U14731', 'U9028', 'U5762']",8
U10641,"['U4234', 'U12860', 'U8525']",3
U10642,"['U10972', 'U8609', 'U14015', 'U4518', 'U2918', 'U12678']",6
U10643,"['U13632', 'U14008', 'U3468', 'U6549']",4
U10644,"['U9609', 'U14036', 'U4133', 'U4762', 'U6116', 'U3360']",6
U10645,"['U11644', 'U9017', 'U6784', 'U12826', 'U389', 'U8335']",6
U10646,"['U10954', 'U2050', 'U398', 'U61', 'U724', 'U3322', 'U9177']",7
U10647,"['U10524', 'U12460', 'U8699', 'U2407', 'U7079']",5
U10648,"['U5599', 'U1542', 'U10280']",3
U10649,"['U10213', 'U5432', 'U11060', 'U14133', 'U13313']",5
U10650,"['U5460', 'U13409', 'U8289', 'U9561', 'U727', 'U9186', 'U13279', 'U3419', 'U1186']",9
U10651,"['U7597', 'U4787', 'U9060', 'U7451']",4
U10652,"['U34', 'U7259', 'U7471', 'U3285', 'U13928', 'U12094', 'U14712', 'U6022', 'U3615', 'U12941', 'U8826']",11
U10653,"['U6497', 'U9157', 'U11984', 'U381']",4
U10654,['U2660'],1
U10655,"['U445', 'U12439', 'U5629', 'U4883', 'U210']",5
U10656,"['U12404', 'U1550', 'U14803', 'U4162', 'U1270']",5
U10657,"['U5711', 'U10228', 'U10663', 'U5450', 'U4022', 'U1055']",6
U10658,"['U10722', 'U8286', 'U9370', 'U14962']",4
U10659,"['U8015', 'U9488', 'U9904', 'U4959', 'U2697', 'U13735']",6
U10660,"['U6306', 'U3208', 'U7029', 'U11864', 'U10147']",5
U10661,"['U6331', 'U11976', 'U10252']",3
U10662,"['U1925', 'U6127', 'U5334', 'U2978']",4
U10663,"['U2105', 'U13461', 'U11955', 'U10608']",4
U10664,"['U10656', 'U14010', 'U7000', 'U626', 'U11969']",5
U10665,"['U11038', 'U1733', 'U14928']",3
U10666,"['U5429', 'U3414', 'U3461', 'U12362']",4
U10667,"['U11258', 'U7513', 'U8905', 'U5518']",4
U10668,"['U1743', 'U7597', 'U14501', 'U2160', 'U9594', 'U6456']",6
U10669,"['U6165', 'U14570', 'U6095', 'U11279', 'U9551']",5
U10670,"['U10400', 'U4033', 'U251', 'U9578']",4
U10671,"['U13541', 'U13971', 'U12390', 'U13102', 'U5979', 'U2731']",6
U10672,"['U8714', 'U1389', 'U8689', 'U3043', 'U439']",5
U10673,"['U12460', 'U2928', 'U4450', 'U8244', 'U11999']",5
U10674,"['U9781', 'U3393', 'U7156']",3
U10675,"['U13388', 'U114', 'U6550', 'U9458', 'U14138']",5
U10676,"['U4447', 'U14132', 'U6116']",3
U10677,"['U7503', 'U10344', 'U9195']",3
U10678,"['U6328', 'U12012', 'U13383', 'U8571', 'U6442', 'U5933', 'U2600']",7
U10679,"['U8442', 'U9086', 'U2711', 'U12713', 'U8893']",5
U10680,"['U1148', 'U2768', 'U4856']",3
U10681,"['U3480', 'U14213', 'U13555']",3
U10682,"['U822', 'U1695']",2
U10683,"['U10635', 'U8087', 'U7391']",3
U10684,"['U10235', 'U12333', 'U5534', 'U1979', 'U7046', 'U5108']",6
U10685,"['U5115', 'U3637', 'U3915', 'U8723', 'U3910', 'U12589', 'U11623', 'U5435']",8
U10686,"['U14288', 'U14414', 'U3339', 'U13864', 'U1860', 'U8703', 'U3405', 'U10376', 'U2917', 'U11687', 'U8544', 'U14514']",12
U10687,"['U14762', 'U3977', 'U7998', 'U8911']",4
U10688,"['U8902', 'U5264', 'U6863', 'U14328', 'U3753']",5
U10689,"['U5047', 'U5759', 'U1245', 'U6321', 'U10488', 'U6727']",6
U10690,"['U3546', 'U3022', 'U7616', 'U12820', 'U1106', 'U4098', 'U930', 'U10752']",8
U10691,"['U8232', 'U7522', 'U3476', 'U9317', 'U8814']",5
U10692,"['U10215', 'U11431', 'U9124', 'U4571']",4
U10693,"['U6890', 'U10612', 'U882', 'U10749', 'U6789', 'U2588', 'U4723', 'U2047']",8
U10694,"['U5198', 'U13900', 'U14647', 'U3700', 'U6104', 'U11713']",6
U10695,"['U11056', 'U7147', 'U12621', 'U12995', 'U3843', 'U5321']",6
U10696,"['U7649', 'U2724', 'U6773', 'U13564', 'U3441', 'U11813']",6
U10697,"['U9847', 'U10415', 'U11976', 'U10657', 'U11622', 'U6456', 'U3828', 'U7348']",8
U10698,"['U11361', 'U551']",2
U10699,"['U7740', 'U312']",2
U10700,"['U14091', 'U7015', 'U10078', 'U4609', 'U10001']",5
U10701,"['U13215', 'U1509']",2
U10702,"['U8115', 'U4808', 'U2359', 'U455', 'U12794', 'U2906', 'U5239', 'U2439', 'U6247', 'U13883']",10
U10703,"['U12993', 'U79', 'U14401', 'U122']",4
U10704,"['U12930', 'U12685', 'U3860', 'U14176', 'U5127', 'U1548']",6
U10705,"['U14526', 'U1340', 'U4778', 'U8076', 'U10871', 'U12786']",6
U10706,"['U6002', 'U8965', 'U135', 'U11735', 'U4236']",5
U10707,"['U2666', 'U8070', 'U8253', 'U3650']",4
U10708,"['U13180', 'U12045', 'U14928']",3
U10709,"['U790', 'U11268', 'U1250', 'U14189']",4
U10710,"['U8712', 'U4551', 'U9094', 'U6349', 'U11449']",5
U10711,"['U3686', 'U4493', 'U7542', 'U14799', 'U2565', 'U12738']",6
U10712,"['U46', 'U7740', 'U2112', 'U4083', 'U13530']",5
U10713,"['U14658', 'U2942', 'U6926', 'U7705', 'U5525']",5
U10714,"['U919', 'U8820', 'U10404']",3
U10715,"['U1407', 'U13762', 'U5864', 'U11439', 'U8580', 'U7074', 'U6068']",7
U10716,"['U7542', 'U10809', 'U14774', 'U786', 'U4013', 'U124']",6
U10717,"['U9624', 'U5336', 'U8359', 'U7209', 'U7823']",5
U10718,"['U11513', 'U9222', 'U454']",3
U10719,"['U2876', 'U7970', 'U8691', 'U5983', 'U816', 'U4231']",6
U10720,"['U5293', 'U2300', 'U9928', 'U3992', 'U6991', 'U1999']",6
U10721,"['U5044', 'U4079', 'U14168', 'U7901', 'U11531', 'U12976']",6
U10722,"['U597', 'U9879', 'U9567', 'U12037']",4
U10723,"['U4548', 'U10176', 'U5360']",3
U10724,"['U3337', 'U273', 'U9318', 'U3812']",4
U10725,"['U6123', 'U7791', 'U8933', 'U9383', 'U9735', 'U2603']",6
U10726,"['U11130', 'U7142', 'U2404', 'U6945']",4
U10727,"['U13225', 'U9617']",2
U10728,"['U14914', 'U13618', 'U5583', 'U12723', 'U5142']",5
U10729,['U3899'],1
U10730,"['U13550', 'U11724', 'U9178', 'U9369']",4
U10731,"['U2542', 'U1273', 'U4232', 'U2294']",4
U10732,"['U4950', 'U699']",2
U10733,"['U6511', 'U13959']",2
U10734,"['U10144', 'U3441', 'U12066', 'U4566', 'U5657', 'U7272', 'U14158']",7
U10735,"['U2240', 'U8614', 'U11262']",3
U10736,"['U12277', 'U10223', 'U454', 'U11778']",4
U10737,"['U11167', 'U2242', 'U9629']",3
U10738,"['U4407', 'U4052', 'U11649', 'U12947', 'U2589', 'U11656', 'U13255']",7
U10739,"['U14547', 'U7514', 'U14793', 'U6313', 'U11134', 'U2841', 'U2919']",7
U10740,"['U3643', 'U3994']",2
U10741,"['U3165', 'U1099', 'U10953', 'U2030']",4
U10742,"['U11129', 'U3639', 'U6065', 'U5001', 'U1513', 'U14371', 'U718']",7
U10743,"['U2216', 'U6949', 'U8204', 'U8610', 'U8451']",5
U10744,"['U13019', 'U2768', 'U12765', 'U3845', 'U14834']",5
U10745,"['U8414', 'U493', 'U5067', 'U6366', 'U11317', 'U875', 'U8010', 'U1925']",8
U10746,"['U7072', 'U8099']",2
U10747,"['U12598', 'U2983', 'U5553', 'U9012']",4
U10748,"['U13386', 'U12129', 'U10038']",3
U10749,"['U5228', 'U10705', 'U242', 'U8154']",4
U10750,"['U4936', 'U4466', 'U7142', 'U10060', 'U13493', 'U12844', 'U6292', 'U11371', 'U958']",9
U10751,"['U1577', 'U12546', 'U10268', 'U7426', 'U6347', 'U7747', 'U11797', 'U2769']",8
U10752,"['U12150', 'U3115', 'U2708', 'U14814']",4
U10753,"['U2324', 'U8390', 'U5297', 'U2191']",4
U10754,"['U11751', 'U3848', 'U6631', 'U8608', 'U3678', 'U5757', 'U3312', 'U12312']",8
U10755,"['U4923', 'U5488', 'U2982', 'U5091', 'U5470']",5
U10756,"['U12953', 'U13412', 'U14585', 'U11142', 'U9217']",5
U10757,['U12599'],1
U10758,"['U4277', 'U10455', 'U10864']",3
U10759,"['U12060', 'U10999']",2
U10760,"['U5088', 'U13685', 'U5355', 'U14028']",4
U10761,"['U5753', 'U14824', 'U10506']",3
U10762,"['U5338', 'U2858', 'U8239', 'U8387', 'U5934', 'U861']",6
U10763,"['U6271', 'U1378']",2
U10764,"['U7484', 'U4491', 'U9399']",3
U10765,"['U8367', 'U1421', 'U8811', 'U2359', 'U7989']",5
U10766,"['U10816', 'U4699', 'U14861', 'U4043', 'U7475', 'U8334', 'U13897']",7
U10767,"['U591', 'U4491']",2
U10768,"['U1431', 'U10309']",2
U10769,['U12120'],1
U10770,"['U8324', 'U14386', 'U7391']",3
U10771,"['U2380', 'U12303', 'U7336', 'U6947', 'U4570', 'U9408']",6
U10772,"['U12141', 'U1388', 'U8435', 'U2516', 'U13085', 'U740', 'U8049', 'U5088']",8
U10773,"['U8792', 'U5385']",2
U10774,"['U311', 'U620', 'U9960']",3
U10775,"['U7127', 'U679', 'U2952']",3
U10776,"['U12923', 'U5869', 'U11673', 'U3223']",4
U10777,"['U713', 'U13998', 'U366', 'U12457']",4
U10778,"['U942', 'U12311', 'U2432']",3
U10779,"['U2434', 'U14218', 'U14316']",3
U10780,"['U432', 'U11980', 'U11815', 'U13057', 'U5135', 'U10814']",6
U10781,"['U1016', 'U3111']",2
U10782,"['U12315', 'U13748', 'U4051', 'U3259', 'U5310', 'U9778', 'U4426']",7
U10783,"['U3085', 'U7683', 'U13144', 'U14046']",4
U10784,"['U11586', 'U11362', 'U9389', 'U8503', 'U7641']",5
U10785,"['U11103', 'U8077']",2
U10786,"['U9737', 'U14662', 'U13298', 'U8189', 'U14013', 'U12756']",6
U10787,"['U8328', 'U2787', 'U3911', 'U3325', 'U6585', 'U3214']",6
U10788,"['U10369', 'U6280', 'U5669']",3
U10789,"['U4852', 'U13648', 'U1169', 'U13582']",4
U10790,"['U2210', 'U7665', 'U690']",3
U10791,"['U2710', 'U6180', 'U11926', 'U6061', 'U230', 'U13934']",6
U10792,"['U4783', 'U5228', 'U13959', 'U13746', 'U3618']",5
U10793,"['U8211', 'U967', 'U4143', 'U8703', 'U11975', 'U5104']",6
U10794,"['U1768', 'U1760', 'U5567', 'U13975', 'U14436', 'U3602', 'U3773', 'U14999', 'U11527']",9
U10795,"['U1622', 'U6790']",2
U10796,"['U3506', 'U11746', 'U6882', 'U10436', 'U12786']",5
U10797,"['U3727', 'U7393', 'U10895', 'U10919']",4
U10798,"['U12756', 'U5826', 'U14816', 'U2637', 'U9410', 'U11924', 'U1968', 'U608', 'U580']",9
U10799,"['U7178', 'U6554', 'U4232', 'U10786', 'U3256', 'U8947']",6
U10800,"['U3112', 'U919', 'U3041', 'U8565', 'U2398']",5
U10801,"['U9165', 'U13177', 'U9566', 'U14455', 'U14786', 'U4798']",6
U10802,"['U11968', 'U8654', 'U12645', 'U4132']",4
U10803,"['U6859', 'U11909', 'U338']",3
U10804,"['U5103', 'U2808', 'U13213', 'U2191', 'U6969', 'U11898']",6
U10805,"['U10620', 'U6837']",2
U10806,"['U13970', 'U10732', 'U12456', 'U3481']",4
U10807,"['U8771', 'U6459', 'U5453']",3
U10808,"['U13148', 'U12536', 'U10189']",3
U10809,"['U1584', 'U11035', 'U9553', 'U12072', 'U10167']",5
U10810,"['U4583', 'U12235', 'U5475', 'U14008', 'U548']",5
U10811,"['U12057', 'U6688']",2
U10812,"['U11825', 'U587', 'U28']",3
U10813,"['U2908', 'U8097']",2
U10814,"['U13511', 'U3930', 'U9992', 'U76']",4
U10815,"['U376', 'U14281', 'U40', 'U3936', 'U14451', 'U86', 'U7504']",7
U10816,"['U5617', 'U12401', 'U9426', 'U4434', 'U9567', 'U13698', 'U7762']",7
U10817,"['U5754', 'U3398', 'U2208', 'U4197', 'U6931']",5
U10818,"['U9049', 'U8102']",2
U10819,"['U673', 'U7275', 'U3721', 'U7063']",4
U10820,"['U6674', 'U1585', 'U6656', 'U3971', 'U33', 'U9769', 'U12273', 'U9305', 'U13221', 'U6489']",10
U10821,"['U14931', 'U9879', 'U11367', 'U487', 'U13154', 'U8170', 'U8395', 'U6371', 'U6767', 'U3396']",10
U10822,"['U8330', 'U7769', 'U10661', 'U7244', 'U5989']",5
U10823,"['U11219', 'U12581', 'U1292', 'U13324', 'U1522']",5
U10824,"['U12281', 'U6533']",2
U10825,"['U2849', 'U649', 'U12897']",3
U10826,"['U7382', 'U7242', 'U10371', 'U8665', 'U11366']",5
U10827,"['U11813', 'U14343', 'U2586', 'U7445', 'U13924', 'U1308', 'U11356']",7
U10828,"['U13717', 'U13634', 'U1744', 'U14733', 'U1377', 'U2244']",6
U10829,"['U14597', 'U3481', 'U4730', 'U1627', 'U1830', 'U12263', 'U14508']",7
U10830,"['U2389', 'U11740', 'U5402', 'U1351', 'U7525']",5
U10831,"['U8582', 'U4879', 'U3939']",3
U10832,"['U8238', 'U9636', 'U14927', 'U6323', 'U5729', 'U2552']",6
U10833,"['U4146', 'U3970', 'U1782', 'U14604', 'U567']",5
U10834,"['U6432', 'U6448', 'U12436', 'U4193', 'U10269', 'U14550']",6
U10835,"['U899', 'U4319', 'U6977', 'U3352', 'U12045']",5
U10836,"['U3175', 'U8333']",2
U10837,"['U12076', 'U9928', 'U9516', 'U179', 'U3885', 'U6461']",6
U10838,"['U12354', 'U5746', 'U3963', 'U13069']",4
U10839,"['U8910', 'U12197', 'U13475', 'U8773', 'U247']",5
U10840,"['U7783', 'U7369', 'U3142', 'U14230', 'U2239']",5
U10841,"['U1167', 'U10178', 'U4032', 'U14812', 'U13731', 'U2302', 'U9947', 'U657', 'U9372']",9
U10842,"['U2691', 'U7984']",2
U10843,"['U9501', 'U2416', 'U1444', 'U7386', 'U7848', 'U13393', 'U2289']",7
U10844,"['U10537', 'U13136', 'U14205', 'U8122', 'U9163', 'U14429']",6
U10845,"['U12121', 'U6301', 'U9499', 'U13198', 'U10630', 'U12425', 'U7690', 'U2797']",8
U10846,"['U5164', 'U14303']",2
U10847,"['U10063', 'U2506', 'U182', 'U7430', 'U2545', 'U2500']",6
U10848,"['U14994', 'U9215', 'U14033', 'U13842', 'U3348', 'U13625']",6
U10849,['U7714'],1
U10850,"['U10444', 'U236', 'U3683', 'U10521', 'U7978', 'U9665']",6
U10851,"['U9466', 'U7034', 'U7306', 'U13729', 'U5459', 'U8413', 'U14881', 'U5700']",8
U10852,"['U2956', 'U7495', 'U5655', 'U5400', 'U3799', 'U4446', 'U12736']",7
U10853,"['U14805', 'U8198', 'U467']",3
U10854,"['U631', 'U1242', 'U4895', 'U1107', 'U14541', 'U4080', 'U5555']",7
U10855,"['U9782', 'U8512', 'U1414', 'U163', 'U6718', 'U1901']",6
U10856,"['U809', 'U14378', 'U10950', 'U13059', 'U8376', 'U14894']",6
U10857,"['U6796', 'U4832', 'U3856', 'U13926', 'U6723']",5
U10858,"['U13918', 'U10997', 'U2953', 'U5471', 'U5480']",5
U10859,"['U9495', 'U3294', 'U14532', 'U8753', 'U12289', 'U7345', 'U10107']",7
U10860,"['U13859', 'U7754', 'U12514', 'U7681']",4
U10861,['U2645'],1
U10862,"['U1178', 'U14418', 'U8116', 'U6176']",4
U10863,"['U6050', 'U6486', 'U14069', 'U8794']",4
U10864,"['U171', 'U4102', 'U2909', 'U1101', 'U14935']",5
U10865,"['U7921', 'U11057', 'U5345', 'U214', 'U6958', 'U11092']",6
U10866,"['U10915', 'U1735']",2
U10867,"['U5752', 'U7053', 'U11946', 'U3739', 'U14131', 'U2024', 'U2907', 'U11127', 'U5142']",9
U10868,"['U8742', 'U253', 'U442', 'U14722', 'U11499', 'U2499', 'U8586', 'U5064']",8
U10869,"['U7003', 'U11792', 'U13757', 'U1260', 'U6381', 'U4113']",6
U10870,"['U12721', 'U8426', 'U10853', 'U14038', 'U10203']",5
U10871,"['U8817', 'U9046', 'U9949', 'U1872', 'U14587']",5
U10872,"['U11269', 'U2688', 'U6048', 'U4552', 'U14591', 'U12038', 'U4661', 'U10263', 'U3796', 'U9670']",10
U10873,"['U3435', 'U13522']",2
U10874,"['U12571', 'U12927', 'U9053']",3
U10875,"['U6872', 'U9582', 'U3637']",3
U10876,"['U7584', 'U11173', 'U2888', 'U11771', 'U11441', 'U12553']",6
U10877,"['U2342', 'U12289', 'U5028', 'U4387']",4
U10878,"['U11220', 'U839', 'U5615', 'U1123', 'U5291', 'U12709', 'U514']",7
U10879,"['U9735', 'U12030', 'U11910']",3
U10880,"['U7846', 'U10530', 'U12986', 'U5352', 'U12212', 'U8509', 'U14872', 'U2815', 'U2709']",9
U10881,"['U11002', 'U52', 'U5439', 'U690']",4
U10882,"['U7312', 'U10911', 'U13491', 'U1278', 'U6433']",5
U10883,['U13791'],1
U10884,"['U10386', 'U14194', 'U14300', 'U4446', 'U10961']",5
U10885,"['U2705', 'U6120', 'U1659', 'U13303', 'U11916', 'U13523', 'U1759']",7
U10886,['U3945'],1
U10887,"['U10849', 'U14700', 'U4240', 'U4345', 'U9871', 'U6941', 'U14335', 'U4701', 'U2596', 'U14924']",10
U10888,"['U768', 'U6587', 'U172', 'U300', 'U10039']",5
U10889,"['U1663', 'U481', 'U6345', 'U14673', 'U13344']",5
U10890,"['U2800', 'U4700', 'U4357', 'U692', 'U7764', 'U12803']",6
U10891,"['U10400', 'U3096', 'U13436', 'U4596', 'U8853', 'U9498', 'U11127', 'U5838']",8
U10892,"['U13300', 'U3854', 'U12666', 'U14988', 'U6323']",5
U10893,"['U4019', 'U3860', 'U6327']",3
U10894,"['U9648', 'U6367', 'U4459']",3
U10895,"['U13745', 'U12507', 'U13319', 'U11355', 'U8819']",5
U10896,"['U13175', 'U3381', 'U5526', 'U14778']",4
U10897,"['U9749', 'U7366', 'U4364', 'U4330', 'U11914', 'U13282']",6
U10898,"['U2248', 'U4792', 'U345', 'U9673', 'U875', 'U1503']",6
U10899,"['U921', 'U11650', 'U11669']",3
U10900,"['U12860', 'U2427', 'U2275', 'U5482', 'U4557', 'U5008']",6
U10901,"['U8400', 'U13397', 'U4631', 'U636']",4
U10902,"['U4152', 'U5108', 'U8135', 'U9052', 'U1216']",5
U10903,"['U3197', 'U348', 'U2702', 'U13246', 'U565']",5
U10904,"['U10163', 'U12525', 'U8581']",3
U10905,"['U1471', 'U11970', 'U3103']",3
U10906,"['U13076', 'U7757', 'U7141', 'U7740', 'U9781', 'U1964', 'U7391', 'U5614', 'U4273', 'U12595']",10
U10907,"['U5039', 'U14824', 'U11149', 'U1492', 'U1075', 'U1246']",6
U10908,"['U11321', 'U1739', 'U1629']",3
U10909,"['U4133', 'U12656', 'U6089', 'U5648']",4
U10910,"['U8555', 'U9552', 'U4156', 'U6461', 'U13156']",5
U10911,"['U5665', 'U6267', 'U13491', 'U14991']",4
U10912,"['U8604', 'U3586', 'U4146', 'U2318', 'U3390', 'U4439', 'U1142', 'U7645']",8
U10913,"['U6801', 'U8691', 'U4641', 'U8508', 'U7040']",5
U10914,"['U10618', 'U13834', 'U2370', 'U6266', 'U5726']",5
U10915,"['U4428', 'U6597']",2
U10916,"['U12629', 'U8388', 'U2536', 'U5713']",4
U10917,"['U7370', 'U4676', 'U13994', 'U9741', 'U4233']",5
U10918,"['U10472', 'U7609', 'U958', 'U13868', 'U14642']",5
U10919,"['U14665', 'U8564', 'U8330', 'U9232', 'U10836']",5
U10920,"['U14829', 'U6025', 'U13804', 'U5979', 'U6502', 'U34', 'U8410', 'U9073']",8
U10921,"['U3361', 'U962', 'U14239', 'U13133']",4
U10922,"['U302', 'U6083', 'U2330']",3
U10923,"['U2708', 'U9146']",2
U10924,['U11161'],1
U10925,"['U14795', 'U14236', 'U4098', 'U13267', 'U9027', 'U7703']",6
U10926,"['U4352', 'U3724', 'U1655', 'U3136']",4
U10927,"['U8693', 'U9921', 'U13481', 'U1568', 'U5731']",5
U10928,"['U1601', 'U7431', 'U10802', 'U10946']",4
U10929,"['U11930', 'U2720', 'U2160', 'U9292', 'U1472']",5
U10930,"['U339', 'U10618', 'U14045', 'U14184', 'U4823']",5
U10931,"['U3849', 'U12124', 'U2046']",3
U10932,"['U2013', 'U4892', 'U6019']",3
U10933,"['U7616', 'U3041', 'U9749']",3
U10934,"['U13815', 'U11962', 'U14473']",3
U10935,"['U5092', 'U14058', 'U12261']",3
U10936,"['U11284', 'U12587', 'U13019', 'U9679', 'U3641', 'U1213']",6
U10937,"['U3970', 'U11344', 'U5538', 'U8678', 'U8459']",5
U10938,"['U1392', 'U4912', 'U3246', 'U14522', 'U7169']",5
U10939,"['U12511', 'U14666', 'U9442', 'U8345', 'U9125', 'U1120']",6
U10940,"['U14411', 'U10563', 'U10728', 'U3152', 'U6570', 'U10959']",6
U10941,"['U10311', 'U3458', 'U3551', 'U2003']",4
U10942,"['U5902', 'U10995', 'U11232']",3
U10943,"['U1317', 'U10914', 'U8334', 'U1474']",4
U10944,"['U13385', 'U10707', 'U8617', 'U13736', 'U4929', 'U4706']",6
U10945,"['U11182', 'U6726', 'U11538', 'U11748', 'U8845', 'U12345']",6
U10946,"['U9055', 'U10001', 'U12319', 'U11398', 'U11284']",5
U10947,"['U9629', 'U8758', 'U6353', 'U2262', 'U8328', 'U7831', 'U13533']",7
U10948,"['U10835', 'U8812', 'U8462', 'U8737', 'U1952', 'U7639', 'U1243', 'U2839', 'U4404']",9
U10949,"['U14121', 'U901', 'U9179', 'U5259']",4
U10950,"['U9584', 'U9287', 'U7677']",3
U10951,['U7476'],1
U10952,"['U13160', 'U5719', 'U10114', 'U7262']",4
U10953,"['U10751', 'U6617', 'U14553', 'U13333']",4
U10954,"['U9717', 'U8568', 'U753', 'U11885']",4
U10955,"['U10852', 'U3878']",2
U10956,"['U1801', 'U12329', 'U9905']",3
U10957,"['U2147', 'U6302', 'U12672', 'U12367', 'U8057', 'U2941', 'U11115', 'U8132']",8
U10958,"['U2011', 'U4438']",2
U10959,"['U14673', 'U7971', 'U12791', 'U6064', 'U6067']",5
U10960,"['U6372', 'U11154', 'U5348', 'U10118', 'U3034', 'U7111']",6
U10961,"['U9174', 'U7048', 'U3654', 'U4593']",4
U10962,['U1784'],1
U10963,"['U8605', 'U6643', 'U7348', 'U12664']",4
U10964,"['U13560', 'U12010', 'U12649', 'U12930', 'U13277', 'U537']",6
U10965,"['U4551', 'U13275', 'U13434']",3
U10966,"['U87', 'U13479', 'U8494', 'U2635', 'U8506', 'U10367', 'U13084', 'U81']",8
U10967,"['U1545', 'U1071', 'U9990', 'U12147', 'U13724']",5
U10968,"['U3350', 'U10083']",2
U10969,"['U9206', 'U7038', 'U5327']",3
U10970,"['U5837', 'U13707', 'U5296', 'U8678']",4
U10971,"['U810', 'U946', 'U8812']",3
U10972,"['U715', 'U6182', 'U6096', 'U2045', 'U8705']",5
U10973,"['U892', 'U7625', 'U5086', 'U6217']",4
U10974,"['U11281', 'U12880', 'U10340', 'U281']",4
U10975,"['U14666', 'U2660', 'U10587']",3
U10976,"['U14033', 'U11755', 'U4579']",3
U10977,"['U8968', 'U10326', 'U9759', 'U2845', 'U8741', 'U10520']",6
U10978,"['U3457', 'U4258', 'U10187', 'U12520', 'U561', 'U6865', 'U433']",7
U10979,"['U3984', 'U12653', 'U2079', 'U8192']",4
U10980,"['U9703', 'U7188', 'U9595', 'U10095', 'U7273', 'U3547', 'U4402', 'U2723']",8
U10981,"['U284', 'U785', 'U2198', 'U7598', 'U7033', 'U14668', 'U6662', 'U14763']",8
U10982,"['U13268', 'U11863', 'U8868']",3
U10983,"['U10170', 'U25', 'U4635', 'U6267']",4
U10984,"['U1860', 'U14170', 'U6338']",3
U10985,"['U12848', 'U14385', 'U10698', 'U12157', 'U639', 'U3219', 'U841', 'U4658']",8
U10986,"['U5499', 'U192', 'U13915', 'U6119', 'U13972']",5
U10987,"['U8760', 'U12822', 'U8892', 'U7395']",4
U10988,[],0
U10989,"['U11499', 'U4432']",2
U10990,[],0
U10991,"['U1435', 'U14929', 'U4604', 'U12828', 'U2462']",5
U10992,"['U12658', 'U8291', 'U5516', 'U13449', 'U5709', 'U6176', 'U10114', 'U12829']",8
U10993,"['U13373', 'U7461', 'U12631', 'U14982', 'U7868', 'U4141', 'U3289']",7
U10994,"['U10686', 'U1332', 'U4439']",3
U10995,"['U206', 'U39', 'U6354', 'U1737', 'U4763', 'U8117']",6
U10996,"['U13662', 'U13277', 'U5795']",3
U10997,"['U5649', 'U13269', 'U6629', 'U11920', 'U2065', 'U2333']",6
U10998,"['U12525', 'U13037', 'U1078', 'U13318', 'U9424']",5
U10999,"['U10399', 'U13653', 'U4076', 'U11950', 'U759', 'U11407', 'U14292', 'U452', 'U2025']",9
U11000,"['U9903', 'U5338', 'U8852', 'U9648']",4
U11001,"['U6760', 'U10095', 'U8134', 'U4001', 'U1474']",5
U11002,"['U6213', 'U14508', 'U13823']",3
U11003,"['U10782', 'U14654', 'U6361', 'U3010', 'U3219', 'U6548', 'U349', 'U14296']",8
U11004,"['U9815', 'U13651', 'U8475', 'U13515', 'U6499']",5
U11005,"['U12460', 'U1680', 'U14480', 'U2035', 'U4529', 'U14819']",6
U11006,"['U6000', 'U14499', 'U9522', 'U11638', 'U3926', 'U3330']",6
U11007,"['U12464', 'U13451', 'U12898', 'U5749', 'U7654', 'U7474', 'U3000', 'U5267']",8
U11008,"['U14033', 'U8536', 'U2838', 'U4588', 'U8355']",5
U11009,"['U10372', 'U4918', 'U9407', 'U1865', 'U574', 'U2446', 'U5843']",7
U11010,"['U1538', 'U6113', 'U12950', 'U6948', 'U7940']",5
U11011,"['U3037', 'U10965', 'U12530']",3
U11012,['U2918'],1
U11013,"['U4228', 'U13703', 'U8964', 'U3028']",4
U11014,"['U8718', 'U11747', 'U8592', 'U11502', 'U14335', 'U5933', 'U3957']",7
U11015,"['U2212', 'U5241', 'U4766', 'U9606', 'U12695', 'U6767', 'U9110', 'U6633', 'U719']",9
U11016,"['U3915', 'U1168', 'U9694', 'U12348', 'U4826', 'U2568', 'U8141']",7
U11017,"['U12126', 'U12258', 'U2110', 'U14767', 'U14412']",5
U11018,"['U9388', 'U9021', 'U2304', 'U6738', 'U5651']",5
U11019,"['U11073', 'U1674', 'U13567']",3
U11020,"['U12661', 'U11124', 'U11360', 'U13521', 'U6027', 'U13931']",6
U11021,"['U3569', 'U14145', 'U14301', 'U3256', 'U7612', 'U8129', 'U4949', 'U14660', 'U3612']",9
U11022,"['U7313', 'U1238', 'U2786']",3
U11023,"['U317', 'U13087', 'U13439', 'U11604', 'U14604']",5
U11024,"['U11962', 'U872', 'U9132', 'U11858']",4
U11025,"['U11660', 'U5354', 'U6900', 'U5179', 'U6490']",5
U11026,"['U11498', 'U3421', 'U10922', 'U3324']",4
U11027,"['U6940', 'U1936', 'U12749']",3
U11028,"['U14929', 'U13421', 'U14306']",3
U11029,[],0
U11030,"['U5842', 'U8594', 'U4553', 'U99', 'U946']",5
U11031,"['U7756', 'U2402', 'U8432', 'U6408', 'U8649', 'U4183', 'U8947']",7
U11032,"['U5891', 'U13307', 'U467', 'U6156', 'U8474']",5
U11033,"['U8844', 'U14478', 'U5309']",3
U11034,"['U10295', 'U11813', 'U6114', 'U9063']",4
U11035,"['U4998', 'U13662', 'U5533', 'U6425', 'U10737']",5
U11036,"['U13715', 'U20', 'U8139', 'U8390']",4
U11037,"['U11895', 'U2426', 'U11380', 'U13364']",4
U11038,"['U13523', 'U3340', 'U16', 'U13220', 'U14234', 'U11049']",6
U11039,"['U10763', 'U680', 'U14975']",3
U11040,"['U11833', 'U10081', 'U8244', 'U91']",4
U11041,"['U8413', 'U1274', 'U4892', 'U1224', 'U8347', 'U14174']",6
U11042,"['U4845', 'U6145', 'U7574']",3
U11043,"['U3829', 'U7298', 'U10805', 'U11620', 'U1717']",5
U11044,"['U7697', 'U1798', 'U9442']",3
U11045,"['U6284', 'U3100', 'U7699', 'U5939', 'U13040']",5
U11046,"['U8392', 'U10279', 'U4194', 'U4354', 'U2267', 'U5990']",6
U11047,['U13261'],1
U11048,"['U14966', 'U10535', 'U10508', 'U9093', 'U12537']",5
U11049,"['U14129', 'U2226', 'U12595']",3
U11050,"['U8720', 'U2643', 'U3615', 'U6131', 'U674']",5
U11051,"['U9686', 'U13955', 'U11008', 'U12575', 'U905', 'U308', 'U3412']",7
U11052,"['U6659', 'U1149', 'U13319', 'U10591']",4
U11053,"['U5609', 'U14191', 'U8676']",3
U11054,"['U7585', 'U13789', 'U14603', 'U13377', 'U7587']",5
U11055,['U14190'],1
U11056,"['U167', 'U13736', 'U8424', 'U19']",4
U11057,"['U14872', 'U10538', 'U4888', 'U7301', 'U5314', 'U4182', 'U8017', 'U6939']",8
U11058,"['U3020', 'U5842', 'U1657', 'U9624', 'U6828']",5
U11059,"['U1584', 'U13949', 'U5319', 'U4858', 'U12989', 'U2971', 'U6062']",7
U11060,"['U706', 'U14379', 'U13972', 'U8506', 'U2519']",5
U11061,"['U11361', 'U5203', 'U6569', 'U6415', 'U11497']",5
U11062,"['U4361', 'U5030', 'U1448', 'U6769', 'U14936', 'U13524']",6
U11063,"['U7079', 'U7210', 'U6975', 'U6884', 'U11912', 'U12790', 'U10292']",7
U11064,"['U495', 'U6804', 'U3279', 'U13129', 'U3074', 'U5251', 'U3740', 'U9387', 'U12264', 'U11308']",10
U11065,"['U8268', 'U4217', 'U12200', 'U14212', 'U7205']",5
U11066,"['U9856', 'U489', 'U8923', 'U14258']",4
U11067,"['U87', 'U3208', 'U9735']",3
U11068,"['U11701', 'U4731', 'U13458', 'U8322']",4
U11069,"['U12740', 'U10585', 'U906', 'U2193', 'U3231']",5
U11070,"['U12023', 'U8688', 'U14633']",3
U11071,['U14260'],1
U11072,"['U14899', 'U842', 'U9326', 'U869', 'U4667', 'U8897']",6
U11073,"['U5212', 'U8978', 'U11393', 'U14186', 'U11895', 'U2073', 'U10109', 'U9037', 'U4392']",9
U11074,"['U684', 'U5878', 'U5852', 'U8772', 'U2521', 'U10072']",6
U11075,"['U1751', 'U6557', 'U737', 'U2817', 'U13195']",5
U11076,['U6172'],1
U11077,"['U8557', 'U3113']",2
U11078,"['U6941', 'U2576', 'U12178']",3
U11079,"['U1121', 'U4857']",2
U11080,"['U12865', 'U485', 'U2417', 'U11780']",4
U11081,"['U5107', 'U11349', 'U13789', 'U498', 'U12550', 'U3155']",6
U11082,"['U8718', 'U8939', 'U4726', 'U705', 'U5974']",5
U11083,"['U7924', 'U6883', 'U3054', 'U13768', 'U9567']",5
U11084,"['U6291', 'U6072', 'U9907']",3
U11085,"['U12363', 'U1292', 'U6870', 'U361']",4
U11086,"['U6685', 'U1624', 'U10506', 'U1669']",4
U11087,"['U1205', 'U2117', 'U11313', 'U9220']",4
U11088,"['U12801', 'U10436', 'U13064', 'U11732', 'U1770', 'U10316']",6
U11089,"['U12962', 'U2522', 'U1710', 'U5555']",4
U11090,"['U4668', 'U4163', 'U1575', 'U4224']",4
U11091,"['U10100', 'U2876', 'U4702', 'U4528']",4
U11092,"['U2991', 'U6415', 'U1432', 'U14932', 'U11353', 'U5442', 'U1081', 'U11182']",8
U11093,"['U4112', 'U1248', 'U1339', 'U6005', 'U503']",5
U11094,"['U12611', 'U5722', 'U4737', 'U8594', 'U7825', 'U4625', 'U7222']",7
U11095,"['U3518', 'U2654', 'U11534', 'U14152', 'U8832']",5
U11096,"['U7124', 'U9514', 'U8637', 'U4898', 'U8098', 'U1222', 'U9003']",7
U11097,"['U5541', 'U14933', 'U9827']",3
U11098,"['U12603', 'U9385', 'U8120', 'U11293', 'U11386', 'U9687', 'U3110', 'U3597', 'U4282']",9
U11099,"['U5105', 'U14866', 'U8381']",3
U11100,"['U13999', 'U2162']",2
U11101,"['U12478', 'U2579', 'U12344', 'U9803', 'U14491', 'U6368']",6
U11102,"['U9240', 'U8056', 'U4860', 'U13353', 'U628', 'U6457', 'U12732']",7
U11103,"['U1992', 'U13269', 'U13185', 'U52', 'U8306', 'U5699', 'U6476']",7
U11104,"['U5029', 'U10221']",2
U11105,"['U9582', 'U14637', 'U13916']",3
U11106,"['U232', 'U578', 'U6383']",3
U11107,"['U7795', 'U2759', 'U1354', 'U6385']",4
U11108,['U520'],1
U11109,"['U4577', 'U1885', 'U10849', 'U14816', 'U5957', 'U3834', 'U8631', 'U1553', 'U1562']",9
U11110,"['U6478', 'U10281', 'U3024', 'U7495', 'U6636', 'U2211', 'U12990', 'U10102', 'U4949', 'U2334', 'U5490']",11
U11111,"['U13153', 'U14586', 'U11528', 'U9820', 'U183', 'U8054', 'U2809', 'U4758', 'U12742']",9
U11112,"['U10951', 'U2495', 'U5363', 'U3988', 'U13041']",5
U11113,"['U9377', 'U6407', 'U13871', 'U7826', 'U12448', 'U13354', 'U8701']",7
U11114,"['U5443', 'U3945', 'U7986', 'U3392']",4
U11115,"['U9066', 'U9338', 'U12887', 'U7839']",4
U11116,"['U2891', 'U7143', 'U817', 'U461']",4
U11117,"['U9512', 'U2987', 'U8753', 'U12957', 'U10207', 'U12626']",6
U11118,"['U14593', 'U2423', 'U2288', 'U7513']",4
U11119,"['U13932', 'U2426', 'U5018', 'U14134', 'U8653', 'U835', 'U6649', 'U2626']",8
U11120,"['U4825', 'U11953', 'U13002']",3
U11121,"['U869', 'U1244', 'U13722', 'U9930']",4
U11122,['U2197'],1
U11123,"['U9951', 'U996', 'U8504', 'U3633']",4
U11124,"['U3492', 'U6719']",2
U11125,"['U9951', 'U1637', 'U6770', 'U9806', 'U1893', 'U10981', 'U6149']",7
U11126,"['U9873', 'U6381', 'U7333', 'U14687', 'U12933', 'U1455', 'U3708', 'U10582', 'U5231', 'U9029', 'U13942', 'U12906', 'U9278']",13
U11127,"['U281', 'U9162']",2
U11128,"['U10182', 'U456', 'U3850', 'U13232', 'U13353']",5
U11129,"['U11815', 'U4462']",2
U11130,"['U2889', 'U1078', 'U5709', 'U9909', 'U2335', 'U6248', 'U12625', 'U14589', 'U7399']",9
U11131,"['U13059', 'U3040', 'U11453', 'U2672', 'U10621', 'U2819', 'U4', 'U10500', 'U5435']",9
U11132,"['U2075', 'U11847']",2
U11133,"['U9907', 'U14870', 'U3191', 'U1407', 'U2076', 'U11648']",6
U11134,"['U12818', 'U12914']",2
U11135,"['U14834', 'U7164', 'U6450', 'U10157', 'U10541', 'U13712']",6
U11136,"['U6048', 'U1108', 'U7367', 'U3124', 'U6486']",5
U11137,"['U11213', 'U12461', 'U11216', 'U8722', 'U9100']",5
U11138,"['U1613', 'U14405', 'U5545', 'U10015', 'U6387', 'U14143', 'U5703', 'U9389']",8
U11139,"['U5066', 'U12904', 'U4514', 'U5308', 'U3770']",5
U11140,"['U12805', 'U14147', 'U2325', 'U9893', 'U9287', 'U10022', 'U10862', 'U2035']",8
U11141,"['U13054', 'U11950', 'U12324', 'U1509', 'U3122', 'U9602']",6
U11142,"['U14981', 'U12064', 'U13781', 'U8814']",4
U11143,"['U7313', 'U7658']",2
U11144,"['U6884', 'U99', 'U5939']",3
U11145,"['U9893', 'U3124', 'U8744', 'U2053', 'U11973']",5
U11146,"['U5519', 'U6280', 'U11900', 'U7750', 'U8788', 'U6858']",6
U11147,"['U69', 'U1592']",2
U11148,"['U7598', 'U7520', 'U3493', 'U5872', 'U11579']",5
U11149,"['U3548', 'U4514', 'U6792', 'U14117']",4
U11150,"['U10735', 'U13823', 'U10652']",3
U11151,"['U9271', 'U3569', 'U5051', 'U1502', 'U14146', 'U9057']",6
U11152,"['U11299', 'U589', 'U4294', 'U2487', 'U3068', 'U14973', 'U7670']",7
U11153,"['U5192', 'U13074', 'U8649', 'U3669', 'U1278', 'U13108', 'U13632', 'U84']",8
U11154,"['U9929', 'U5616', 'U2589', 'U3983', 'U12942']",5
U11155,"['U1835', 'U8193', 'U3250', 'U20', 'U3345', 'U11434']",6
U11156,"['U29', 'U5028', 'U6593']",3
U11157,"['U5108', 'U13237', 'U2980', 'U7182', 'U14976', 'U13746']",6
U11158,"['U3808', 'U2293', 'U8842', 'U3704', 'U10051', 'U6697']",6
U11159,['U245'],1
U11160,"['U14120', 'U12261', 'U12948']",3
U11161,"['U5177', 'U9627', 'U14338', 'U14256', 'U4642']",5
U11162,"['U3965', 'U3223', 'U5699', 'U13311', 'U9775', 'U205']",6
U11163,"['U9810', 'U11487', 'U7262', 'U14925', 'U11220', 'U14315']",6
U11164,"['U12089', 'U11877', 'U2060', 'U1732', 'U14476', 'U2650']",6
U11165,"['U1391', 'U1537', 'U13550', 'U10671', 'U11300', 'U10160', 'U2096', 'U14094', 'U11276']",9
U11166,"['U9165', 'U7301', 'U11342', 'U12307']",4
U11167,"['U6045', 'U3652', 'U1936', 'U5690', 'U6557', 'U6424', 'U3059', 'U6562']",8
U11168,"['U1006', 'U11754']",2
U11169,"['U12583', 'U4956', 'U11309', 'U10766', 'U3480', 'U2001']",6
U11170,"['U1165', 'U14200', 'U12747', 'U6932', 'U5136', 'U3139', 'U10165']",7
U11171,"['U8601', 'U1484', 'U4840', 'U4481', 'U4733', 'U7794']",6
U11172,"['U12036', 'U12182', 'U189']",3
U11173,"['U1596', 'U9273', 'U7808', 'U14698', 'U9745', 'U4755', 'U9587']",7
U11174,"['U8469', 'U9673', 'U10504', 'U5222', 'U1620']",5
U11175,"['U4307', 'U889', 'U5984', 'U4631', 'U9522']",5
U11176,"['U11175', 'U4220', 'U8283']",3
U11177,"['U7989', 'U14858']",2
U11178,"['U1708', 'U7031', 'U3665']",3
U11179,"['U13049', 'U5626', 'U1194']",3
U11180,"['U13677', 'U13521', 'U3402']",3
U11181,"['U6634', 'U10992', 'U4163', 'U11393']",4
U11182,"['U12384', 'U4964']",2
U11183,"['U6905', 'U4302', 'U10906', 'U7098']",4
U11184,"['U12197', 'U6399', 'U8655', 'U971', 'U14242', 'U4737']",6
U11185,['U1180'],1
U11186,"['U14709', 'U3709', 'U13975', 'U14939', 'U13409', 'U3707']",6
U11187,"['U13539', 'U7123', 'U9504', 'U9737', 'U1784', 'U75', 'U3316', 'U9985']",8
U11188,"['U3163', 'U11369']",2
U11189,"['U7813', 'U2655', 'U13570', 'U8602', 'U9987', 'U2360', 'U7821', 'U2273', 'U12114']",9
U11190,"['U2752', 'U14873', 'U1711']",3
U11191,"['U13236', 'U3838', 'U13718', 'U10470', 'U12191', 'U13677']",6
U11192,"['U1077', 'U8449', 'U1505', 'U2457']",4
U11193,"['U6636', 'U3500', 'U4602', 'U13654', 'U6131', 'U12809']",6
U11194,['U11340'],1
U11195,"['U12519', 'U11272']",2
U11196,"['U6446', 'U9223', 'U11703', 'U13798', 'U3406']",5
U11197,"['U6422', 'U2581', 'U697', 'U2607', 'U14706', 'U9082', 'U3523', 'U10407']",8
U11198,"['U5158', 'U2457', 'U2400', 'U2365']",4
U11199,"['U7179', 'U11885', 'U1461', 'U268']",4
U11200,"['U2891', 'U4341']",2
U11201,"['U10301', 'U2312', 'U6693', 'U14501', 'U10433', 'U8183']",6
U11202,"['U5574', 'U4681', 'U12338']",3
U11203,"['U5663', 'U4872', 'U2811', 'U8382', 'U8014', 'U13226']",6
U11204,"['U11577', 'U4287', 'U2960', 'U5199', 'U8692']",5
U11205,"['U12524', 'U447']",2
U11206,"['U3620', 'U9687', 'U11517', 'U11464', 'U12411', 'U1010', 'U5688']",7
U11207,"['U13714', 'U3394', 'U2782', 'U3549']",4
U11208,"['U8769', 'U11186']",2
U11209,['U10207'],1
U11210,"['U9177', 'U10602', 'U339', 'U935', 'U10720', 'U10818']",6
U11211,"['U9222', 'U1471', 'U3012']",3
U11212,"['U9', 'U10259', 'U6510', 'U7050', 'U1625', 'U8244']",6
U11213,"['U11626', 'U68', 'U959', 'U6105', 'U2442', 'U11440', 'U1169', 'U11383']",8
U11214,"['U1159', 'U13216', 'U6176', 'U14984', 'U12804', 'U11611']",6
U11215,"['U11345', 'U10081', 'U2792']",3
U11216,"['U14243', 'U2062', 'U6213', 'U2376', 'U12302', 'U3470', 'U1183', 'U12311']",8
U11217,"['U13396', 'U1559', 'U5455', 'U1143', 'U10480', 'U170', 'U12719', 'U2815', 'U2503', 'U12706']",10
U11218,"['U6647', 'U8106', 'U9615', 'U14565', 'U9359', 'U6115', 'U14143', 'U10025']",8
U11219,"['U466', 'U3264', 'U11846', 'U377', 'U11584', 'U7735', 'U6975', 'U11086', 'U8568', 'U10633']",10
U11220,"['U12989', 'U13744', 'U4931', 'U6647', 'U5332', 'U13498']",6
U11221,"['U1782', 'U4594', 'U6543', 'U13699', 'U7671']",5
U11222,"['U11279', 'U10173', 'U10325', 'U9066']",4
U11223,"['U101', 'U10359', 'U8897', 'U11372', 'U2788', 'U10429', 'U2926']",7
U11224,"['U4240', 'U9154', 'U5112', 'U8952', 'U1955']",5
U11225,"['U4932', 'U2901']",2
U11226,"['U11711', 'U1925']",2
U11227,"['U1859', 'U6929']",2
U11228,"['U8284', 'U5916', 'U2921', 'U7118', 'U13984', 'U12410', 'U3394', 'U5515', 'U12422', 'U13406']",10
U11229,"['U2697', 'U8804', 'U11288', 'U11903', 'U3505']",5
U11230,"['U2352', 'U12409', 'U6356', 'U14332', 'U2489']",5
U11231,"['U8751', 'U12360', 'U5971', 'U13818', 'U8383', 'U11118', 'U10859', 'U14069', 'U7238', 'U11836']",10
U11232,"['U11545', 'U13122', 'U5424', 'U14567']",4
U11233,"['U11896', 'U13270', 'U1010', 'U7812', 'U8363']",5
U11234,"['U6060', 'U9936', 'U130', 'U2694', 'U1192', 'U4059', 'U8450']",7
U11235,"['U11072', 'U12429', 'U14278']",3
U11236,"['U672', 'U2402', 'U3759', 'U4180', 'U8303', 'U3466']",6
U11237,"['U3866', 'U2612', 'U2898', 'U5536']",4
U11238,"['U3881', 'U1028']",2
U11239,"['U13746', 'U3452', 'U6825', 'U14847', 'U416']",5
U11240,"['U10015', 'U4110', 'U13837']",3
U11241,"['U3241', 'U7398', 'U12223']",3
U11242,"['U2760', 'U10685']",2
U11243,"['U4366', 'U7013', 'U10084', 'U11576', 'U14355', 'U7826']",6
U11244,"['U6334', 'U8118']",2
U11245,"['U6108', 'U6217', 'U1306', 'U1709']",4
U11246,"['U10228', 'U1028', 'U5361', 'U11139', 'U4647', 'U2306', 'U12325']",7
U11247,"['U10252', 'U14269', 'U5356', 'U13860', 'U4232']",5
U11248,"['U5417', 'U369', 'U9812']",3
U11249,"['U4869', 'U10893', 'U4296', 'U1141', 'U2339', 'U3062', 'U7659']",7
U11250,"['U14709', 'U8653', 'U14714', 'U7340', 'U8533']",5
U11251,"['U4721', 'U6431', 'U12618', 'U983', 'U10844']",5
U11252,"['U4842', 'U1458', 'U6561', 'U14158', 'U209', 'U2375']",6
U11253,"['U3805', 'U13560', 'U5769', 'U1334', 'U7953', 'U1746']",6
U11254,"['U14622', 'U6026', 'U10478', 'U5155', 'U14688']",5
U11255,"['U7257', 'U12061']",2
U11256,"['U2735', 'U4264', 'U4149']",3
U11257,"['U10256', 'U13689', 'U6392', 'U5621']",4
U11258,"['U471', 'U10634', 'U6160', 'U497', 'U5686']",5
U11259,"['U4076', 'U659', 'U8259', 'U2205']",4
U11260,"['U6871', 'U5780', 'U13202', 'U12077', 'U1892', 'U5432']",6
U11261,"['U11229', 'U11275', 'U7582', 'U10955', 'U14587', 'U8871', 'U6259']",7
U11262,"['U7496', 'U5073', 'U3185', 'U7311', 'U9887']",5
U11263,"['U8853', 'U3486', 'U5022', 'U7783']",4
U11264,"['U4793', 'U10487', 'U546']",3
U11265,"['U8014', 'U8235', 'U7866', 'U11319', 'U5622', 'U1596', 'U4702']",7
U11266,"['U5073', 'U4657', 'U5535']",3
U11267,"['U8381', 'U12717', 'U6537', 'U404', 'U5704', 'U10972']",6
U11268,[],0
U11269,"['U939', 'U11277', 'U13862', 'U10159']",4
U11270,"['U2625', 'U7383', 'U2910']",3
U11271,"['U20', 'U2218', 'U6696', 'U4131', 'U12326']",5
U11272,"['U8018', 'U8477', 'U8717', 'U1630', 'U2333', 'U14026', 'U10451']",7
U11273,"['U13934', 'U10162', 'U12773', 'U7925']",4
U11274,['U1758'],1
U11275,"['U13850', 'U6495', 'U5542']",3
U11276,"['U5154', 'U14009', 'U6161', 'U9546']",4
U11277,"['U8456', 'U8551', 'U11546', 'U3413']",4
U11278,"['U2014', 'U5617', 'U232', 'U38', 'U7604', 'U1860', 'U13420']",7
U11279,"['U8952', 'U8792', 'U11908', 'U246', 'U3849', 'U7668']",6
U11280,"['U1883', 'U9659', 'U3999', 'U4674', 'U1678', 'U3560', 'U1524']",7
U11281,"['U10990', 'U5043', 'U10056', 'U13800', 'U4124', 'U1735']",6
U11282,"['U5457', 'U10020', 'U10992', 'U1496', 'U5354']",5
U11283,"['U14686', 'U13690', 'U11641', 'U1037']",4
U11284,"['U6132', 'U5457', 'U10588', 'U10518', 'U4022', 'U1792', 'U2387', 'U4695']",8
U11285,"['U1404', 'U6821', 'U6804', 'U7053']",4
U11286,"['U3395', 'U7316', 'U3779', 'U7904', 'U4338', 'U11231']",6
U11287,"['U1827', 'U11749', 'U1443', 'U7530', 'U11923', 'U10249']",6
U11288,"['U13115', 'U13347', 'U8389', 'U11223']",4
U11289,"['U14613', 'U14038']",2
U11290,"['U7403', 'U5037', 'U8798', 'U13725', 'U2942', 'U12488', 'U4030', 'U8294', 'U5561', 'U4760']",10
U11291,['U10503'],1
U11292,"['U8107', 'U6017', 'U13785', 'U3874', 'U14723', 'U9677', 'U4665', 'U5741', 'U4944']",9
U11293,"['U3845', 'U1239', 'U13585', 'U8120', 'U5184']",5
U11294,['U4325'],1
U11295,"['U7058', 'U900', 'U4859', 'U4152']",4
U11296,"['U5166', 'U5960', 'U16', 'U6555', 'U9642', 'U8903', 'U1915']",7
U11297,"['U3690', 'U12631', 'U1179', 'U361', 'U5136', 'U10241', 'U7306']",7
U11298,"['U2382', 'U14229', 'U10783', 'U9420', 'U1524']",5
U11299,"['U2750', 'U14591', 'U5207', 'U11948', 'U9079', 'U6998']",6
U11300,"['U8331', 'U13664', 'U4610']",3
U11301,"['U9697', 'U8976', 'U8908', 'U6583']",4
U11302,"['U872', 'U169', 'U8315', 'U6073', 'U6472']",5
U11303,"['U1851', 'U14771', 'U2325', 'U9058', 'U6508', 'U9335', 'U12307']",7
U11304,"['U11859', 'U8699', 'U10971', 'U278', 'U2314']",5
U11305,"['U8970', 'U11893', 'U3073']",3
U11306,"['U4649', 'U8140', 'U11836', 'U8089', 'U1385', 'U482']",6
U11307,"['U2143', 'U2881', 'U6175', 'U12711', 'U3390']",5
U11308,"['U8260', 'U10674']",2
U11309,"['U1651', 'U2549', 'U1997']",3
U11310,"['U9380', 'U3274', 'U13970', 'U1250', 'U7825', 'U700', 'U14201', 'U11707']",8
U11311,"['U5785', 'U1473', 'U10861', 'U1622', 'U1587']",5
U11312,"['U1759', 'U9246']",2
U11313,"['U4913', 'U12707', 'U5070', 'U6932', 'U1044', 'U7979']",6
U11314,"['U12795', 'U5913', 'U1222', 'U2128', 'U6716']",5
U11315,"['U12521', 'U475', 'U9441', 'U6285', 'U2989', 'U14662', 'U6049', 'U8843']",8
U11316,"['U3049', 'U583', 'U14038', 'U1442', 'U6420', 'U11940', 'U4551']",7
U11317,"['U3226', 'U10923', 'U2787', 'U12745']",4
U11318,"['U11910', 'U13237']",2
U11319,"['U10077', 'U13790']",2
U11320,"['U4496', 'U10350', 'U377', 'U4477']",4
U11321,"['U10346', 'U12877', 'U4600', 'U4680', 'U9561']",5
U11322,"['U7382', 'U9380', 'U5773', 'U1720']",4
U11323,"['U9241', 'U6881', 'U3809', 'U2977', 'U717', 'U10143', 'U6001', 'U13669', 'U981']",9
U11324,"['U2992', 'U14187']",2
U11325,"['U14588', 'U9365', 'U13856', 'U1764']",4
U11326,"['U12850', 'U10261', 'U12611', 'U5224']",4
U11327,"['U7652', 'U4159', 'U13788', 'U9124']",4
U11328,"['U14904', 'U9664', 'U14489', 'U5164', 'U9741', 'U6093', 'U1903']",7
U11329,"['U11752', 'U14909', 'U2643', 'U12623', 'U9287', 'U1222', 'U5027', 'U4106', 'U14066', 'U3965', 'U13490']",11
U11330,"['U13216', 'U606', 'U8184', 'U4765', 'U1611', 'U13039']",6
U11331,['U3943'],1
U11332,"['U3915', 'U947', 'U245', 'U3574']",4
U11333,"['U14291', 'U3285', 'U3441', 'U758', 'U7526', 'U5930']",6
U11334,"['U475', 'U2242', 'U5414']",3
U11335,"['U2607', 'U3925', 'U2137', 'U3179', 'U1975']",5
U11336,"['U6771', 'U5093', 'U10955', 'U12206', 'U8848', 'U9773']",6
U11337,"['U536', 'U8085', 'U1180', 'U7624']",4
U11338,"['U14667', 'U7788', 'U8064', 'U5476', 'U14816']",5
U11339,"['U1919', 'U774', 'U10474', 'U9213']",4
U11340,"['U998', 'U2655', 'U13631', 'U6214', 'U14364']",5
U11341,"['U4739', 'U1890', 'U6389']",3
U11342,"['U7960', 'U8400', 'U4857', 'U3256', 'U6081', 'U381', 'U10599', 'U6477']",8
U11343,"['U9910', 'U12274', 'U7002', 'U10741', 'U8100']",5
U11344,"['U5204', 'U66', 'U3868', 'U6097', 'U1428', 'U12272', 'U6178', 'U11172', 'U12255']",9
U11345,"['U10176', 'U4162']",2
U11346,"['U6789', 'U3458']",2
U11347,"['U5333', 'U1290', 'U12909', 'U14721', 'U9725', 'U5959', 'U4716', 'U10191']",8
U11348,"['U14530', 'U1565', 'U13550']",3
U11349,"['U9247', 'U5227', 'U11710', 'U2666', 'U13799']",5
U11350,"['U5659', 'U6399', 'U13935', 'U328']",4
U11351,"['U5280', 'U5214', 'U12296', 'U2090', 'U2936']",5
U11352,"['U5750', 'U8470', 'U5631', 'U3970', 'U7052', 'U6893']",6
U11353,"['U12081', 'U12653', 'U345', 'U6876', 'U12603']",5
U11354,"['U14587', 'U11526', 'U5184', 'U3532', 'U6313']",5
U11355,"['U622', 'U13181', 'U1102', 'U599', 'U14160', 'U2059', 'U14675', 'U6649']",8
U11356,"['U1284', 'U5700', 'U12989']",3
U11357,"['U2644', 'U3098']",2
U11358,"['U2918', 'U1776', 'U367']",3
U11359,"['U6877', 'U11765']",2
U11360,"['U219', 'U1411', 'U1052', 'U5691']",4
U11361,"['U13341', 'U12444', 'U13939']",3
U11362,"['U14352', 'U14467', 'U6661']",3
U11363,"['U7114', 'U1531', 'U9231', 'U11288', 'U938']",5
U11364,"['U4179', 'U8617', 'U11899', 'U3334', 'U1403', 'U5858', 'U13365', 'U9320', 'U11126']",9
U11365,"['U2830', 'U5649', 'U4041', 'U3619']",4
U11366,"['U5760', 'U11736']",2
U11367,"['U9394', 'U12059', 'U7170', 'U8453', 'U194', 'U12073']",6
U11368,"['U7947', 'U10816', 'U8855', 'U5876', 'U3444', 'U2276']",6
U11369,"['U13286', 'U13405', 'U5966', 'U3705']",4
U11370,"['U14565', 'U1329', 'U4648', 'U10528', 'U14242', 'U14863']",6
U11371,"['U4704', 'U14045', 'U13603', 'U8305', 'U12724', 'U14807']",6
U11372,"['U5310', 'U3945', 'U2004', 'U10609', 'U10767']",5
U11373,"['U3721', 'U6621', 'U4914', 'U10998', 'U12761']",5
U11374,"['U1397', 'U6538', 'U12006']",3
U11375,"['U4984', 'U3190', 'U1334', 'U10411']",4
U11376,"['U3683', 'U13433', 'U3508', 'U5839', 'U5578', 'U4704']",6
U11377,"['U9265', 'U3503', 'U7557', 'U2407']",4
U11378,"['U2613', 'U5221', 'U4568', 'U8653', 'U4243', 'U11503', 'U8612']",7
U11379,"['U6703', 'U8801', 'U7897', 'U7793']",4
U11380,"['U11042', 'U6874', 'U5725', 'U13509']",4
U11381,"['U166', 'U10793', 'U1196', 'U8215', 'U4032', 'U14411', 'U5095', 'U11782', 'U2203', 'U6537']",10
U11382,"['U12385', 'U13085', 'U8435']",3
U11383,"['U7769', 'U4780', 'U5864', 'U8998', 'U3321', 'U14306', 'U14111', 'U5236']",8
U11384,"['U257', 'U2925', 'U90', 'U7872', 'U2003']",5
U11385,"['U2951', 'U5639', 'U8698', 'U1168']",4
U11386,"['U4247', 'U7741', 'U2644', 'U10012']",4
U11387,"['U9246', 'U7526', 'U14751', 'U14680', 'U12484', 'U701', 'U6848', 'U9471']",8
U11388,"['U11980', 'U12216', 'U830', 'U8631']",4
U11389,"['U10436', 'U1065', 'U13373', 'U10646', 'U8812', 'U1726']",6
U11390,"['U1735', 'U5204', 'U12129']",3
U11391,"['U560', 'U5327', 'U5532', 'U10379', 'U6712', 'U307']",6
U11392,"['U14682', 'U12112', 'U8317']",3
U11393,['U13322'],1
U11394,"['U3289', 'U8330', 'U1955', 'U10998', 'U8988', 'U4655', 'U1916']",7
U11395,"['U5966', 'U13261']",2
U11396,"['U14976', 'U887', 'U14478', 'U1994', 'U1171']",5
U11397,['U13495'],1
U11398,"['U5306', 'U5669', 'U9247']",3
U11399,"['U9898', 'U653', 'U3233']",3
U11400,"['U7228', 'U13383', 'U14260', 'U3494', 'U13729', 'U2351', 'U11892']",7
U11401,"['U11698', 'U635', 'U4190', 'U5001']",4
U11402,"['U8166', 'U6471', 'U12869', 'U1737', 'U3453']",5
U11403,"['U5423', 'U5661', 'U10615', 'U6052', 'U13452', 'U5636', 'U8894', 'U11364', 'U6871']",9
U11404,"['U14572', 'U11709', 'U6278', 'U10320']",4
U11405,['U5379'],1
U11406,"['U2279', 'U4179', 'U14736', 'U2606', 'U14731', 'U10949']",6
U11407,"['U6028', 'U2329', 'U14438', 'U7090', 'U5167', 'U9251', 'U3568', 'U6037']",8
U11408,"['U12084', 'U5463', 'U8478', 'U6541', 'U8668', 'U10723', 'U13560', 'U14663']",8
U11409,"['U14650', 'U2046', 'U11441']",3
U11410,"['U14202', 'U11773', 'U2324']",3
U11411,"['U2890', 'U2695', 'U3635', 'U5329', 'U11725', 'U11160', 'U4367', 'U1989', 'U11930']",9
U11412,"['U9303', 'U3909', 'U3988']",3
U11413,"['U2692', 'U9424', 'U1517', 'U14001', 'U3416', 'U14683', 'U3725', 'U194']",8
U11414,"['U7702', 'U807', 'U1016', 'U12330', 'U11780']",5
U11415,"['U12489', 'U14908', 'U2780', 'U9501', 'U7831', 'U5060', 'U14715']",7
U11416,"['U8225', 'U5015', 'U6165', 'U8435']",4
U11417,"['U4636', 'U12922', 'U9788', 'U7577', 'U7567']",5
U11418,"['U5352', 'U3537', 'U9504', 'U11958', 'U14866', 'U3509']",6
U11419,"['U12244', 'U11028', 'U2823', 'U7853']",4
U11420,"['U9960', 'U3193', 'U7389', 'U7737', 'U7999']",5
U11421,"['U14737', 'U7303', 'U9817', 'U4197', 'U11869', 'U11029']",6
U11422,"['U7128', 'U3994', 'U1176', 'U7434', 'U3829']",5
U11423,"['U7796', 'U6072', 'U10889', 'U783', 'U1259', 'U13824']",6
U11424,"['U5731', 'U10401', 'U12043', 'U3831']",4
U11425,"['U5703', 'U2944', 'U8345', 'U5266']",4
U11426,"['U9433', 'U755']",2
U11427,"['U1351', 'U1052', 'U4029']",3
U11428,"['U5408', 'U11813', 'U1533', 'U14015', 'U3471', 'U13034', 'U12314', 'U7360', 'U9']",9
U11429,"['U7393', 'U8206', 'U10064', 'U599', 'U6458', 'U3777']",6
U11430,"['U3967', 'U3338', 'U11835', 'U10939', 'U6167']",5
U11431,"['U10839', 'U9272']",2
U11432,[],0
U11433,"['U13880', 'U2663', 'U7662']",3
U11434,"['U1657', 'U1375', 'U8211', 'U8006', 'U6671', 'U13611']",6
U11435,"['U11868', 'U5150', 'U2767', 'U13520', 'U11371']",5
U11436,"['U2089', 'U5967']",2
U11437,"['U12096', 'U7313']",2
U11438,"['U5183', 'U3464', 'U14292', 'U944', 'U12356', 'U12360']",6
U11439,"['U12634', 'U12536', 'U11833', 'U8852']",4
U11440,"['U13', 'U3841', 'U11796', 'U11030', 'U14747', 'U3259']",6
U11441,"['U11377', 'U1735', 'U12694', 'U8115']",4
U11442,"['U2802', 'U5731', 'U8346', 'U6938', 'U8421', 'U225', 'U8438']",7
U11443,"['U11405', 'U7157', 'U782', 'U3163']",4
U11444,"['U7615', 'U4881', 'U9182', 'U3632', 'U7845']",5
U11445,"['U1085', 'U12742', 'U14319', 'U7017', 'U2392', 'U10663']",6
U11446,"['U3407', 'U14543', 'U1187', 'U12027', 'U11265', 'U11096']",6
U11447,"['U2562', 'U3000']",2
U11448,"['U13682', 'U9145', 'U9591']",3
U11449,"['U10735', 'U8034', 'U2877', 'U6425', 'U7779']",5
U11450,"['U4667', 'U14650', 'U4074', 'U13201', 'U11897', 'U7653']",6
U11451,"['U101', 'U10816', 'U3180', 'U14831', 'U1418', 'U8720', 'U9200', 'U6510', 'U4647', 'U13882', 'U9438', 'U3347']",12
U11452,"['U10803', 'U14590', 'U5689', 'U387', 'U11897']",5
U11453,"['U11763', 'U10148']",2
U11454,"['U5011', 'U2969']",2
U11455,"['U5203', 'U624', 'U7953', 'U13023', 'U9284']",5
U11456,"['U4703', 'U14001', 'U12129']",3
U11457,"['U10524', 'U1685', 'U5963', 'U5859', 'U9555', 'U10156', 'U10375']",7
U11458,"['U2009', 'U11865', 'U12792', 'U7764']",4
U11459,"['U13110', 'U11511', 'U10205', 'U8174', 'U10138', 'U7066', 'U1084']",7
U11460,"['U14489', 'U6146', 'U8106', 'U4288', 'U13528', 'U4828']",6
U11461,"['U8673', 'U6836', 'U12991', 'U3509', 'U3464']",5
U11462,"['U2808', 'U12146']",2
U11463,['U9002'],1
U11464,"['U14375', 'U2477', 'U3010', 'U9514', 'U2330', 'U10117']",6
U11465,"['U10555', 'U8261', 'U4163', 'U13293', 'U519', 'U11531', 'U574', 'U12887', 'U4690']",9
U11466,['U7452'],1
U11467,"['U12267', 'U12198', 'U10312', 'U14960', 'U6053']",5
U11468,"['U14156', 'U8606', 'U3739', 'U9690', 'U9361', 'U11743']",6
U11469,"['U5907', 'U9412', 'U4741', 'U2379', 'U14545', 'U13674']",6
U11470,"['U8235', 'U3878', 'U13944', 'U14063', 'U74', 'U11712']",6
U11471,"['U2104', 'U9924', 'U13002', 'U4923', 'U11792', 'U11470']",6
U11472,"['U5880', 'U13147', 'U12059', 'U5324']",4
U11473,"['U6098', 'U11726', 'U13136', 'U4534', 'U9180', 'U7256', 'U1722']",7
U11474,[],0
U11475,"['U12847', 'U6915', 'U10002', 'U10563', 'U3381']",5
U11476,"['U6672', 'U4119', 'U8664', 'U10408']",4
U11477,"['U13749', 'U1397', 'U11085', 'U4006', 'U9162', 'U1178', 'U3439', 'U5051']",8
U11478,"['U10261', 'U6589', 'U1939']",3
U11479,"['U14579', 'U4131', 'U5317', 'U4381']",4
U11480,['U4102'],1
U11481,"['U10895', 'U14061', 'U13438', 'U4947']",4
U11482,"['U6924', 'U8100', 'U5798', 'U11428', 'U4628']",5
U11483,"['U2503', 'U14479', 'U14690', 'U8930', 'U7257', 'U2611', 'U7375', 'U4090']",8
U11484,"['U3263', 'U6415', 'U14931', 'U12973']",4
U11485,"['U251', 'U6196', 'U7563', 'U397', 'U51']",5
U11486,"['U5617', 'U8251', 'U1733', 'U926', 'U3029']",5
U11487,"['U13438', 'U11151', 'U9504', 'U13217']",4
U11488,"['U2849', 'U13925', 'U206', 'U11736', 'U1424']",5
U11489,"['U5499', 'U9155', 'U9749', 'U13113', 'U8039', 'U11090']",6
U11490,"['U2301', 'U2094']",2
U11491,"['U14828', 'U7978', 'U7951', 'U8501']",4
U11492,"['U8177', 'U3594', 'U9380', 'U10219', 'U14430']",5
U11493,"['U11581', 'U2379', 'U4954', 'U988', 'U974']",5
U11494,"['U10624', 'U7239', 'U10145']",3
U11495,"['U8991', 'U9264', 'U11993', 'U3183', 'U8430']",5
U11496,['U8578'],1
U11497,"['U2923', 'U5848', 'U6370', 'U12183', 'U6916', 'U129']",6
U11498,"['U13294', 'U1471', 'U7412', 'U3638', 'U13307']",5
U11499,"['U13455', 'U13364', 'U7205', 'U8945', 'U4925', 'U5170', 'U5099', 'U7151']",8
U11500,"['U6172', 'U4452', 'U13866', 'U7175', 'U7776', 'U6333', 'U1919', 'U9028']",8
U11501,"['U5972', 'U3128', 'U4400', 'U13332', 'U14284', 'U13715', 'U7068', 'U11386', 'U9442', 'U8246']",10
U11502,"['U4198', 'U5559', 'U11702', 'U2658', 'U5868']",5
U11503,"['U3737', 'U10583', 'U4157', 'U14079', 'U7166']",5
U11504,"['U6305', 'U4071']",2
U11505,"['U1514', 'U12530', 'U6221']",3
U11506,"['U9643', 'U7698']",2
U11507,"['U3372', 'U7809', 'U13544']",3
U11508,['U1433'],1
U11509,"['U2562', 'U5492']",2
U11510,"['U2075', 'U1840', 'U8255', 'U814', 'U13289']",5
U11511,"['U11104', 'U8537', 'U13964', 'U1414', 'U5778', 'U10878', 'U5611', 'U13827', 'U9278']",9
U11512,"['U12629', 'U56', 'U3910']",3
U11513,"['U3597', 'U1624', 'U3084']",3
U11514,"['U12219', 'U8278', 'U6227']",3
U11515,"['U1203', 'U13178', 'U7330', 'U9631', 'U14102', 'U9730']",6
U11516,"['U4289', 'U7211', 'U12331', 'U12997', 'U13790', 'U11599']",6
U11517,"['U11562', 'U11606', 'U11349', 'U9956', 'U14460', 'U10537', 'U4282']",7
U11518,"['U13926', 'U8853', 'U13326']",3
U11519,"['U11250', 'U12308', 'U3359']",3
U11520,"['U336', 'U7030', 'U4684', 'U6953', 'U13763']",5
U11521,"['U4901', 'U2111', 'U7863']",3
U11522,"['U287', 'U14636', 'U12604', 'U2857', 'U4771', 'U9967', 'U5228']",7
U11523,"['U11178', 'U8854', 'U13675', 'U12931']",4
U11524,"['U12904', 'U5408']",2
U11525,"['U1928', 'U3922', 'U12281', 'U7791', 'U8716', 'U725', 'U2107']",7
U11526,"['U1963', 'U495', 'U13753', 'U13856', 'U2891']",5
U11527,"['U10962', 'U11935', 'U884', 'U3284', 'U14363']",5
U11528,"['U5943', 'U4229', 'U402', 'U13235']",4
U11529,"['U9851', 'U1385', 'U11514', 'U10199']",4
U11530,"['U9334', 'U6593', 'U10013', 'U14489', 'U4281', 'U1022', 'U2351', 'U14014', 'U11892', 'U13552']",10
U11531,"['U7880', 'U428', 'U10042', 'U2096']",4
U11532,"['U995', 'U2059', 'U7224', 'U9948', 'U4349']",5
U11533,"['U12599', 'U8049']",2
U11534,"['U7686', 'U1049', 'U8033', 'U921']",4
U11535,"['U4024', 'U7419', 'U14608']",3
U11536,"['U1737', 'U2455', 'U13839', 'U4622']",4
U11537,"['U2057', 'U8012', 'U8637']",3
U11538,"['U13508', 'U8301', 'U14512']",3
U11539,"['U4973', 'U14888']",2
U11540,"['U3050', 'U464', 'U10032', 'U1282', 'U9547']",5
U11541,"['U10765', 'U2378', 'U14293']",3
U11542,"['U2171', 'U7941', 'U13239']",3
U11543,"['U1359', 'U11621', 'U1790', 'U1003', 'U403', 'U8300', 'U9734']",7
U11544,"['U6045', 'U6051', 'U6271', 'U11228']",4
U11545,"['U10817', 'U13372', 'U14940', 'U5153']",4
U11546,"['U9539', 'U14440', 'U4879', 'U9562', 'U622', 'U3400']",6
U11547,['U14687'],1
U11548,"['U10390', 'U11501', 'U7476', 'U7632', 'U165']",5
U11549,"['U5445', 'U4426', 'U2070']",3
U11550,"['U14583', 'U9549']",2
U11551,"['U6900', 'U14097', 'U12155', 'U6178', 'U6860']",5
U11552,"['U13937', 'U9929', 'U7181', 'U953', 'U13616', 'U12875', 'U4627']",7
U11553,"['U6489', 'U8468', 'U7809', 'U14589']",4
U11554,['U626'],1
U11555,"['U6616', 'U8458', 'U11370', 'U2091', 'U3054']",5
U11556,"['U7209', 'U8070', 'U14819', 'U10305', 'U6284']",5
U11557,"['U9594', 'U4960', 'U12901', 'U7625', 'U10823', 'U171']",6
U11558,"['U7090', 'U14235', 'U12463', 'U8483', 'U8106', 'U9821', 'U13640']",7
U11559,"['U6689', 'U8314', 'U6990', 'U11944', 'U5703']",5
U11560,"['U8635', 'U13600', 'U4128', 'U8667', 'U14727', 'U3727', 'U5088']",7
U11561,"['U4821', 'U7789', 'U11205', 'U6516', 'U5976', 'U11410']",6
U11562,"['U1418', 'U1142', 'U11532', 'U4422']",4
U11563,"['U7429', 'U10497', 'U7453', 'U777', 'U501', 'U4324']",6
U11564,"['U3925', 'U668', 'U4868', 'U8329', 'U11180', 'U9170', 'U11311']",7
U11565,"['U2696', 'U2129', 'U9147', 'U12631', 'U233', 'U894', 'U1309']",7
U11566,"['U10268', 'U11014', 'U13202', 'U6181', 'U13082', 'U1009', 'U8427']",7
U11567,"['U12249', 'U12695']",2
U11568,"['U5096', 'U240', 'U6878', 'U4630', 'U218', 'U7280', 'U1271', 'U11472', 'U4610']",9
U11569,"['U2214', 'U2624', 'U13541', 'U108', 'U7967', 'U13150', 'U14076']",7
U11570,"['U5971', 'U7836', 'U12065', 'U1379', 'U12949', 'U4959', 'U4882']",7
U11571,"['U8014', 'U12535', 'U14715']",3
U11572,"['U5845', 'U6696']",2
U11573,"['U9768', 'U3198', 'U10334', 'U13676']",4
U11574,"['U6505', 'U14903', 'U11936', 'U6881', 'U5351', 'U11366', 'U10771']",7
U11575,"['U8401', 'U7396']",2
U11576,"['U9582', 'U8397', 'U12528', 'U9335']",4
U11577,"['U11700', 'U2572', 'U11713', 'U11462', 'U7987']",5
U11578,"['U4235', 'U3273', 'U12248', 'U6798']",4
U11579,"['U8668', 'U13080', 'U6506', 'U4186', 'U14438', 'U10974', 'U2108', 'U7593']",8
U11580,"['U3823', 'U11959']",2
U11581,"['U8254', 'U9011', 'U3774', 'U9374']",4
U11582,"['U4503', 'U7457', 'U8914', 'U12721', 'U9738', 'U12362']",6
U11583,"['U87', 'U10533']",2
U11584,"['U14998', 'U6374', 'U12646', 'U7426']",4
U11585,['U12553'],1
U11586,"['U10787', 'U10089']",2
U11587,"['U11743', 'U11307']",2
U11588,"['U13210', 'U14680', 'U4157', 'U640', 'U9595', 'U4228', 'U1352', 'U3786', 'U2370']",9
U11589,"['U4426', 'U6576', 'U3686']",3
U11590,"['U2571', 'U5965']",2
U11591,"['U14213', 'U850', 'U4270', 'U9102', 'U9185']",5
U11592,"['U1835', 'U6555', 'U1330', 'U9957', 'U5611', 'U3108', 'U11272', 'U12199', 'U6540']",9
U11593,"['U9693', 'U2756', 'U1283', 'U8507', 'U7210']",5
U11594,['U14659'],1
U11595,"['U9850', 'U573', 'U7489', 'U12951']",4
U11596,"['U6161', 'U10957']",2
U11597,"['U7950', 'U2115', 'U3522', 'U14124', 'U7596']",5
U11598,"['U4907', 'U12789', 'U7832', 'U14595', 'U13324', 'U1872']",6
U11599,"['U7545', 'U13515', 'U2885', 'U13412', 'U9292', 'U3873']",6
U11600,"['U9607', 'U8219', 'U12189']",3
U11601,"['U8432', 'U12810', 'U8431', 'U1212', 'U841']",5
U11602,"['U12411', 'U4532', 'U8744', 'U3645', 'U12279', 'U2201', 'U11991', 'U34']",8
U11603,"['U9227', 'U7832']",2
U11604,"['U10559', 'U2967', 'U3603', 'U3324', 'U200']",5
U11605,"['U10606', 'U11471', 'U1706', 'U2565']",4
U11606,['U10221'],1
U11607,"['U13647', 'U6975', 'U11202', 'U12822', 'U6576', 'U14795', 'U5935']",7
U11608,"['U10112', 'U2815', 'U2818', 'U2918', 'U3936', 'U736']",6
U11609,"['U7562', 'U13170', 'U6423', 'U14876', 'U2650', 'U12679', 'U984']",7
U11610,"['U772', 'U5899', 'U7290', 'U6374', 'U2987', 'U12895']",6
U11611,"['U1203', 'U5162']",2
U11612,"['U7856', 'U633', 'U2266']",3
U11613,"['U1993', 'U1042', 'U5173', 'U4627', 'U14827']",5
U11614,"['U13112', 'U12035', 'U4029', 'U2992', 'U3840']",5
U11615,"['U8686', 'U476', 'U11864']",3
U11616,"['U5913', 'U14626']",2
U11617,"['U10545', 'U1305', 'U3832', 'U9636', 'U8819', 'U2858']",6
U11618,"['U4485', 'U9473', 'U6080', 'U10879', 'U14941', 'U7292', 'U7889', 'U8834']",8
U11619,"['U10449', 'U6611', 'U854', 'U7288']",4
U11620,"['U13953', 'U14737', 'U4989', 'U5905', 'U5614', 'U367']",6
U11621,"['U3314', 'U5361', 'U14327', 'U14905', 'U2163']",5
U11622,"['U7675', 'U9571']",2
U11623,"['U14193', 'U327', 'U9680', 'U9180']",4
U11624,"['U15', 'U11524', 'U1256', 'U6965']",4
U11625,"['U538', 'U113', 'U6652', 'U821']",4
U11626,"['U12977', 'U1548', 'U1107']",3
U11627,"['U227', 'U3726', 'U13440', 'U4211', 'U5418']",5
U11628,"['U4598', 'U14075', 'U5995', 'U10880', 'U9203']",5
U11629,"['U4737', 'U5967', 'U11305', 'U1238', 'U3168']",5
U11630,"['U2564', 'U10884']",2
U11631,"['U4130', 'U14159', 'U14103', 'U1914', 'U616', 'U5766', 'U11923']",7
U11632,"['U12781', 'U5491', 'U9334', 'U7048', 'U13557']",5
U11633,"['U1881', 'U6553', 'U8717', 'U14519', 'U12369', 'U678', 'U3282']",7
U11634,['U8028'],1
U11635,"['U14730', 'U6276', 'U11442', 'U7003', 'U8865']",5
U11636,"['U8505', 'U5804', 'U2601', 'U1452', 'U2655', 'U3110', 'U14790']",7
U11637,"['U9258', 'U8090', 'U3059']",3
U11638,"['U14781', 'U9645', 'U3109', 'U9727', 'U11751', 'U8697']",6
U11639,"['U4139', 'U5072', 'U646', 'U4130', 'U13122', 'U12362', 'U14997', 'U10761', 'U14852']",9
U11640,"['U4277', 'U3867', 'U4659']",3
U11641,"['U14875', 'U152', 'U8459', 'U11174', 'U7473', 'U10715', 'U13566']",7
U11642,"['U6731', 'U1533', 'U2078']",3
U11643,"['U12387', 'U1549', 'U10290', 'U10433', 'U2779', 'U14463', 'U796']",7
U11644,"['U1971', 'U13208', 'U13975', 'U1563', 'U13961']",5
U11645,"['U10784', 'U2606']",2
U11646,"['U3552', 'U9914', 'U13787', 'U4865', 'U11630', 'U9096', 'U5289', 'U3999']",8
U11647,"['U10655', 'U1478', 'U8424']",3
U11648,"['U6537', 'U2754', 'U5436', 'U35', 'U2345', 'U4098', 'U2568']",7
U11649,"['U7185', 'U9131', 'U7460', 'U9894', 'U1742', 'U871']",6
U11650,"['U1028', 'U11325', 'U2620', 'U3081', 'U10712']",5
U11651,"['U10968', 'U8170', 'U11857', 'U13034']",4
U11652,"['U10172', 'U2233', 'U3055', 'U1342', 'U12076']",5
U11653,"['U519', 'U6656', 'U12847']",3
U11654,"['U7513', 'U18', 'U14045']",3
U11655,"['U3142', 'U6860']",2
U11656,"['U4287', 'U4117', 'U11243', 'U675', 'U8408', 'U4563']",6
U11657,"['U11342', 'U1184', 'U5207', 'U11094', 'U10653', 'U6756', 'U6677']",7
U11658,"['U7038', 'U1380']",2
U11659,"['U7545', 'U9734', 'U880']",3
U11660,"['U11614', 'U3281', 'U5756']",3
U11661,"['U4239', 'U2561', 'U3914']",3
U11662,"['U7621', 'U3551', 'U199', 'U11493']",4
U11663,"['U8109', 'U5184']",2
U11664,['U9785'],1
U11665,"['U5022', 'U425', 'U59', 'U943', 'U9348', 'U2581']",6
U11666,"['U9015', 'U12574', 'U14536', 'U9295', 'U2009']",5
U11667,"['U5290', 'U5841', 'U2031']",3
U11668,"['U4093', 'U2063', 'U7759']",3
U11669,"['U8033', 'U5247', 'U733', 'U5777', 'U7319']",5
U11670,"['U4779', 'U7749', 'U11225', 'U7544']",4
U11671,"['U3330', 'U3309', 'U8348', 'U13093']",4
U11672,"['U3731', 'U5377', 'U13849']",3
U11673,"['U14832', 'U11534']",2
U11674,"['U1930', 'U11980', 'U3372']",3
U11675,"['U3398', 'U13057', 'U8228', 'U12680', 'U8060', 'U7522', 'U9716']",7
U11676,"['U10498', 'U12932', 'U13942', 'U33', 'U14528', 'U1103', 'U2107']",7
U11677,"['U9285', 'U2964', 'U7872', 'U14527', 'U1444']",5
U11678,"['U12592', 'U6557', 'U3398', 'U5676', 'U8910', 'U2406']",6
U11679,"['U1532', 'U4978', 'U3587', 'U10226']",4
U11680,"['U14010', 'U2195', 'U4497']",3
U11681,"['U5427', 'U13038', 'U1050', 'U8947', 'U5771']",5
U11682,"['U2403', 'U12845', 'U3168', 'U7126', 'U2263']",5
U11683,"['U9475', 'U432']",2
U11684,"['U11288', 'U4653', 'U14376', 'U212', 'U5954', 'U11445', 'U12922']",7
U11685,"['U13613', 'U7334', 'U9520', 'U8969', 'U14422', 'U3081']",6
U11686,"['U14065', 'U9401', 'U2452']",3
U11687,"['U14573', 'U7588', 'U8523', 'U13589']",4
U11688,"['U4512', 'U1557', 'U14298']",3
U11689,"['U10265', 'U3497', 'U5014', 'U4777']",4
U11690,"['U5631', 'U14514']",2
U11691,"['U13598', 'U13039', 'U879', 'U14992']",4
U11692,"['U1363', 'U8090', 'U3665', 'U4719', 'U14297', 'U12430', 'U14605']",7
U11693,"['U3273', 'U11141', 'U11357', 'U8378']",4
U11694,"['U12595', 'U6638', 'U7068', 'U9937', 'U5448', 'U2107', 'U314']",7
U11695,"['U9578', 'U11730', 'U1134']",3
U11696,"['U2946', 'U1456', 'U9627', 'U7054', 'U5233', 'U2992']",6
U11697,"['U6633', 'U11447', 'U6572', 'U5865', 'U5020']",5
U11698,"['U13479', 'U8206', 'U2772', 'U9374', 'U14623', 'U2615', 'U14859']",7
U11699,"['U14085', 'U7630', 'U8039', 'U7207']",4
U11700,"['U4129', 'U6708', 'U3670', 'U4331', 'U11944']",5
U11701,"['U11853', 'U11980', 'U4036']",3
U11702,"['U11109', 'U11740', 'U11589', 'U4462', 'U4026', 'U7128', 'U5731', 'U11428', 'U6241', 'U14567']",10
U11703,"['U5795', 'U7521', 'U2110', 'U5510', 'U2262', 'U12585', 'U1426']",7
U11704,"['U9763', 'U3994', 'U909', 'U2576']",4
U11705,"['U14716', 'U8349', 'U9928', 'U6227']",4
U11706,"['U5622', 'U4715', 'U3123', 'U13263', 'U8642']",5
U11707,"['U14985', 'U2510']",2
U11708,"['U5877', 'U3787']",2
U11709,"['U2183', 'U1697']",2
U11710,"['U10365', 'U12285', 'U1946', 'U10268']",4
U11711,"['U5168', 'U9697', 'U11507', 'U7799']",4
U11712,"['U774', 'U11926', 'U2934']",3
U11713,"['U3209', 'U7694', 'U13087', 'U5260']",4
U11714,"['U3585', 'U7107']",2
U11715,"['U3089', 'U5325', 'U13242', 'U10304', 'U4536', 'U297', 'U2557']",7
U11716,"['U10515', 'U1691', 'U4325', 'U14062', 'U935', 'U2810', 'U5394', 'U6846', 'U11422']",9
U11717,"['U9295', 'U6667', 'U4711', 'U7956', 'U812']",5
U11718,"['U10876', 'U7062', 'U11059', 'U13280', 'U2896', 'U4583']",6
U11719,"['U9811', 'U3596', 'U1005', 'U4714', 'U5825', 'U10668']",6
U11720,"['U3438', 'U7872', 'U14027', 'U12800', 'U3295', 'U1244', 'U9335', 'U10006']",8
U11721,"['U6296', 'U12090', 'U667', 'U12707', 'U5440', 'U12346']",6
U11722,"['U6549', 'U3236', 'U9559']",3
U11723,"['U13164', 'U11499', 'U880', 'U3503', 'U3537', 'U122', 'U9410', 'U11986', 'U6596', 'U9213', 'U10800', 'U9028', 'U11682', 'U8369']",14
U11724,"['U2629', 'U12010', 'U4738', 'U2611', 'U12396', 'U14812']",6
U11725,"['U8053', 'U5983', 'U3789', 'U6739', 'U8341', 'U6925', 'U8830', 'U4376']",8
U11726,"['U9831', 'U14690', 'U11398', 'U9754', 'U13318', 'U1401']",6
U11727,"['U5912', 'U5139', 'U1311', 'U3287', 'U6889']",5
U11728,"['U9634', 'U9878', 'U10630', 'U13264', 'U3774']",5
U11729,"['U11950', 'U12262', 'U10709', 'U2604']",4
U11730,"['U146', 'U3709', 'U700', 'U12992', 'U4371', 'U14931']",6
U11731,"['U14320', 'U2910', 'U4165', 'U880', 'U3951', 'U9910', 'U7451', 'U3481']",8
U11732,"['U1053', 'U8540', 'U1056', 'U12539', 'U386']",5
U11733,"['U3181', 'U12166', 'U5208', 'U8677', 'U13685', 'U6327']",6
U11734,"['U7803', 'U7397', 'U13261', 'U158', 'U6285']",5
U11735,"['U14663', 'U9627']",2
U11736,"['U8512', 'U10571']",2
U11737,"['U14932', 'U14457', 'U2438', 'U332']",4
U11738,"['U9103', 'U5349', 'U5573']",3
U11739,"['U534', 'U8539', 'U2775', 'U14108', 'U4402', 'U13768']",6
U11740,"['U13762', 'U14697', 'U3227', 'U618', 'U11384', 'U7672', 'U2699', 'U9613']",8
U11741,"['U11728', 'U7659', 'U1359', 'U8370']",4
U11742,"['U12732', 'U6122', 'U477', 'U5006', 'U4488', 'U5329', 'U4017']",7
U11743,"['U4747', 'U896', 'U4400', 'U13015', 'U2080']",5
U11744,"['U4315', 'U8161', 'U12654', 'U1882']",4
U11745,"['U13042', 'U10135', 'U1643', 'U9771', 'U2894', 'U7372']",6
U11746,"['U12123', 'U9564', 'U11177', 'U4393', 'U12333', 'U32', 'U5100']",7
U11747,"['U14560', 'U2317', 'U6622']",3
U11748,"['U8543', 'U4156', 'U3591', 'U2687', 'U634', 'U7051', 'U12138']",7
U11749,"['U4028', 'U2598', 'U465', 'U6892', 'U9376', 'U2469', 'U4310', 'U10936']",8
U11750,"['U11619', 'U3523', 'U13628', 'U586', 'U5140', 'U1079', 'U11565', 'U5310']",8
U11751,"['U2373', 'U12523', 'U3035', 'U5324', 'U9851', 'U6010', 'U9666']",7
U11752,"['U1699', 'U3509', 'U4051', 'U13158', 'U6502', 'U6687']",6
U11753,"['U10238', 'U2892', 'U12027']",3
U11754,['U6253'],1
U11755,"['U4718', 'U2507', 'U3537', 'U217', 'U11695']",5
U11756,"['U7292', 'U14699', 'U13235']",3
U11757,"['U13000', 'U3195', 'U13469', 'U5307']",4
U11758,"['U430', 'U12066', 'U7210', 'U8428', 'U3216', 'U6576']",6
U11759,"['U4171', 'U9964', 'U10165', 'U4253']",4
U11760,"['U1531', 'U1640', 'U11105', 'U884']",4
U11761,"['U1268', 'U3051', 'U10947', 'U7330', 'U10583', 'U11920', 'U10512', 'U1915', 'U11670']",9
U11762,"['U3214', 'U9283']",2
U11763,"['U8158', 'U2214', 'U10091', 'U8766', 'U8271', 'U2723']",6
U11764,"['U13264', 'U9949', 'U14111']",3
U11765,"['U3639', 'U12196', 'U4672', 'U5998', 'U12035', 'U14436']",6
U11766,"['U6831', 'U12255', 'U2675', 'U4564', 'U11306', 'U5711']",6
U11767,"['U104', 'U1771', 'U10323', 'U14586', 'U7036']",5
U11768,"['U14429', 'U12450', 'U8802', 'U1795']",4
U11769,"['U10909', 'U713', 'U12278']",3
U11770,"['U12845', 'U9132', 'U12460', 'U9494', 'U8906', 'U4652']",6
U11771,"['U11250', 'U6396']",2
U11772,"['U13787', 'U14749', 'U10444', 'U14138']",4
U11773,"['U2652', 'U5431', 'U3973', 'U5444', 'U9031', 'U9386']",6
U11774,"['U12411', 'U10572', 'U1373']",3
U11775,"['U884', 'U7979', 'U7728', 'U9718', 'U3332', 'U8664', 'U13503', 'U9051']",8
U11776,"['U7529', 'U9108', 'U12969']",3
U11777,"['U7298', 'U6754', 'U14370']",3
U11778,"['U11838', 'U12739', 'U3524']",3
U11779,"['U4773', 'U5030', 'U12982', 'U8102']",4
U11780,"['U14145', 'U663', 'U14271', 'U13812', 'U9714']",5
U11781,"['U6769', 'U11905', 'U1322', 'U1077']",4
U11782,"['U7364', 'U9458', 'U9114']",3
U11783,['U7186'],1
U11784,['U14875'],1
U11785,"['U7136', 'U1681', 'U14736']",3
U11786,"['U12781', 'U1349', 'U14208', 'U547']",4
U11787,"['U9297', 'U13752', 'U13491', 'U6292', 'U10681']",5
U11788,"['U12270', 'U3520', 'U4555', 'U7229', 'U7635']",5
U11789,"['U12155', 'U10948', 'U5582', 'U2278']",4
U11790,"['U528', 'U10226']",2
U11791,"['U10225', 'U7873', 'U6902']",3
U11792,"['U1024', 'U5829']",2
U11793,"['U6481', 'U11508', 'U3520', 'U5611', 'U895']",5
U11794,"['U2676', 'U6754', 'U456', 'U13708', 'U14881', 'U6546', 'U7873', 'U14576']",8
U11795,"['U7279', 'U10160', 'U14765', 'U3453', 'U5910']",5
U11796,"['U12542', 'U7935', 'U9420', 'U512', 'U11104', 'U12347']",6
U11797,"['U5899', 'U765', 'U11220']",3
U11798,"['U5534', 'U9493', 'U5701', 'U8416', 'U10749']",5
U11799,"['U1837', 'U14674', 'U5300']",3
U11800,"['U3688', 'U4415', 'U4407']",3
U11801,['U13019'],1
U11802,"['U4610', 'U5327']",2
U11803,"['U12417', 'U13396', 'U8760', 'U5289', 'U1485', 'U11548']",6
U11804,"['U8190', 'U2952']",2
U11805,"['U7661', 'U1212', 'U1292', 'U10149']",4
U11806,"['U9340', 'U2760', 'U12026', 'U8645']",4
U11807,"['U10863', 'U2543']",2
U11808,"['U6859', 'U13981', 'U10432', 'U11328']",4
U11809,"['U3650', 'U4983', 'U14561', 'U7253', 'U10219', 'U6682']",6
U11810,"['U14812', 'U5991', 'U6162', 'U9870', 'U7107', 'U10592']",6
U11811,"['U11031', 'U2919', 'U504', 'U3095']",4
U11812,"['U3669', 'U1138', 'U12679', 'U13095']",4
U11813,"['U412', 'U14664', 'U7758', 'U4329', 'U11137']",5
U11814,"['U10346', 'U11373', 'U239', 'U12157']",4
U11815,"['U13880', 'U7968', 'U3206', 'U7113', 'U6691', 'U3959']",6
U11816,"['U475', 'U6653', 'U1279', 'U8878', 'U11102', 'U9734']",6
U11817,"['U378', 'U13344', 'U7190', 'U1552']",4
U11818,"['U13829', 'U280']",2
U11819,"['U1820', 'U2010', 'U8045', 'U14510', 'U1376', 'U12689', 'U14078', 'U2962']",8
U11820,"['U12182', 'U13722', 'U13146']",3
U11821,"['U4836', 'U6105', 'U4618', 'U7236']",4
U11822,"['U13872', 'U3514', 'U3640', 'U6656', 'U12832']",5
U11823,"['U14763', 'U11817', 'U9069', 'U6579']",4
U11824,['U4176'],1
U11825,"['U7003', 'U9613', 'U6824', 'U2521', 'U737', 'U1684']",6
U11826,['U12548'],1
U11827,['U7013'],1
U11828,"['U1778', 'U10856', 'U700', 'U7303', 'U6456', 'U5710', 'U6742', 'U4359', 'U2909', 'U8769', 'U9620']",11
U11829,"['U14225', 'U5547', 'U6544', 'U7386']",4
U11830,"['U6904', 'U12580', 'U10714', 'U9645', 'U281']",5
U11831,"['U7235', 'U5019', 'U5659', 'U657', 'U9744', 'U5980']",6
U11832,"['U634', 'U6598', 'U3214', 'U9300', 'U12012']",5
U11833,"['U13834', 'U1968', 'U13911', 'U2623', 'U4140']",5
U11834,"['U7054', 'U11882', 'U9946']",3
U11835,"['U13595', 'U3209', 'U5547', 'U13444', 'U6417', 'U151', 'U4179']",7
U11836,"['U11212', 'U929']",2
U11837,"['U11525', 'U6781', 'U11184', 'U7958', 'U2830', 'U9900']",6
U11838,"['U1809', 'U14527', 'U12961', 'U3306']",4
U11839,"['U4137', 'U13429']",2
U11840,"['U771', 'U4127', 'U2667']",3
U11841,"['U10290', 'U5632', 'U13598', 'U7210']",4
U11842,"['U12369', 'U4116', 'U5472']",3
U11843,"['U11401', 'U10701', 'U8875', 'U11346']",4
U11844,"['U12215', 'U14409']",2
U11845,['U10681'],1
U11846,"['U14858', 'U4718', 'U14374', 'U152']",4
U11847,"['U4284', 'U7196', 'U5817', 'U3624']",4
U11848,"['U14785', 'U6517', 'U1772', 'U7218', 'U9739']",5
U11849,"['U8913', 'U2619', 'U6520', 'U8377', 'U12858', 'U1511']",6
U11850,"['U13773', 'U7295', 'U1362', 'U12081', 'U7002']",5
U11851,"['U6423', 'U14097']",2
U11852,"['U14152', 'U14753', 'U11899', 'U6006', 'U7721', 'U13406', 'U12215', 'U10646', 'U9827']",9
U11853,"['U3906', 'U9106', 'U4703', 'U11578']",4
U11854,"['U1073', 'U7983', 'U2942', 'U13424', 'U11424', 'U243', 'U8365']",7
U11855,"['U11390', 'U2228', 'U5176']",3
U11856,"['U5793', 'U11690', 'U3553']",3
U11857,"['U10007', 'U306', 'U2307']",3
U11858,"['U4596', 'U5130', 'U3823', 'U7799']",4
U11859,"['U410', 'U14475', 'U9316', 'U9189']",4
U11860,"['U14481', 'U14458', 'U9524', 'U11789', 'U5482', 'U6245', 'U1836']",7
U11861,"['U8342', 'U3773', 'U9375', 'U13918', 'U4985', 'U2296']",6
U11862,"['U3607', 'U14332']",2
U11863,"['U5828', 'U6226', 'U13194', 'U9371', 'U11122', 'U7960']",6
U11864,"['U1231', 'U3334']",2
U11865,"['U4866', 'U14497', 'U5100', 'U11121', 'U969']",5
U11866,['U8708'],1
U11867,"['U9102', 'U40', 'U2311']",3
U11868,"['U3800', 'U2825', 'U10977', 'U10848']",4
U11869,"['U12866', 'U11015', 'U6455', 'U13790', 'U14253', 'U1451', 'U4081', 'U13639']",8
U11870,"['U14416', 'U5132']",2
U11871,"['U1880', 'U446', 'U6824', 'U14118', 'U12725', 'U5168']",6
U11872,"['U4556', 'U194', 'U12042', 'U3662']",4
U11873,"['U13196', 'U8198', 'U2709']",3
U11874,"['U10501', 'U4969']",2
U11875,"['U13800', 'U110', 'U3714', 'U11941', 'U2591']",5
U11876,"['U723', 'U10612', 'U2259', 'U6361', 'U6712', 'U12915']",6
U11877,"['U1339', 'U14782', 'U6845']",3
U11878,"['U11817', 'U10539', 'U476', 'U2859', 'U5580']",5
U11879,"['U3976', 'U8342', 'U349']",3
U11880,"['U6192', 'U1807', 'U11763', 'U4949']",4
U11881,[],0
U11882,"['U10213', 'U3126', 'U8153']",3
U11883,"['U999', 'U12218', 'U6737', 'U5771', 'U3343']",5
U11884,"['U4740', 'U868', 'U14157', 'U4458', 'U13670', 'U1772']",6
U11885,"['U13801', 'U569', 'U997', 'U6274']",4
U11886,"['U6553', 'U9929', 'U9630', 'U4298']",4
U11887,"['U786', 'U1733', 'U1550']",3
U11888,"['U13412', 'U5120', 'U6537', 'U877', 'U5722', 'U3631', 'U9541']",7
U11889,"['U558', 'U6625', 'U14130', 'U11718', 'U1787', 'U3093']",6
U11890,"['U11499', 'U2913', 'U6435', 'U14127', 'U13086', 'U13651']",6
U11891,"['U7070', 'U4468', 'U2964']",3
U11892,"['U4368', 'U11243', 'U10764', 'U659', 'U1119', 'U8423', 'U6641']",7
U11893,[],0
U11894,"['U10900', 'U1827', 'U11558', 'U8001', 'U11927', 'U975', 'U4198', 'U5983', 'U11300']",9
U11895,"['U11567', 'U501', 'U9358', 'U982']",4
U11896,"['U586', 'U7313']",2
U11897,"['U6730', 'U803', 'U5445', 'U11439', 'U8772', 'U10825', 'U5167', 'U7870']",8
U11898,"['U5587', 'U4882', 'U9935']",3
U11899,"['U3006', 'U4494', 'U12206', 'U4165', 'U4427', 'U14889', 'U8248']",7
U11900,"['U11906', 'U7809', 'U7241', 'U13804', 'U13867', 'U498']",6
U11901,"['U13602', 'U2779', 'U9929', 'U604']",4
U11902,"['U13387', 'U8832', 'U9726', 'U14461', 'U1394', 'U11354', 'U5991', 'U8771', 'U4606', 'U12424', 'U265']",11
U11903,"['U13758', 'U11910']",2
U11904,"['U8158', 'U8299']",2
U11905,"['U6285', 'U4965', 'U3780', 'U11570', 'U5090', 'U3059', 'U2048']",7
U11906,"['U1842', 'U7659', 'U12451', 'U14872', 'U11648']",5
U11907,"['U5415', 'U7472']",2
U11908,"['U14782', 'U10466', 'U2739']",3
U11909,"['U3662', 'U13642', 'U12995']",3
U11910,"['U2622', 'U13251', 'U7876']",3
U11911,"['U7203', 'U3093', 'U3543', 'U11249', 'U6638', 'U811', 'U14027', 'U5575']",8
U11912,"['U10438', 'U5073']",2
U11913,"['U6705', 'U1363', 'U7973', 'U14966', 'U14234']",5
U11914,"['U5046', 'U8044', 'U13357', 'U436']",4
U11915,"['U8773', 'U6042', 'U1608', 'U5476', 'U7478']",5
U11916,['U10208'],1
U11917,"['U10957', 'U6876', 'U14025']",3
U11918,"['U1595', 'U1090', 'U8574', 'U4802']",4
U11919,"['U4628', 'U2997', 'U5336', 'U8411']",4
U11920,"['U7642', 'U12322', 'U7762', 'U1588']",4
U11921,"['U527', 'U9022', 'U9004', 'U11728', 'U1674']",5
U11922,"['U3594', 'U11919', 'U13378', 'U5687']",4
U11923,"['U4348', 'U12405', 'U8525', 'U5036', 'U9977']",5
U11924,"['U10966', 'U5440', 'U8472', 'U10022', 'U7511', 'U9347']",6
U11925,"['U8453', 'U10125', 'U4881', 'U3192', 'U14655', 'U8740', 'U1174', 'U3263']",8
U11926,"['U4652', 'U9382', 'U11442', 'U1661', 'U13177']",5
U11927,"['U2668', 'U9984', 'U8571']",3
U11928,"['U3525', 'U10778', 'U11231', 'U11698', 'U5059', 'U7024', 'U1166']",7
U11929,"['U11843', 'U1574', 'U6706', 'U14043']",4
U11930,"['U3507', 'U3457', 'U8902', 'U342', 'U9628', 'U2565', 'U9691']",7
U11931,"['U3370', 'U1758', 'U10454', 'U4379']",4
U11932,"['U7432', 'U8954']",2
U11933,"['U2629', 'U14880', 'U8382']",3
U11934,['U5630'],1
U11935,"['U1824', 'U822', 'U8435', 'U4029', 'U3728', 'U10431', 'U4983', 'U10725']",8
U11936,"['U11332', 'U2175', 'U14956', 'U7484', 'U2982', 'U10952', 'U4365', 'U11594']",8
U11937,"['U8137', 'U3693']",2
U11938,"['U374', 'U2131', 'U7534', 'U6227', 'U482', 'U12830', 'U2362', 'U1885', 'U2182', 'U4194']",10
U11939,"['U9340', 'U4637', 'U9205', 'U6438', 'U4615']",5
U11940,"['U3621', 'U12614', 'U9974', 'U10794', 'U9231']",5
U11941,"['U8835', 'U3218', 'U7641', 'U3708']",4
U11942,"['U3982', 'U6509', 'U8979', 'U3027', 'U12603', 'U12840']",6
U11943,"['U13964', 'U7173', 'U390', 'U9024']",4
U11944,"['U13950', 'U10913', 'U10861', 'U14849', 'U5350', 'U4163', 'U6946', 'U10126', 'U14215']",9
U11945,"['U11192', 'U2157', 'U12376', 'U7798', 'U478', 'U13982']",6
U11946,"['U12914', 'U5749', 'U6754', 'U10400']",4
U11947,"['U13293', 'U11204', 'U5271', 'U1044', 'U5265', 'U5371', 'U5089', 'U6673']",8
U11948,"['U5229', 'U1666', 'U1832', 'U9064', 'U6779', 'U12106']",6
U11949,"['U547', 'U12639', 'U14814']",3
U11950,"['U14103', 'U9873', 'U10395', 'U3008', 'U7644', 'U2945', 'U6252', 'U2581', 'U13881', 'U7032']",10
U11951,"['U8179', 'U1463', 'U11237', 'U13557', 'U3892', 'U42']",6
U11952,['U2414'],1
U11953,"['U12082', 'U7849', 'U8256']",3
U11954,"['U12791', 'U8931']",2
U11955,"['U4248', 'U10265', 'U2518', 'U11727', 'U1480', 'U919', 'U7185', 'U3269']",8
U11956,"['U12697', 'U10662', 'U4091', 'U10273']",4
U11957,"['U827', 'U14842', 'U13793', 'U13357']",4
U11958,"['U5653', 'U2977', 'U5937', 'U10892']",4
U11959,"['U4310', 'U165', 'U11538', 'U14362', 'U288', 'U13264']",6
U11960,"['U1104', 'U3652', 'U7457']",3
U11961,"['U14226', 'U1894', 'U11160', 'U12512', 'U3782', 'U13810', 'U2856']",7
U11962,"['U2632', 'U11247', 'U5015', 'U8932', 'U2218', 'U8550', 'U1938']",7
U11963,"['U5974', 'U1882', 'U8768']",3
U11964,"['U1733', 'U5781', 'U5673', 'U609', 'U14668', 'U14730']",6
U11965,"['U14474', 'U4643', 'U4340', 'U5549', 'U3940']",5
U11966,"['U186', 'U13860', 'U11838', 'U3973', 'U12110', 'U11930']",6
U11967,"['U5543', 'U677', 'U4118']",3
U11968,"['U1477', 'U4099', 'U7816', 'U13546', 'U14254']",5
U11969,"['U4308', 'U3515', 'U1416', 'U5217']",4
U11970,"['U4327', 'U1471', 'U14982', 'U7209']",4
U11971,"['U14121', 'U6328']",2
U11972,"['U3524', 'U4982', 'U1975', 'U8938', 'U12061']",5
U11973,"['U8995', 'U2413', 'U12655']",3
U11974,"['U3602', 'U1280', 'U1197', 'U1944']",4
U11975,"['U3787', 'U4643', 'U14121', 'U5935', 'U10739']",5
U11976,"['U10260', 'U8183']",2
U11977,"['U4677', 'U3057', 'U11500', 'U10742']",4
U11978,"['U14405', 'U11234', 'U9847']",3
U11979,"['U5866', 'U652', 'U2545', 'U7063', 'U6566', 'U5605']",6
U11980,"['U2172', 'U4646', 'U6951', 'U3808']",4
U11981,"['U13687', 'U2990']",2
U11982,"['U5340', 'U1119', 'U5249', 'U5100']",4
U11983,"['U6307', 'U7379', 'U13453', 'U537', 'U1804', 'U10797', 'U317', 'U12034']",8
U11984,"['U4441', 'U8714']",2
U11985,"['U648', 'U7688', 'U6509', 'U12431']",4
U11986,"['U13985', 'U13880', 'U12438', 'U6980', 'U14589', 'U14160']",6
U11987,"['U6460', 'U5520', 'U8859', 'U13829', 'U545', 'U14544', 'U7631', 'U3527', 'U11964']",9
U11988,"['U8912', 'U7868', 'U14718']",3
U11989,"['U9336', 'U3151', 'U7900', 'U9598']",4
U11990,"['U12153', 'U9500', 'U13760']",3
U11991,"['U4787', 'U13711', 'U12863', 'U6946', 'U6508']",5
U11992,"['U5289', 'U1039', 'U7932', 'U10224']",4
U11993,"['U7410', 'U2945', 'U14548', 'U8652', 'U7436']",5
U11994,"['U2385', 'U6261', 'U7219', 'U5000', 'U7328', 'U3369']",6
U11995,"['U14868', 'U13397', 'U7674', 'U3783', 'U13145', 'U12864', 'U2052', 'U6688']",8
U11996,"['U7794', 'U12517', 'U12370']",3
U11997,"['U11786', 'U3225', 'U8444']",3
U11998,"['U5849', 'U14825', 'U1309', 'U11527']",4
U11999,"['U2887', 'U8054', 'U11034', 'U6809', 'U7956']",5
U12000,"['U5793', 'U3259', 'U5256', 'U10148']",4
U12001,"['U14526', 'U12628', 'U14506']",3
U12002,"['U7939', 'U5606', 'U10159', 'U12697']",4
U12003,['U5535'],1
U12004,"['U1302', 'U1293', 'U8952', 'U7058', 'U1284']",5
U12005,"['U7706', 'U9', 'U1256', 'U7509', 'U13830']",5
U12006,"['U7152', 'U9871', 'U3401', 'U14127', 'U6535', 'U1168', 'U11439', 'U2005']",8
U12007,"['U14411', 'U2962', 'U14128']",3
U12008,"['U13499', 'U13992', 'U2771', 'U8637', 'U5718', 'U9836', 'U7065', 'U484']",8
U12009,"['U11742', 'U7573', 'U13921', 'U4188']",4
U12010,"['U2769', 'U8386', 'U3678', 'U9137', 'U19', 'U8633', 'U6732']",7
U12011,"['U4687', 'U12385', 'U4706', 'U11252', 'U10971', 'U10482']",6
U12012,"['U6260', 'U10638', 'U12176', 'U8453', 'U4946', 'U9145', 'U7988', 'U6309']",8
U12013,"['U13448', 'U1614']",2
U12014,"['U6021', 'U5648', 'U9609']",3
U12015,"['U2581', 'U2111', 'U12039', 'U5638', 'U10708', 'U380', 'U9027', 'U3947']",8
U12016,[],0
U12017,"['U101', 'U13622']",2
U12018,"['U6492', 'U1151', 'U1451', 'U12030', 'U403']",5
U12019,"['U14727', 'U9151', 'U341']",3
U12020,"['U4215', 'U2524', 'U11053', 'U10068']",4
U12021,['U2261'],1
U12022,"['U4811', 'U856']",2
U12023,"['U11422', 'U649', 'U126', 'U1683', 'U4693', 'U1516']",6
U12024,['U7796'],1
U12025,"['U10880', 'U14052', 'U5199', 'U7236', 'U12055', 'U6113', 'U3699']",7
U12026,['U4706'],1
U12027,"['U3002', 'U10122', 'U14812', 'U10830']",4
U12028,"['U4816', 'U6444', 'U6658', 'U11460']",4
U12029,"['U4508', 'U10238', 'U8973', 'U7006', 'U1048', 'U13326', 'U5828', 'U4497']",8
U12030,"['U2334', 'U13980', 'U13743', 'U12953']",4
U12031,"['U13562', 'U3063', 'U3643']",3
U12032,"['U6283', 'U10174', 'U12357', 'U14640', 'U4736', 'U2723']",6
U12033,"['U13130', 'U3507', 'U73', 'U8602']",4
U12034,"['U4664', 'U11638', 'U13479', 'U6467', 'U6065', 'U13325', 'U7709', 'U10661', 'U12124', 'U2597']",10
U12035,"['U10794', 'U1832']",2
U12036,"['U5005', 'U11445']",2
U12037,"['U13281', 'U6181', 'U14616', 'U12029', 'U12101', 'U14127', 'U2520']",7
U12038,"['U1500', 'U13522', 'U8099', 'U11462', 'U10986']",5
U12039,"['U4639', 'U9164', 'U5110', 'U13658', 'U10464', 'U7878', 'U10386']",7
U12040,"['U1244', 'U13456', 'U2242']",3
U12041,"['U12653', 'U9821', 'U14230', 'U615', 'U10432']",5
U12042,[],0
U12043,"['U10552', 'U11481', 'U6506', 'U8118']",4
U12044,"['U9708', 'U6345', 'U13456']",3
U12045,"['U6674', 'U9102', 'U370', 'U13178', 'U2067']",5
U12046,"['U14529', 'U2199', 'U11664', 'U11653', 'U6389', 'U3182']",6
U12047,"['U1129', 'U8641']",2
U12048,"['U7667', 'U499', 'U12074']",3
U12049,"['U13495', 'U5645', 'U11076', 'U10863', 'U8071', 'U14952', 'U3722', 'U2392', 'U13893']",9
U12050,"['U7796', 'U7480', 'U4221', 'U3165', 'U13731', 'U10016']",6
U12051,"['U13856', 'U7491']",2
U12052,['U6615'],1
U12053,"['U2179', 'U2986', 'U592', 'U2143']",4
U12054,"['U11305', 'U8181', 'U11562', 'U110', 'U14839', 'U3848']",6
U12055,"['U13500', 'U3248', 'U9392']",3
U12056,"['U14614', 'U5077', 'U12616', 'U4729', 'U9303']",5
U12057,"['U9592', 'U5506', 'U6650', 'U90', 'U11683', 'U5076', 'U11452']",7
U12058,"['U4366', 'U4310', 'U5554', 'U9843', 'U2057', 'U7414']",6
U12059,['U5593'],1
U12060,"['U4484', 'U13074', 'U6927', 'U3923', 'U7303', 'U10203']",6
U12061,"['U6217', 'U11934', 'U4576', 'U3745', 'U1321', 'U13900']",6
U12062,"['U1338', 'U3816', 'U7668', 'U11720', 'U5523', 'U11777', 'U6639', 'U4747']",8
U12063,"['U13771', 'U12893', 'U10804', 'U5108', 'U11438', 'U10694', 'U14551']",7
U12064,['U8666'],1
U12065,['U4500'],1
U12066,"['U13971', 'U4068', 'U13581', 'U13800', 'U2765', 'U1767', 'U11179', 'U3840', 'U8930', 'U4777', 'U9468', 'U6501', 'U5536']",13
U12067,"['U395', 'U3382', 'U13302', 'U10163', 'U1453', 'U8795', 'U1661', 'U9181']",8
U12068,"['U6944', 'U9091', 'U13904']",3
U12069,"['U6108', 'U13206', 'U9025', 'U6627', 'U3143']",5
U12070,"['U62', 'U1528', 'U1275', 'U12123', 'U3650']",5
U12071,"['U13087', 'U7633']",2
U12072,"['U3053', 'U382', 'U4693', 'U7686', 'U13125']",5
U12073,"['U9044', 'U6175', 'U1256', 'U1110']",4
U12074,"['U1430', 'U241', 'U7276', 'U7167', 'U12172']",5
U12075,"['U2965', 'U2569', 'U13319', 'U10836', 'U2892', 'U8334', 'U14639', 'U11925', 'U14861', 'U7811']",10
U12076,"['U1386', 'U4046', 'U4838', 'U6635', 'U11467', 'U323', 'U2730', 'U189']",8
U12077,"['U6908', 'U9332', 'U13430']",3
U12078,"['U8480', 'U11883', 'U1982', 'U6899', 'U2188', 'U556', 'U8138', 'U14583']",8
U12079,"['U14490', 'U8165', 'U2900', 'U7803', 'U9357']",5
U12080,"['U627', 'U1931', 'U7265', 'U10765', 'U1495', 'U272', 'U14924', 'U12936']",8
U12081,"['U5952', 'U5952', 'U89']",3
U12082,"['U14500', 'U10035', 'U2080', 'U2111']",4
U12083,"['U5017', 'U8856', 'U11507', 'U5677']",4
U12084,"['U7358', 'U4447', 'U12714', 'U11352', 'U1637', 'U6103']",6
U12085,"['U3989', 'U3568', 'U11438', 'U11664', 'U10288', 'U6361', 'U10279']",7
U12086,"['U3855', 'U8317', 'U13680', 'U1557']",4
U12087,"['U13667', 'U12206', 'U11814', 'U14361']",4
U12088,"['U3951', 'U10612', 'U12079', 'U13327']",4
U12089,"['U2778', 'U3683', 'U7247']",3
U12090,"['U14429', 'U8790', 'U8318', 'U14382', 'U5461']",5
U12091,"['U4742', 'U4986', 'U6563', 'U2733', 'U8782']",5
U12092,['U14801'],1
U12093,"['U515', 'U7387', 'U10394', 'U6237', 'U10793', 'U6661', 'U12625']",7
U12094,"['U13254', 'U10834', 'U10376', 'U4362', 'U68', 'U4183']",6
U12095,"['U4436', 'U1591', 'U14141', 'U8550']",4
U12096,"['U14669', 'U14845', 'U7762', 'U10346', 'U644']",5
U12097,"['U9584', 'U3159', 'U9534', 'U2402', 'U7494']",5
U12098,"['U7333', 'U4142', 'U14658', 'U3546']",4
U12099,"['U6415', 'U8110', 'U8804']",3
U12100,"['U6730', 'U3737', 'U9628', 'U3615']",4
U12101,"['U3886', 'U8931', 'U8678', 'U7688', 'U14984']",5
U12102,"['U3843', 'U8406', 'U13460', 'U8384', 'U4508', 'U14897', 'U14966']",7
U12103,"['U5041', 'U7049']",2
U12104,"['U7769', 'U872', 'U5329', 'U2064', 'U300', 'U6930', 'U7042', 'U7975', 'U7834', 'U9170']",10
U12105,"['U1975', 'U2894', 'U60', 'U10688', 'U10539', 'U13233', 'U14791', 'U11982']",8
U12106,"['U4265', 'U14231', 'U11666', 'U9586', 'U5859', 'U13885', 'U7185', 'U8924', 'U10303', 'U156']",10
U12107,"['U4363', 'U4891', 'U678', 'U6495', 'U13102', 'U3986', 'U8937']",7
U12108,"['U3493', 'U1939']",2
U12109,"['U10521', 'U9134', 'U11023', 'U2381', 'U2779', 'U9655']",6
U12110,"['U652', 'U2164', 'U11314', 'U9810', 'U481']",5
U12111,"['U6265', 'U14738', 'U7154', 'U3017']",4
U12112,"['U9218', 'U10562', 'U2048']",3
U12113,"['U9633', 'U10809', 'U8256', 'U9116', 'U2034', 'U4369']",6
U12114,['U7743'],1
U12115,"['U13332', 'U2140']",2
U12116,"['U14021', 'U322', 'U2916', 'U8657', 'U1132', 'U10277', 'U9568', 'U14749']",8
U12117,"['U4413', 'U7973', 'U8081', 'U3062', 'U7951']",5
U12118,"['U1710', 'U13560', 'U7118', 'U12748', 'U10006']",5
U12119,"['U12261', 'U5150', 'U6821', 'U6205', 'U12220', 'U1257', 'U10466', 'U12792', 'U175']",9
U12120,"['U10933', 'U1317', 'U3877', 'U4508', 'U8790', 'U12089', 'U13051']",7
U12121,"['U12367', 'U5409']",2
U12122,"['U12409', 'U6810']",2
U12123,"['U14594', 'U9707', 'U1908', 'U7265', 'U10807', 'U5603']",6
U12124,"['U13062', 'U9654', 'U874', 'U11476', 'U308', 'U8124', 'U7406', 'U13120', 'U11014']",9
U12125,"['U11364', 'U12970', 'U5866', 'U8379', 'U5057']",5
U12126,['U8197'],1
U12127,"['U13214', 'U366', 'U10976', 'U1489', 'U12066', 'U4928', 'U5906']",7
U12128,"['U13555', 'U7075', 'U14932', 'U9855', 'U13985']",5
U12129,"['U7348', 'U13600', 'U7601']",3
U12130,"['U9347', 'U9418', 'U13884', 'U9112', 'U10892', 'U2112']",6
U12131,"['U8403', 'U1473', 'U7161', 'U14512', 'U4298', 'U937']",6
U12132,"['U11005', 'U2243', 'U267', 'U3435', 'U8771']",5
U12133,"['U6648', 'U474', 'U5637', 'U2616', 'U14800', 'U7251', 'U143', 'U770', 'U8881']",9
U12134,"['U6836', 'U8400', 'U782', 'U10298', 'U1349']",5
U12135,"['U8743', 'U1936', 'U940']",3
U12136,"['U10398', 'U9311', 'U8370', 'U3888', 'U1535', 'U7803']",6
U12137,"['U11917', 'U12369', 'U8470']",3
U12138,"['U12663', 'U6286', 'U4212', 'U6323', 'U10415', 'U5520', 'U11405', 'U11923', 'U8690']",9
U12139,['U245'],1
U12140,"['U2428', 'U9724', 'U923', 'U1279']",4
U12141,"['U14314', 'U8158', 'U562']",3
U12142,"['U3451', 'U2388', 'U8693', 'U8961', 'U191', 'U6137', 'U10097', 'U11815', 'U10397', 'U9900', 'U3481']",11
U12143,"['U11755', 'U3351', 'U7278', 'U12632', 'U4594']",5
U12144,"['U6858', 'U11368', 'U12839', 'U7734']",4
U12145,"['U13735', 'U13034', 'U9498']",3
U12146,"['U5249', 'U11155', 'U2580', 'U5142']",4
U12147,"['U4754', 'U3589', 'U6847', 'U10259']",4
U12148,['U9163'],1
U12149,"['U8490', 'U2722']",2
U12150,"['U10470', 'U14846', 'U6925', 'U5859']",4
U12151,"['U10261', 'U2762', 'U4244', 'U12760', 'U12473']",5
U12152,"['U12506', 'U1743', 'U7821', 'U3298', 'U11997', 'U3822']",6
U12153,"['U13198', 'U4820', 'U6305', 'U6392']",4
U12154,"['U1977', 'U252', 'U8468', 'U3435', 'U8820', 'U1086']",6
U12155,"['U9538', 'U739', 'U175', 'U8381', 'U10475', 'U3752', 'U3165']",7
U12156,"['U11373', 'U5259', 'U9992', 'U6757', 'U81', 'U5086', 'U12261']",7
U12157,"['U4791', 'U9343', 'U11767', 'U13017', 'U12590']",5
U12158,"['U11088', 'U13', 'U13849', 'U5384', 'U11328', 'U7111']",6
U12159,"['U13960', 'U1857', 'U1005', 'U3057', 'U8000', 'U8226', 'U11760', 'U7310', 'U2652', 'U3152']",10
U12160,"['U14791', 'U10873', 'U12272', 'U3048', 'U14921']",5
U12161,"['U7730', 'U10852', 'U6001', 'U9175']",4
U12162,"['U3475', 'U5757', 'U1628', 'U6711', 'U9776', 'U5485', 'U5133', 'U11898', 'U6497']",9
U12163,"['U11171', 'U12826', 'U6904', 'U12556', 'U862', 'U9833', 'U5956', 'U9025', 'U8387', 'U3962', 'U9922']",11
U12164,"['U1568', 'U2222', 'U1449', 'U5382']",4
U12165,"['U14346', 'U4879', 'U1882', 'U6474']",4
U12166,"['U9230', 'U9678', 'U8491', 'U13726', 'U6511', 'U6185']",6
U12167,"['U10658', 'U7618', 'U7680', 'U3804', 'U2457', 'U11741']",6
U12168,"['U10012', 'U2465', 'U330', 'U13443']",4
U12169,"['U14382', 'U11580', 'U9291', 'U9093', 'U5319', 'U11982', 'U9346']",7
U12170,"['U10966', 'U14747', 'U12041']",3
U12171,"['U12527', 'U13533', 'U2264', 'U2520', 'U7001', 'U5434', 'U12822', 'U4527']",8
U12172,"['U704', 'U2379']",2
U12173,"['U10279', 'U543', 'U6026', 'U10867']",4
U12174,"['U63', 'U9690', 'U1529', 'U14731']",4
U12175,"['U14999', 'U1120', 'U2119']",3
U12176,"['U2292', 'U2291', 'U4536', 'U13961']",4
U12177,"['U9878', 'U6457', 'U10390', 'U14807']",4
U12178,"['U10646', 'U3007', 'U11458', 'U3938', 'U6448', 'U6686']",6
U12179,"['U4747', 'U13788', 'U4154']",3
U12180,"['U157', 'U795']",2
U12181,"['U12871', 'U5539', 'U2030', 'U4086', 'U4305']",5
U12182,"['U11842', 'U1217', 'U8736', 'U1348', 'U2837']",5
U12183,"['U7032', 'U5173', 'U8336', 'U84', 'U6685', 'U5170', 'U5503']",7
U12184,"['U9309', 'U14701', 'U8463']",3
U12185,['U10569'],1
U12186,[],0
U12187,"['U683', 'U1751', 'U4250', 'U4353', 'U9824', 'U6768', 'U11384']",7
U12188,"['U7994', 'U13545', 'U13550']",3
U12189,"['U7074', 'U11776', 'U1234', 'U7484', 'U883', 'U4754', 'U9047', 'U3368']",8
U12190,"['U14606', 'U3318']",2
U12191,"['U13959', 'U6608', 'U2829']",3
U12192,"['U4297', 'U3826', 'U7884', 'U2616', 'U1800', 'U4063']",6
U12193,"['U3053', 'U7546', 'U5921', 'U9721']",4
U12194,"['U7672', 'U1074', 'U10912', 'U8811']",4
U12195,"['U699', 'U1584', 'U11189', 'U13158', 'U2156', 'U11023', 'U1663', 'U2683', 'U8551']",9
U12196,"['U5905', 'U4627', 'U8633', 'U651', 'U11749', 'U6764', 'U12069']",7
U12197,"['U7105', 'U6581', 'U7058', 'U1210', 'U4700', 'U9129']",6
U12198,"['U8431', 'U8150', 'U1737']",3
U12199,"['U266', 'U11991']",2
U12200,"['U6961', 'U2325', 'U8163', 'U7291', 'U10843', 'U14693']",6
U12201,['U10624'],1
U12202,"['U12447', 'U11664', 'U13957', 'U12272', 'U8930', 'U5302']",6
U12203,"['U6633', 'U13537', 'U2010', 'U7330', 'U7533', 'U2732', 'U2726', 'U6162']",8
U12204,"['U14818', 'U3131', 'U4631']",3
U12205,"['U2629', 'U3318', 'U1822', 'U3918']",4
U12206,"['U3061', 'U6198', 'U6931', 'U1455', 'U9313', 'U11100', 'U4101']",7
U12207,"['U4292', 'U4529', 'U8517', 'U12178']",4
U12208,"['U9434', 'U11749', 'U3519']",3
U12209,"['U10427', 'U14626', 'U11455', 'U9160', 'U10993']",5
U12210,"['U576', 'U6844', 'U14291', 'U11389', 'U1330']",5
U12211,"['U691', 'U2286', 'U14360', 'U3095', 'U14231', 'U7788', 'U1759']",7
U12212,['U6756'],1
U12213,"['U6882', 'U8201', 'U10800', 'U1674', 'U14133', 'U14856']",6
U12214,"['U2680', 'U10273', 'U5469', 'U2417', 'U14324']",5
U12215,"['U990', 'U13295', 'U10413']",3
U12216,"['U13824', 'U10180', 'U13835']",3
U12217,"['U6876', 'U14187']",2
U12218,"['U4603', 'U13022', 'U14334', 'U10530']",4
U12219,"['U8283', 'U11199']",2
U12220,"['U661', 'U1866', 'U2365', 'U8120', 'U4590', 'U12868', 'U8802']",7
U12221,"['U783', 'U5387', 'U9688', 'U11562', 'U12234', 'U13052']",6
U12222,['U3635'],1
U12223,"['U12452', 'U10974', 'U1781', 'U3417', 'U2434', 'U12054', 'U10517', 'U7129']",8
U12224,"['U5781', 'U1104', 'U13502']",3
U12225,"['U2959', 'U12694', 'U5183', 'U854', 'U5380', 'U8252']",6
U12226,"['U12716', 'U72', 'U5883']",3
U12227,"['U10203', 'U6942', 'U5579', 'U13930']",4
U12228,"['U4349', 'U6434', 'U10902', 'U11355']",4
U12229,"['U13393', 'U8192', 'U273', 'U13470', 'U655']",5
U12230,"['U3210', 'U10050', 'U8811', 'U10949', 'U14160']",5
U12231,"['U13510', 'U2537', 'U2396', 'U7859', 'U12033']",5
U12232,"['U5541', 'U5422', 'U1695', 'U5910', 'U10441', 'U6034', 'U9263', 'U6233']",8
U12233,"['U10449', 'U7581', 'U3445']",3
U12234,"['U2809', 'U8658', 'U3637', 'U6988', 'U7722']",5
U12235,"['U7228', 'U5732', 'U1316', 'U12749', 'U5663']",5
U12236,"['U10931', 'U13630', 'U938']",3
U12237,"['U11078', 'U3006']",2
U12238,"['U13242', 'U13726']",2
U12239,"['U7878', 'U2354', 'U14347']",3
U12240,"['U4874', 'U13134', 'U9182', 'U12604', 'U13063', 'U8329', 'U7292']",7
U12241,"['U10664', 'U5864', 'U10465', 'U2393', 'U9646', 'U12406', 'U10253', 'U12353', 'U2608']",9
U12242,"['U9472', 'U11606', 'U13298']",3
U12243,"['U11342', 'U12054', 'U5441', 'U7873']",4
U12244,"['U4709', 'U12597', 'U9385', 'U7008', 'U14356', 'U380', 'U5946']",7
U12245,"['U2000', 'U11208']",2
U12246,"['U118', 'U5589', 'U13862', 'U13', 'U2346', 'U6233', 'U14722', 'U1497']",8
U12247,"['U5188', 'U4138', 'U8832']",3
U12248,"['U6916', 'U14091', 'U9584', 'U4504', 'U7189']",5
U12249,"['U13748', 'U1633', 'U11828', 'U9361', 'U14845', 'U428']",6
U12250,"['U14715', 'U604', 'U8370', 'U6703']",4
U12251,"['U13509', 'U9147', 'U6209', 'U2653', 'U7537']",5
U12252,"['U13635', 'U6897', 'U11412', 'U7109', 'U4042']",5
U12253,"['U11471', 'U3753', 'U7768', 'U164', 'U680', 'U298']",6
U12254,"['U1733', 'U6631', 'U5600']",3
U12255,"['U7809', 'U5898']",2
U12256,"['U2664', 'U8160', 'U13272', 'U4634']",4
U12257,"['U14716', 'U14276', 'U6551', 'U13078', 'U9998', 'U5773', 'U2738', 'U9380', 'U14826']",9
U12258,"['U5901', 'U13017', 'U695', 'U1433', 'U13515']",5
U12259,"['U206', 'U8467', 'U7890']",3
U12260,"['U12276', 'U4274']",2
U12261,"['U12326', 'U1563', 'U8179', 'U4228', 'U9980', 'U12875', 'U13644']",7
U12262,"['U3964', 'U4940']",2
U12263,"['U12204', 'U14648', 'U919']",3
U12264,"['U6263', 'U893', 'U3043', 'U571', 'U8291', 'U13757', 'U12458']",7
U12265,"['U13930', 'U6699', 'U11714', 'U5609', 'U10544']",5
U12266,"['U8716', 'U6831', 'U10818']",3
U12267,"['U9232', 'U1599', 'U6987', 'U9469']",4
U12268,"['U4155', 'U5159', 'U7089', 'U8542', 'U11782']",5
U12269,"['U1412', 'U1520', 'U6938', 'U13523']",4
U12270,"['U1927', 'U4750', 'U11077']",3
U12271,"['U5186', 'U7854', 'U13682', 'U4345', 'U7538', 'U5353', 'U8258', 'U6405']",8
U12272,"['U12401', 'U1891', 'U260']",3
U12273,"['U2808', 'U1249', 'U6356', 'U10337', 'U13486', 'U6789', 'U8216']",7
U12274,"['U14760', 'U2038', 'U14552', 'U1208']",4
U12275,"['U13101', 'U3341']",2
U12276,"['U7878', 'U5702']",2
U12277,"['U13660', 'U5994', 'U3271', 'U3181']",4
U12278,"['U1417', 'U1939', 'U7984', 'U7929', 'U12154']",5
U12279,"['U8787', 'U14504', 'U5829', 'U6480', 'U2391', 'U4446', 'U8567']",7
U12280,"['U9626', 'U13245', 'U4920', 'U11734', 'U195', 'U13179', 'U10993', 'U748']",8
U12281,"['U11683', 'U13342', 'U320']",3
U12282,"['U12771', 'U9500', 'U9758', 'U13908', 'U12812', 'U3858']",6
U12283,"['U11937', 'U10062', 'U8017', 'U9012']",4
U12284,"['U4462', 'U14045', 'U12022', 'U10403']",4
U12285,"['U5976', 'U7514', 'U3859', 'U2947', 'U11733']",5
U12286,"['U8162', 'U462', 'U7005']",3
U12287,"['U14611', 'U7087', 'U10887', 'U14202', 'U1692', 'U9463', 'U247', 'U6017']",8
U12288,"['U4585', 'U1890', 'U10163', 'U13422']",4
U12289,"['U13086', 'U12991', 'U9907', 'U13406', 'U9317']",5
U12290,"['U12788', 'U1132']",2
U12291,"['U9086', 'U8428', 'U7200']",3
U12292,"['U2174', 'U14636', 'U7366', 'U9769', 'U10883']",5
U12293,"['U2815', 'U13498', 'U7873']",3
U12294,"['U14583', 'U7515', 'U11568', 'U4858', 'U2303']",5
U12295,"['U2895', 'U3966', 'U9768']",3
U12296,"['U2901', 'U9368', 'U10067']",3
U12297,"['U5019', 'U9764', 'U2951']",3
U12298,"['U4568', 'U2870', 'U10241', 'U14488', 'U1865']",5
U12299,"['U41', 'U1003', 'U10633', 'U11873', 'U8424', 'U11957', 'U5810']",7
U12300,"['U11135', 'U9623', 'U4034', 'U13011']",4
U12301,"['U7243', 'U5636', 'U9049', 'U6637', 'U865', 'U14388']",6
U12302,"['U12634', 'U11019', 'U8476', 'U8662', 'U7662', 'U6543']",6
U12303,"['U11672', 'U9168', 'U9965', 'U12778', 'U12528']",5
U12304,"['U8075', 'U4575', 'U13305', 'U8504']",4
U12305,"['U8790', 'U6735', 'U14774', 'U5381', 'U3996', 'U6810', 'U13595', 'U11908', 'U12253', 'U8678', 'U6456']",11
U12306,"['U8962', 'U1810', 'U1375', 'U6336', 'U5611', 'U11999']",6
U12307,"['U5066', 'U11100', 'U1239', 'U11138', 'U3992', 'U7932', 'U13264']",7
U12308,"['U1358', 'U14443', 'U9241', 'U3109']",4
U12309,"['U4777', 'U9587', 'U13768', 'U8699']",4
U12310,"['U10159', 'U4088', 'U237', 'U4575', 'U13812', 'U1501']",6
U12311,"['U2836', 'U9872', 'U8410']",3
U12312,"['U12166', 'U9405', 'U4919']",3
U12313,"['U11288', 'U7497', 'U6548', 'U9723']",4
U12314,"['U6506', 'U2175', 'U3470', 'U5608']",4
U12315,"['U2963', 'U7047', 'U8987', 'U11924', 'U313']",5
U12316,"['U2653', 'U5700', 'U12212', 'U11062']",4
U12317,[],0
U12318,"['U9603', 'U4740', 'U960']",3
U12319,"['U3886', 'U6042', 'U7456']",3
U12320,"['U5550', 'U919', 'U13632', 'U8885', 'U13329', 'U7243']",6
U12321,"['U125', 'U13721', 'U3149', 'U12957', 'U448', 'U9441']",6
U12322,"['U8588', 'U3555', 'U11765', 'U349', 'U3859', 'U10587', 'U10219']",7
U12323,"['U1150', 'U4345', 'U2453', 'U13692', 'U12554', 'U5492', 'U1635']",7
U12324,"['U10944', 'U8449', 'U10014', 'U11420', 'U2171', 'U10239', 'U9372', 'U9988']",8
U12325,"['U11812', 'U9514', 'U588']",3
U12326,"['U11846', 'U8551', 'U5067', 'U7299', 'U12490', 'U7296']",6
U12327,"['U10771', 'U854']",2
U12328,"['U7866', 'U5058', 'U13895', 'U3997']",4
U12329,"['U4517', 'U9729', 'U3959', 'U6106']",4
U12330,"['U12699', 'U596', 'U7104']",3
U12331,"['U12826', 'U3244', 'U10043', 'U2884']",4
U12332,['U5212'],1
U12333,"['U10242', 'U6442', 'U9122']",3
U12334,"['U2971', 'U6297', 'U8112']",3
U12335,"['U12355', 'U14276', 'U3876', 'U1952', 'U10126', 'U4097', 'U10291', 'U5373']",8
U12336,"['U5148', 'U5054', 'U8', 'U7322', 'U11896', 'U6164', 'U10492']",7
U12337,"['U5504', 'U14615', 'U9392', 'U9730']",4
U12338,"['U12129', 'U12937', 'U9641']",3
U12339,"['U5714', 'U10433']",2
U12340,"['U14222', 'U6764']",2
U12341,"['U12496', 'U198', 'U3598', 'U11497']",4
U12342,"['U3478', 'U9509', 'U11276']",3
U12343,"['U13321', 'U4831']",2
U12344,[],0
U12345,"['U13287', 'U9302', 'U11507', 'U7237', 'U13402', 'U834', 'U5255']",7
U12346,"['U12157', 'U12276', 'U1719', 'U692', 'U12704']",5
U12347,['U10279'],1
U12348,"['U4831', 'U13155', 'U13845', 'U10915', 'U14574', 'U12326', 'U3073', 'U5253', 'U12240', 'U713']",10
U12349,"['U7718', 'U7400', 'U8625', 'U5476', 'U12381', 'U6080', 'U14885']",7
U12350,"['U8521', 'U13176', 'U4784', 'U11759', 'U3155', 'U734', 'U13906']",7
U12351,"['U8332', 'U1394', 'U2363', 'U13285', 'U4704', 'U8413', 'U703', 'U5072', 'U11636']",9
U12352,"['U13231', 'U10729', 'U4593', 'U10888', 'U10905']",5
U12353,"['U12555', 'U10583', 'U3445', 'U285', 'U11334']",5
U12354,"['U11011', 'U8895', 'U3625', 'U5473', 'U10165', 'U10965', 'U8264', 'U11970', 'U2765', 'U11699']",10
U12355,"['U3088', 'U4031', 'U13439', 'U9941']",4
U12356,"['U300', 'U14475', 'U13890', 'U14113', 'U5939']",5
U12357,"['U11487', 'U2035', 'U13819', 'U8523']",4
U12358,"['U9072', 'U12676', 'U12745', 'U8026', 'U7512']",5
U12359,"['U1568', 'U3808', 'U2627']",3
U12360,"['U8350', 'U13676', 'U11', 'U2047']",4
U12361,"['U3489', 'U14986']",2
U12362,"['U27', 'U2681', 'U14638', 'U6729']",4
U12363,"['U3983', 'U9835']",2
U12364,"['U8105', 'U9472', 'U7331', 'U7167', 'U12045', 'U1771', 'U638']",7
U12365,"['U4393', 'U11050', 'U8105', 'U7445', 'U7023', 'U10257', 'U14583', 'U13739']",8
U12366,"['U7153', 'U2920', 'U4781', 'U14436', 'U6919']",5
U12367,"['U4473', 'U13977']",2
U12368,"['U1584', 'U12618']",2
U12369,['U10842'],1
U12370,"['U2199', 'U7381', 'U13072', 'U6544', 'U13865']",5
U12371,"['U5015', 'U10541', 'U197', 'U2039', 'U9790']",5
U12372,"['U4007', 'U11533', 'U12552', 'U10848', 'U11548']",5
U12373,"['U12210', 'U5952', 'U8595', 'U4222', 'U10218', 'U8888', 'U12527']",7
U12374,"['U13219', 'U11207', 'U6897', 'U14407']",4
U12375,"['U8619', 'U4367', 'U5703']",3
U12376,"['U10507', 'U6246', 'U7913', 'U395', 'U1084']",5
U12377,"['U13133', 'U2117', 'U14343', 'U1766', 'U3130', 'U3437', 'U10758']",7
U12378,"['U9405', 'U12903', 'U14919', 'U2849']",4
U12379,"['U13125', 'U2554']",2
U12380,"['U10370', 'U14662', 'U12591', 'U1045', 'U11438']",5
U12381,"['U2228', 'U5450', 'U14527', 'U8940', 'U198', 'U1132', 'U9862']",7
U12382,"['U12814', 'U8404', 'U5224', 'U2775', 'U4527', 'U8727', 'U517', 'U7945']",8
U12383,"['U7772', 'U10899', 'U2878', 'U13460', 'U197']",5
U12384,"['U131', 'U4722', 'U5934', 'U731']",4
U12385,"['U1345', 'U9059', 'U11203', 'U12766', 'U14593', 'U13655']",6
U12386,"['U10817', 'U9670', 'U3859', 'U10387', 'U1889']",5
U12387,"['U6735', 'U11863', 'U646', 'U11821']",4
U12388,"['U4117', 'U1867', 'U907', 'U8519', 'U14827']",5
U12389,"['U6005', 'U712', 'U13360', 'U1840', 'U10210', 'U6018', 'U1189', 'U8932', 'U13677', 'U5616']",10
U12390,"['U7307', 'U8177', 'U5065', 'U10147']",4
U12391,"['U14980', 'U3388', 'U13877']",3
U12392,"['U6799', 'U2369', 'U2843', 'U3353', 'U10217', 'U13177', 'U12569', 'U2426']",8
U12393,"['U91', 'U12897', 'U14540']",3
U12394,"['U13220', 'U11586', 'U9818']",3
U12395,"['U2864', 'U14300', 'U14717']",3
U12396,['U10222'],1
U12397,"['U3650', 'U5377', 'U676', 'U12798']",4
U12398,"['U7675', 'U2349', 'U10539', 'U12825']",4
U12399,"['U1395', 'U7539', 'U3985', 'U954', 'U2046']",5
U12400,"['U13733', 'U6779', 'U7135', 'U7190', 'U12955', 'U3064', 'U11819']",7
U12401,"['U5004', 'U9218', 'U12136', 'U11784']",4
U12402,"['U12211', 'U6800', 'U3613', 'U13037', 'U14860', 'U536', 'U13049', 'U11163']",8
U12403,"['U12086', 'U8806', 'U6862']",3
U12404,"['U3656', 'U9980']",2
U12405,"['U13578', 'U11563', 'U8532', 'U1262', 'U8448']",5
U12406,"['U6399', 'U5854', 'U7427', 'U13639']",4
U12407,"['U13862', 'U1035', 'U68', 'U1504', 'U3662', 'U1888', 'U11788']",7
U12408,"['U7731', 'U8820', 'U12186', 'U1068', 'U6653', 'U12203', 'U13940']",7
U12409,"['U12638', 'U9538', 'U3300']",3
U12410,"['U5706', 'U1568']",2
U12411,"['U7068', 'U2403', 'U5703', 'U8383', 'U4890', 'U1664', 'U7321']",7
U12412,['U7631'],1
U12413,"['U5489', 'U12224', 'U11956']",3
U12414,"['U11247', 'U4813', 'U12556', 'U4369']",4
U12415,"['U12312', 'U11553']",2
U12416,"['U5329', 'U14413', 'U3586']",3
U12417,"['U4295', 'U13533', 'U8637', 'U12870']",4
U12418,"['U4989', 'U6734', 'U13135', 'U12247', 'U5943', 'U13865', 'U13462']",7
U12419,"['U4405', 'U11018', 'U12366']",3
U12420,"['U13804', 'U7026', 'U2047', 'U7188', 'U12800', 'U4956']",6
U12421,"['U2653', 'U9739', 'U5678']",3
U12422,"['U8404', 'U6754', 'U4570', 'U9939', 'U11704']",5
U12423,['U292'],1
U12424,"['U5649', 'U13179', 'U3195', 'U1200', 'U3173', 'U1110']",6
U12425,"['U4473', 'U14560', 'U11262']",3
U12426,"['U8068', 'U4288', 'U3185']",3
U12427,"['U2042', 'U10053', 'U3548', 'U9306']",4
U12428,"['U5092', 'U4554', 'U3769']",3
U12429,"['U2956', 'U7431', 'U5407', 'U13052', 'U8655', 'U1803']",6
U12430,['U320'],1
U12431,"['U12571', 'U10936', 'U1833', 'U9998', 'U1423', 'U9324', 'U10578', 'U4624', 'U922', 'U1297']",10
U12432,"['U4841', 'U12860', 'U1609', 'U2624', 'U11091', 'U13439']",6
U12433,"['U2569', 'U6055', 'U4763', 'U2844', 'U9015']",5
U12434,['U3801'],1
U12435,"['U8357', 'U10065']",2
U12436,"['U140', 'U7165', 'U4606', 'U11153', 'U11873']",5
U12437,"['U5642', 'U10514', 'U6941', 'U5105', 'U14726']",5
U12438,"['U4337', 'U760', 'U3102', 'U3207', 'U12369', 'U10340']",6
U12439,"['U5376', 'U11511']",2
U12440,"['U10167', 'U13304', 'U12901', 'U10008', 'U14648', 'U12647', 'U6879', 'U13964']",8
U12441,['U5967'],1
U12442,"['U13022', 'U7726', 'U5016', 'U14355']",4
U12443,"['U2596', 'U8963']",2
U12444,"['U3900', 'U10192', 'U10681', 'U9614']",4
U12445,"['U6670', 'U13368', 'U12952', 'U12197', 'U10819', 'U8701']",6
U12446,['U12063'],1
U12447,"['U6412', 'U14287', 'U11047', 'U13602']",4
U12448,"['U7627', 'U6115', 'U10999', 'U6231', 'U13188', 'U881']",6
U12449,"['U14801', 'U2742', 'U1940', 'U10826', 'U14459', 'U2938', 'U7166', 'U727', 'U5208']",9
U12450,"['U8032', 'U7703', 'U2600', 'U8218', 'U13213', 'U7785', 'U9724']",7
U12451,"['U3151', 'U4592', 'U8310', 'U7571']",4
U12452,"['U8086', 'U1690', 'U8986', 'U4001', 'U560']",5
U12453,"['U440', 'U10493', 'U1297']",3
U12454,['U734'],1
U12455,"['U1701', 'U4010', 'U14043', 'U7203', 'U11963', 'U1757', 'U477']",7
U12456,"['U4744', 'U2142']",2
U12457,"['U8399', 'U1974', 'U10946', 'U5538', 'U8408', 'U12834']",6
U12458,"['U12375', 'U11329', 'U2396', 'U7327', 'U14835']",5
U12459,"['U7454', 'U9368', 'U10995', 'U9828', 'U3354', 'U11331']",6
U12460,"['U4664', 'U14807', 'U13359', 'U10769', 'U11433', 'U11640', 'U2556']",7
U12461,"['U10846', 'U9312', 'U5098']",3
U12462,"['U9272', 'U13775', 'U4266']",3
U12463,"['U7370', 'U10517', 'U10637', 'U7025', 'U5032']",5
U12464,"['U8835', 'U11204', 'U4493']",3
U12465,"['U3569', 'U3184']",2
U12466,"['U3932', 'U783', 'U6184']",3
U12467,"['U13947', 'U10835', 'U14543', 'U1069']",4
U12468,"['U9529', 'U8487', 'U4580', 'U3232']",4
U12469,"['U13556', 'U1542', 'U11424']",3
U12470,"['U11018', 'U3935', 'U11165', 'U9370', 'U1997']",5
U12471,"['U5937', 'U12754']",2
U12472,"['U5894', 'U10515', 'U2322', 'U2800']",4
U12473,"['U4785', 'U4066', 'U3982', 'U10763', 'U6988']",5
U12474,"['U1423', 'U13669', 'U11157', 'U14132', 'U5199', 'U8929']",6
U12475,"['U4998', 'U7262', 'U6869', 'U4961']",4
U12476,"['U9614', 'U6920', 'U9101', 'U11821', 'U4434', 'U11316']",6
U12477,"['U4250', 'U67', 'U14747', 'U4376', 'U8578']",5
U12478,"['U11097', 'U1609', 'U2566', 'U6207']",4
U12479,"['U13566', 'U9744', 'U11730', 'U12989', 'U12124', 'U402', 'U11377', 'U14497']",8
U12480,"['U677', 'U14048', 'U7713', 'U3660']",4
U12481,"['U9207', 'U12498', 'U5668', 'U10273', 'U14466']",5
U12482,['U1094'],1
U12483,"['U6774', 'U13222', 'U4678', 'U5071']",4
U12484,"['U13465', 'U1059', 'U10254', 'U6250', 'U2305', 'U5069', 'U6614']",7
U12485,"['U8983', 'U14151', 'U8641', 'U2940']",4
U12486,"['U1136', 'U8963']",2
U12487,"['U1733', 'U10827']",2
U12488,"['U4471', 'U1447', 'U6663']",3
U12489,"['U3746', 'U14371', 'U702', 'U10707', 'U1029']",5
U12490,"['U3704', 'U2088', 'U3694', 'U656']",4
U12491,"['U4722', 'U11149', 'U3393', 'U7017', 'U14950', 'U3843', 'U9478', 'U57']",8
U12492,"['U5061', 'U12383', 'U2922', 'U6497']",4
U12493,"['U13280', 'U2934']",2
U12494,"['U10193', 'U9547']",2
U12495,"['U12918', 'U4714', 'U14512', 'U7389', 'U2318']",5
U12496,"['U9415', 'U2292']",2
U12497,"['U9648', 'U10437', 'U2280', 'U8144', 'U5514', 'U12006', 'U9599']",7
U12498,"['U14381', 'U11982', 'U13751', 'U13184', 'U3701', 'U6494', 'U3505', 'U538', 'U13984']",9
U12499,"['U6180', 'U4814', 'U10699', 'U2248', 'U12078', 'U11385']",6
U12500,"['U10892', 'U12583', 'U2815', 'U1802', 'U2879']",5
U12501,"['U5470', 'U6146', 'U13653', 'U5151', 'U167']",5
U12502,"['U3311', 'U8868', 'U13042', 'U14330', 'U1450', 'U7284', 'U14691']",7
U12503,"['U10399', 'U12153', 'U7247', 'U5462', 'U5983']",5
U12504,"['U5333', 'U13766', 'U3908', 'U3859', 'U13169', 'U2607', 'U1347', 'U6801', 'U7636']",9
U12505,"['U10297', 'U13521', 'U10804', 'U5486', 'U10075', 'U14298']",6
U12506,"['U9664', 'U12526', 'U5465', 'U4612', 'U11240']",5
U12507,"['U13575', 'U6510', 'U5435', 'U13494']",4
U12508,"['U5616', 'U6609']",2
U12509,"['U9771', 'U12906', 'U840']",3
U12510,"['U10223', 'U205', 'U13042', 'U11457', 'U7703', 'U6576']",6
U12511,"['U689', 'U4232']",2
U12512,"['U12250', 'U9510', 'U523', 'U14393', 'U6671']",5
U12513,"['U10700', 'U13671', 'U13772', 'U5367', 'U5318', 'U1275', 'U1590']",7
U12514,['U10392'],1
U12515,"['U9080', 'U10971', 'U3655', 'U13053', 'U7031', 'U11850', 'U9473']",7
U12516,"['U8846', 'U2859', 'U9556', 'U167']",4
U12517,"['U12568', 'U3281', 'U12358', 'U687', 'U6655']",5
U12518,"['U10616', 'U12605', 'U4443', 'U7639']",4
U12519,"['U12637', 'U4786', 'U12568', 'U4611']",4
U12520,"['U141', 'U4701', 'U6192', 'U6775', 'U12244']",5
U12521,"['U1638', 'U8814', 'U12209', 'U5463', 'U4302', 'U14299', 'U7760']",7
U12522,"['U579', 'U10467', 'U10515', 'U1614', 'U7068']",5
U12523,"['U13823', 'U496', 'U4264', 'U8960', 'U2339', 'U1801']",6
U12524,"['U1482', 'U10010', 'U5651', 'U9322', 'U5565', 'U788']",6
U12525,[],0
U12526,"['U10898', 'U949', 'U9287', 'U12487']",4
U12527,"['U8573', 'U5600', 'U5869', 'U6329', 'U849', 'U11360', 'U5856', 'U14922', 'U5913', 'U5041']",10
U12528,"['U3330', 'U8238', 'U8876', 'U2105', 'U6501']",5
U12529,"['U4099', 'U4199', 'U5566']",3
U12530,"['U7670', 'U13720', 'U7950', 'U8855']",4
U12531,"['U2115', 'U9407', 'U10898', 'U13628', 'U7933', 'U4267', 'U1603']",7
U12532,"['U10361', 'U7765', 'U10492', 'U2289', 'U7757', 'U6591']",6
U12533,"['U6663', 'U1076', 'U12948', 'U12402']",4
U12534,"['U9634', 'U9310', 'U14918', 'U3985', 'U3841', 'U2077', 'U3221', 'U7951']",8
U12535,"['U416', 'U8734']",2
U12536,"['U9110', 'U687', 'U7394', 'U5199', 'U395', 'U4807', 'U381', 'U3467', 'U13192']",9
U12537,"['U2339', 'U918', 'U9688', 'U6798']",4
U12538,"['U4646', 'U5720', 'U13811', 'U11418', 'U3803']",5
U12539,"['U6903', 'U7302']",2
U12540,"['U6571', 'U9956']",2
U12541,"['U13389', 'U1436', 'U2441']",3
U12542,"['U5358', 'U4456', 'U13017', 'U2692', 'U11273']",5
U12543,"['U2062', 'U2112', 'U2784', 'U11600', 'U2279', 'U12983']",6
U12544,"['U625', 'U6645', 'U8597', 'U14165', 'U5253', 'U86']",6
U12545,"['U11936', 'U11907', 'U12487', 'U9709', 'U14856', 'U2003', 'U958', 'U11492', 'U11593']",9
U12546,['U5380'],1
U12547,"['U4273', 'U12858', 'U4544', 'U12882', 'U788']",5
U12548,"['U14959', 'U1979']",2
U12549,"['U8500', 'U329', 'U8965', 'U2765']",4
U12550,['U13128'],1
U12551,"['U1645', 'U8464', 'U629', 'U7529', 'U12490']",5
U12552,"['U1262', 'U7521', 'U6955']",3
U12553,[],0
U12554,"['U9739', 'U438', 'U10020', 'U6814', 'U2258', 'U11756']",6
U12555,"['U3940', 'U14445', 'U1306', 'U14989', 'U1362', 'U12511']",6
U12556,"['U14378', 'U1443', 'U2860', 'U14508', 'U9441', 'U9486', 'U11545', 'U11606']",8
U12557,[],0
U12558,"['U10075', 'U13887', 'U707', 'U8047', 'U6483', 'U3076', 'U12494']",7
U12559,"['U14432', 'U13087', 'U2129', 'U14584', 'U1064']",5
U12560,"['U11160', 'U3396']",2
U12561,"['U13497', 'U9389', 'U44']",3
U12562,"['U1782', 'U1726', 'U901', 'U6931', 'U6274', 'U3107']",6
U12563,"['U9414', 'U5164', 'U107']",3
U12564,"['U172', 'U11791', 'U3320']",3
U12565,"['U10215', 'U4249', 'U11328']",3
U12566,"['U4108', 'U6341', 'U10852']",3
U12567,"['U3969', 'U3968']",2
U12568,"['U12949', 'U10784', 'U13445']",3
U12569,"['U7200', 'U4836', 'U4434', 'U6445', 'U11416']",5
U12570,"['U5533', 'U14577', 'U4042', 'U11413', 'U12219', 'U3685']",6
U12571,"['U7931', 'U12359', 'U1830', 'U12853', 'U13926']",5
U12572,"['U3307', 'U901', 'U14547', 'U1718', 'U7759']",5
U12573,"['U7794', 'U12484', 'U212', 'U10469']",4
U12574,"['U6258', 'U7681', 'U7074', 'U6162']",4
U12575,['U13288'],1
U12576,"['U12781', 'U12254', 'U6819', 'U8983', 'U12779', 'U2261', 'U759']",7
U12577,"['U14742', 'U6', 'U1339', 'U6254']",4
U12578,"['U9275', 'U5047', 'U8261']",3
U12579,"['U60', 'U7757', 'U4967']",3
U12580,"['U7930', 'U14032', 'U4253', 'U14972', 'U14454', 'U11430']",6
U12581,"['U11829', 'U8640', 'U13409', 'U4545', 'U794', 'U5095', 'U1293']",7
U12582,"['U6938', 'U7975', 'U4375']",3
U12583,"['U4918', 'U1193', 'U12462', 'U13446']",4
U12584,"['U9506', 'U2335', 'U7501', 'U8473', 'U8558', 'U2320']",6
U12585,"['U12719', 'U4431']",2
U12586,"['U8443', 'U10679', 'U9610', 'U14148', 'U758', 'U4629', 'U7262', 'U12187', 'U310', 'U10598', 'U5616', 'U4130', 'U8711', 'U4384']",14
U12587,"['U10491', 'U12349', 'U13872', 'U6420']",4
U12588,"['U8001', 'U2003', 'U9967']",3
U12589,"['U8581', 'U2237']",2
U12590,"['U13701', 'U26', 'U2901', 'U3876', 'U12617', 'U7561', 'U11113', 'U5295', 'U8294']",9
U12591,"['U14224', 'U14955', 'U2901', 'U10044', 'U1943', 'U1885']",6
U12592,"['U11346', 'U3415', 'U1130', 'U1560', 'U10280', 'U10258', 'U3965']",7
U12593,"['U1142', 'U13203', 'U14552']",3
U12594,"['U7554', 'U14683', 'U3125', 'U6192', 'U2490']",5
U12595,"['U4198', 'U11017', 'U10089']",3
U12596,"['U12596', 'U1734']",2
U12597,"['U6957', 'U3874', 'U9832', 'U7306', 'U14654']",5
U12598,"['U628', 'U1129', 'U2103', 'U11790', 'U555']",5
U12599,"['U10903', 'U13681', 'U738', 'U8683']",4
U12600,"['U13621', 'U2974']",2
U12601,"['U12737', 'U1684', 'U12380', 'U13482']",4
U12602,"['U11564', 'U2835', 'U10752', 'U14054', 'U11244']",5
U12603,"['U11467', 'U7213', 'U7983', 'U7554', 'U12808', 'U4400']",6
U12604,"['U7132', 'U3947', 'U3135', 'U12949']",4
U12605,"['U8363', 'U2612', 'U6206', 'U6940', 'U4346', 'U7938', 'U6985', 'U1662']",8
U12606,"['U1111', 'U11597', 'U12522']",3
U12607,"['U10489', 'U12480', 'U13979', 'U1078']",4
U12608,"['U10539', 'U3100', 'U5022', 'U6155']",4
U12609,"['U8557', 'U1398', 'U3775']",3
U12610,"['U13851', 'U8838', 'U3162']",3
U12611,"['U9858', 'U10003', 'U14400']",3
U12612,"['U8182', 'U2253', 'U7055', 'U11521']",4
U12613,"['U13352', 'U10954', 'U7464']",3
U12614,"['U13281', 'U14178', 'U10508']",3
U12615,"['U3676', 'U10291']",2
U12616,"['U11798', 'U9360', 'U13804', 'U3119']",4
U12617,"['U606', 'U8158', 'U3829', 'U10633']",4
U12618,"['U11864', 'U12220', 'U13415', 'U8478', 'U13716']",5
U12619,"['U1199', 'U3816', 'U2051', 'U4293', 'U12455', 'U8461', 'U14863', 'U932']",8
U12620,"['U11011', 'U7845', 'U10221', 'U6232', 'U1358']",5
U12621,"['U6793', 'U8015', 'U1755', 'U10900']",4
U12622,"['U10668', 'U5718', 'U3331', 'U3073', 'U14127', 'U2245', 'U13103']",7
U12623,"['U2184', 'U2771', 'U3363', 'U14106', 'U14998', 'U14652', 'U5163', 'U9256']",8
U12624,"['U6701', 'U1182', 'U8022', 'U14873', 'U6006', 'U11232', 'U13279']",7
U12625,"['U13487', 'U6894', 'U7564', 'U797', 'U11185', 'U6374', 'U11281']",7
U12626,"['U132', 'U7200', 'U3093', 'U5867', 'U11138', 'U12924']",6
U12627,"['U12651', 'U10883', 'U654', 'U12218']",4
U12628,"['U7789', 'U1792']",2
U12629,"['U1734', 'U10278', 'U3175', 'U8827']",4
U12630,"['U5233', 'U12924', 'U2897', 'U1699']",4
U12631,['U9535'],1
U12632,"['U8004', 'U10902', 'U6233', 'U8777', 'U2357']",5
U12633,"['U9576', 'U5964', 'U1890', 'U8434', 'U6473']",5
U12634,"['U11150', 'U10179', 'U7', 'U10009', 'U12210', 'U6459', 'U13008', 'U13091', 'U12183']",9
U12635,"['U1018', 'U6474', 'U12768', 'U5451', 'U7178', 'U5124']",6
U12636,"['U5465', 'U5268', 'U9656', 'U11325', 'U8100', 'U2953']",6
U12637,"['U13906', 'U4386', 'U592', 'U7976', 'U5394', 'U9425']",6
U12638,"['U1240', 'U13969', 'U12827', 'U9239', 'U9379', 'U3149', 'U3985']",7
U12639,[],0
U12640,"['U13822', 'U5514', 'U7326', 'U6369', 'U9285', 'U6301', 'U14443']",7
U12641,"['U4998', 'U11724', 'U8022', 'U8798', 'U11028']",5
U12642,"['U10337', 'U5759', 'U14687', 'U6193', 'U13936']",5
U12643,['U2588'],1
U12644,"['U4090', 'U5750', 'U10268', 'U5964', 'U1475', 'U14605', 'U5977', 'U610']",8
U12645,['U11820'],1
U12646,"['U12151', 'U9419', 'U7635', 'U3237']",4
U12647,"['U7710', 'U10946', 'U5615', 'U3311', 'U7718', 'U10766']",6
U12648,"['U1068', 'U10931', 'U9522', 'U6223', 'U13494', 'U2769', 'U11570']",7
U12649,"['U7863', 'U6124', 'U3110', 'U6462', 'U6792']",5
U12650,"['U4174', 'U1787', 'U14591', 'U20', 'U3387']",5
U12651,"['U9601', 'U2816', 'U8343', 'U4879', 'U12790']",5
U12652,"['U11998', 'U4713', 'U3953', 'U11034', 'U5190', 'U6279', 'U1670']",7
U12653,"['U3860', 'U6336', 'U3664', 'U6652', 'U789', 'U5216']",6
U12654,"['U5633', 'U12312', 'U3312', 'U1783', 'U11418', 'U13222', 'U8519']",7
U12655,"['U12490', 'U12903', 'U4186', 'U10393', 'U11884']",5
U12656,"['U10306', 'U945', 'U9550', 'U7598', 'U12260', 'U6846', 'U14409', 'U8236']",8
U12657,"['U858', 'U6301', 'U14268', 'U4470']",4
U12658,"['U6510', 'U3457', 'U13776', 'U11538']",4
U12659,"['U14092', 'U2818', 'U12109', 'U10002', 'U1127']",5
U12660,"['U2780', 'U2130', 'U7867', 'U92']",4
U12661,"['U10948', 'U5507']",2
U12662,"['U8202', 'U5245', 'U7524', 'U10080', 'U14050', 'U10038', 'U8077']",7
U12663,"['U8859', 'U4069']",2
U12664,"['U1442', 'U12465', 'U1350', 'U4877']",4
U12665,"['U1926', 'U3162', 'U11599']",3
U12666,"['U12384', 'U12899', 'U6246', 'U300', 'U12185', 'U10196']",6
U12667,"['U4855', 'U13137', 'U9585', 'U8618']",4
U12668,"['U11821', 'U14388', 'U7865', 'U13369']",4
U12669,['U6593'],1
U12670,"['U11408', 'U2011', 'U8161', 'U12015']",4
U12671,"['U13519', 'U14305', 'U1775', 'U6525', 'U14109']",5
U12672,"['U2096', 'U11730', 'U14328', 'U4468']",4
U12673,['U3828'],1
U12674,"['U3645', 'U7383']",2
U12675,"['U10740', 'U5223', 'U14668']",3
U12676,"['U6516', 'U10094', 'U8596', 'U635', 'U7327', 'U3751', 'U2354']",7
U12677,"['U1565', 'U4716', 'U13413', 'U5771', 'U445', 'U10921', 'U12213', 'U13665', 'U3417', 'U6416', 'U7705']",11
U12678,"['U8342', 'U1478', 'U475', 'U8926', 'U11351']",5
U12679,"['U11927', 'U8412']",2
U12680,"['U8231', 'U4977', 'U13600', 'U6458']",4
U12681,"['U4380', 'U9724', 'U13657', 'U10624', 'U2092', 'U14654', 'U14615']",7
U12682,"['U7826', 'U8106']",2
U12683,"['U13157', 'U2197', 'U4349', 'U8755', 'U13663']",5
U12684,"['U10495', 'U4396']",2
U12685,"['U2911', 'U8478', 'U819', 'U2941']",4
U12686,"['U736', 'U8600', 'U7989', 'U12497', 'U7422', 'U9437', 'U8958']",7
U12687,"['U4597', 'U10771', 'U4275']",3
U12688,"['U11511', 'U6927', 'U3190', 'U10735', 'U832', 'U10077']",6
U12689,"['U11502', 'U3797', 'U12240', 'U14389']",4
U12690,"['U9077', 'U1484', 'U11154', 'U14528', 'U7771', 'U863', 'U13925', 'U12202', 'U6533']",9
U12691,"['U5342', 'U2119', 'U5322']",3
U12692,['U13484'],1
U12693,"['U3749', 'U14930', 'U7824', 'U2555', 'U449', 'U5979']",6
U12694,"['U1444', 'U1539', 'U11651', 'U14922']",4
U12695,"['U5676', 'U10663']",2
U12696,"['U8401', 'U8312']",2
U12697,"['U8783', 'U13675', 'U1814', 'U929', 'U2901']",5
U12698,"['U8191', 'U4215', 'U13911', 'U7449']",4
U12699,"['U6314', 'U2059', 'U2439', 'U9850']",4
U12700,"['U8071', 'U7592', 'U14841', 'U4820']",4
U12701,"['U3323', 'U5591', 'U12297']",3
U12702,"['U1592', 'U5947', 'U4691']",3
U12703,"['U12404', 'U1912', 'U11470', 'U14636', 'U1042', 'U3306', 'U3178', 'U12281']",8
U12704,"['U14485', 'U9788']",2
U12705,"['U13156', 'U10338', 'U9852']",3
U12706,"['U10354', 'U5702', 'U3200', 'U6321', 'U10233', 'U9191']",6
U12707,"['U4241', 'U2088', 'U14109', 'U4425']",4
U12708,"['U10724', 'U9976', 'U9453', 'U13133', 'U11016', 'U10044', 'U1983', 'U4528', 'U2922']",9
U12709,"['U3563', 'U8057', 'U10669', 'U1998']",4
U12710,"['U3746', 'U13197']",2
U12711,"['U4382', 'U9317', 'U1287', 'U14923', 'U3261']",5
U12712,"['U2997', 'U7973', 'U8406', 'U2120', 'U1830', 'U9293', 'U9666', 'U14552']",8
U12713,"['U4468', 'U4552', 'U8608']",3
U12714,"['U2889', 'U14189', 'U3936', 'U3148', 'U7204', 'U11944']",6
U12715,"['U2684', 'U11488', 'U10382', 'U14581', 'U12735', 'U4096']",6
U12716,"['U8761', 'U10812', 'U8953', 'U5816', 'U8362', 'U14554']",6
U12717,"['U13940', 'U10520', 'U10878']",3
U12718,"['U5260', 'U4267', 'U9151', 'U1658', 'U10423']",5
U12719,"['U3507', 'U14701', 'U9354']",3
U12720,"['U4741', 'U7940', 'U3847', 'U6351', 'U10450', 'U3747']",6
U12721,"['U7015', 'U1762', 'U10165']",3
U12722,"['U1383', 'U7567', 'U9413', 'U1172']",4
U12723,"['U1356', 'U2006', 'U10746', 'U12209', 'U2139', 'U13637', 'U4971', 'U10616']",8
U12724,"['U4057', 'U5256', 'U4383', 'U7473', 'U1115']",5
U12725,"['U8100', 'U14847', 'U6166', 'U13623', 'U5210', 'U2540', 'U5390', 'U217']",8
U12726,"['U2979', 'U1725', 'U2073', 'U11518']",4
U12727,"['U14212', 'U6682', 'U8250']",3
U12728,"['U12002', 'U11169']",2
U12729,"['U6363', 'U14706', 'U8463', 'U12478']",4
U12730,"['U4637', 'U7647', 'U2310']",3
U12731,"['U11616', 'U7129', 'U8009', 'U4457', 'U4525']",5
U12732,"['U2189', 'U7825', 'U2092', 'U12251']",4
U12733,"['U13958', 'U9540', 'U7962', 'U10717', 'U875', 'U7913']",6
U12734,"['U14264', 'U14424', 'U12917', 'U3204', 'U522', 'U12814']",6
U12735,"['U9331', 'U468', 'U6463']",3
U12736,"['U14409', 'U1796', 'U1788']",3
U12737,"['U10187', 'U892', 'U5389', 'U9491', 'U13589', 'U7332', 'U11231', 'U2808']",8
U12738,"['U3306', 'U732', 'U14737', 'U847', 'U1182', 'U3023', 'U13625']",7
U12739,"['U8679', 'U9085', 'U12724', 'U14653', 'U11615', 'U13120', 'U5302', 'U8892', 'U3918']",9
U12740,"['U9051', 'U9548', 'U5896', 'U490', 'U9177', 'U1726']",6
U12741,"['U9378', 'U13866', 'U447', 'U13864', 'U13566', 'U2688', 'U14661', 'U14208']",8
U12742,"['U2570', 'U4764', 'U14184', 'U11389']",4
U12743,"['U4479', 'U14740', 'U7574', 'U3666']",4
U12744,"['U11900', 'U8283', 'U1862', 'U4118', 'U1519']",5
U12745,"['U8583', 'U3847', 'U10196', 'U129', 'U3341', 'U4178', 'U12139']",7
U12746,['U4272'],1
U12747,"['U3839', 'U5855', 'U503', 'U11628', 'U12781']",5
U12748,"['U7109', 'U14879', 'U2486', 'U4398', 'U5502', 'U6759']",6
U12749,"['U1400', 'U13423', 'U4698']",3
U12750,"['U2527', 'U9953', 'U8759']",3
U12751,"['U7546', 'U10895', 'U6719', 'U13237', 'U5321', 'U8044', 'U9267', 'U5529']",8
U12752,"['U11016', 'U1681', 'U145']",3
U12753,"['U9237', 'U13625', 'U7221']",3
U12754,"['U4067', 'U1961', 'U11369']",3
U12755,"['U5501', 'U1493', 'U9445', 'U538']",4
U12756,[],0
U12757,"['U1842', 'U6323', 'U4308', 'U13832']",4
U12758,"['U6841', 'U5041', 'U5947', 'U845', 'U5794']",5
U12759,"['U13962', 'U6107', 'U871', 'U13418', 'U10387', 'U2316', 'U8634', 'U4662']",8
U12760,"['U5819', 'U4959', 'U6746', 'U6421']",4
U12761,"['U6684', 'U14764', 'U12793', 'U9465', 'U8529', 'U5418']",6
U12762,"['U7906', 'U907', 'U4043', 'U9040', 'U6294']",5
U12763,"['U14395', 'U2232', 'U9587', 'U10281']",4
U12764,"['U5278', 'U9989']",2
U12765,"['U8237', 'U8922', 'U9809', 'U6205', 'U1400']",5
U12766,"['U12592', 'U4324', 'U698', 'U14518']",4
U12767,"['U10451', 'U8793', 'U6173', 'U7430', 'U9028', 'U11129', 'U12995']",7
U12768,"['U5994', 'U10241', 'U11634']",3
U12769,"['U1089', 'U1321', 'U6368', 'U9757', 'U10934']",5
U12770,"['U3', 'U221', 'U11812', 'U12187']",4
U12771,['U7239'],1
U12772,"['U5519', 'U10211']",2
U12773,"['U6571', 'U6874', 'U7323', 'U6757', 'U151', 'U1395', 'U12231', 'U5370']",8
U12774,"['U8771', 'U12354', 'U4545', 'U1870']",4
U12775,"['U1852', 'U13034', 'U9960', 'U4481', 'U9860', 'U4362']",6
U12776,"['U7508', 'U4668', 'U11645', 'U12706']",4
U12777,"['U14069', 'U6788', 'U9999', 'U14236', 'U11662', 'U1365']",6
U12778,"['U5716', 'U3536', 'U1052', 'U7501', 'U446', 'U11891']",6
U12779,"['U1178', 'U2762', 'U13885', 'U14513', 'U5649', 'U7351']",6
U12780,"['U10633', 'U12381']",2
U12781,"['U11819', 'U731']",2
U12782,"['U13557', 'U11250', 'U8473', 'U8038']",4
U12783,"['U13800', 'U13833', 'U6287', 'U5157', 'U7500']",5
U12784,['U11538'],1
U12785,"['U1126', 'U3005', 'U8176', 'U4812', 'U13225', 'U3393']",6
U12786,"['U7380', 'U872', 'U8138']",3
U12787,"['U8509', 'U1076', 'U14088']",3
U12788,"['U2363', 'U10971', 'U12038', 'U7644']",4
U12789,[],0
U12790,"['U13474', 'U494', 'U6489', 'U11732', 'U9161']",5
U12791,"['U8929', 'U9218', 'U7123', 'U2789']",4
U12792,"['U8660', 'U2160', 'U12011']",3
U12793,"['U261', 'U7182', 'U8274']",3
U12794,"['U3011', 'U4536', 'U5550', 'U12089']",4
U12795,"['U7936', 'U5528', 'U4079', 'U2887', 'U11899']",5
U12796,"['U1960', 'U1104', 'U3626', 'U3957', 'U7399', 'U6901']",6
U12797,"['U10142', 'U10434', 'U9651', 'U7775', 'U3553', 'U14437', 'U2983', 'U1687']",8
U12798,"['U13451', 'U4528', 'U14080', 'U1443', 'U2227', 'U10212', 'U3048', 'U2426', 'U11193']",9
U12799,"['U1737', 'U4022', 'U7774', 'U9990', 'U1449', 'U2061']",6
U12800,"['U10778', 'U7704', 'U6334', 'U10578', 'U5238', 'U6339']",6
U12801,"['U13119', 'U2880']",2
U12802,"['U9491', 'U176', 'U2205', 'U901', 'U2768']",5
U12803,"['U10355', 'U11051', 'U6014', 'U11958', 'U6822', 'U2672', 'U3635']",7
U12804,"['U9908', 'U7591', 'U10171']",3
U12805,"['U13715', 'U283', 'U12234']",3
U12806,"['U5346', 'U5097', 'U6761', 'U14178', 'U4081', 'U8076', 'U6259', 'U12023']",8
U12807,"['U12817', 'U6244', 'U9858', 'U14197', 'U1925', 'U2984']",6
U12808,"['U4437', 'U162', 'U2712', 'U116', 'U9045', 'U8724', 'U8112', 'U9845', 'U7589']",9
U12809,"['U12584', 'U5749', 'U3797']",3
U12810,"['U2346', 'U8620', 'U13385', 'U5984']",4
U12811,"['U14653', 'U34', 'U435']",3
U12812,"['U10960', 'U13736', 'U12714', 'U6475', 'U11911', 'U7273', 'U11288', 'U3891', 'U11770']",9
U12813,"['U3429', 'U2216']",2
U12814,"['U648', 'U2285', 'U8978', 'U647', 'U1509']",5
U12815,"['U4114', 'U742', 'U3601', 'U14309', 'U14566']",5
U12816,"['U2544', 'U206', 'U14124']",3
U12817,"['U9912', 'U7064', 'U6864', 'U1070', 'U6643', 'U11022', 'U11564']",7
U12818,"['U13066', 'U2602', 'U12240', 'U11666']",4
U12819,"['U235', 'U12466', 'U6107', 'U2453', 'U1703', 'U10888', 'U6249', 'U13170', 'U771']",9
U12820,"['U7728', 'U7917', 'U1338', 'U5210', 'U14718', 'U2305', 'U9546', 'U13853']",8
U12821,"['U10508', 'U12214', 'U10585', 'U12406', 'U12859', 'U2287', 'U4345']",7
U12822,"['U11105', 'U7556', 'U342', 'U1592', 'U7065', 'U5792']",6
U12823,['U14829'],1
U12824,['U3610'],1
U12825,"['U10133', 'U8816', 'U6852', 'U11538', 'U8550']",5
U12826,"['U5768', 'U13639', 'U10591', 'U5801']",4
U12827,"['U734', 'U3423', 'U8817', 'U6226', 'U10782', 'U9042', 'U7192', 'U14004', 'U13677', 'U2197']",10
U12828,[],0
U12829,"['U2747', 'U6137', 'U8362']",3
U12830,"['U6334', 'U5002', 'U8074']",3
U12831,"['U8268', 'U3478', 'U5390', 'U5404', 'U12433']",5
U12832,"['U13098', 'U3485', 'U2184']",3
U12833,"['U10362', 'U4825', 'U3300', 'U6909', 'U7173']",5
U12834,"['U14747', 'U3906', 'U9547', 'U13589']",4
U12835,"['U9862', 'U12929', 'U8684', 'U6845', 'U3839', 'U3', 'U2833']",7
U12836,['U495'],1
U12837,"['U4239', 'U7241', 'U12188', 'U11210', 'U870']",5
U12838,"['U1818', 'U5482', 'U12815', 'U417']",4
U12839,[],0
U12840,"['U7530', 'U14321', 'U10789', 'U5334']",4
U12841,"['U931', 'U13328', 'U7254', 'U1285', 'U4926']",5
U12842,"['U9848', 'U8907', 'U3167', 'U10369', 'U13966', 'U11485', 'U6765']",7
U12843,"['U9149', 'U4481']",2
U12844,"['U3200', 'U7324', 'U774', 'U2648', 'U6318']",5
U12845,"['U2157', 'U14439', 'U4628', 'U14751', 'U1346', 'U8427', 'U11255', 'U6261']",8
U12846,"['U12818', 'U12313', 'U12660', 'U4646', 'U3388']",5
U12847,"['U1803', 'U5104', 'U8637', 'U11046', 'U13862', 'U3815']",6
U12848,"['U11235', 'U4359']",2
U12849,[],0
U12850,"['U7906', 'U3653']",2
U12851,"['U14070', 'U10531', 'U4957', 'U593']",4
U12852,"['U14236', 'U10507', 'U10833', 'U2103']",4
U12853,"['U11995', 'U1923']",2
U12854,"['U6459', 'U2493']",2
U12855,['U9434'],1
U12856,"['U11411', 'U10236', 'U11776', 'U3038']",4
U12857,"['U10947', 'U1961', 'U4870', 'U9445']",4
U12858,"['U11014', 'U12066', 'U6995']",3
U12859,"['U5283', 'U5240', 'U14459', 'U6384', 'U4027', 'U10446']",6
U12860,"['U5749', 'U2463', 'U86', 'U6879', 'U10245', 'U3357', 'U3394', 'U3333', 'U14315']",9
U12861,"['U9738', 'U3728', 'U14961', 'U13794', 'U3585', 'U37', 'U153']",7
U12862,"['U11475', 'U8376', 'U14309']",3
U12863,"['U13132', 'U13531', 'U965', 'U1288', 'U5002']",5
U12864,"['U12147', 'U64', 'U6199', 'U6285', 'U12597']",5
U12865,"['U8772', 'U8599', 'U4035', 'U14373', 'U1004', 'U6194']",6
U12866,"['U9817', 'U11099', 'U6185', 'U10514', 'U5805']",5
U12867,"['U4789', 'U8483', 'U7026', 'U508']",4
U12868,"['U9895', 'U7101', 'U7357']",3
U12869,"['U9437', 'U4899', 'U10821']",3
U12870,"['U2086', 'U14608', 'U7664', 'U5745', 'U7335']",5
U12871,"['U9502', 'U12633', 'U10789', 'U7585', 'U12513', 'U12816']",6
U12872,"['U10066', 'U12732', 'U695']",3
U12873,"['U3450', 'U5890', 'U9093', 'U13641', 'U1588', 'U8444']",6
U12874,"['U14270', 'U6174', 'U6490', 'U8992', 'U7872']",5
U12875,"['U14989', 'U3199', 'U6889', 'U7435', 'U1892', 'U8973', 'U4253']",7
U12876,"['U3290', 'U14270']",2
U12877,"['U5234', 'U12450', 'U10927', 'U1002', 'U8357', 'U1141', 'U12800']",7
U12878,['U525'],1
U12879,"['U14832', 'U8350', 'U2745']",3
U12880,"['U7728', 'U6945', 'U14290']",3
U12881,"['U10197', 'U12435', 'U1769', 'U1879', 'U13592', 'U6839']",6
U12882,"['U232', 'U10304', 'U6356', 'U9876', 'U1711', 'U9320', 'U1206', 'U11447', 'U10995', 'U8296', 'U6528', 'U3417']",12
U12883,"['U3456', 'U4716', 'U9116', 'U12457', 'U6713']",5
U12884,"['U3032', 'U7139', 'U2461', 'U312', 'U3896']",5
U12885,['U5832'],1
U12886,"['U8094', 'U7701', 'U5381', 'U13061']",4
U12887,"['U7195', 'U7166', 'U13112', 'U5395', 'U14991', 'U2859', 'U12949', 'U1889']",8
U12888,"['U13560', 'U584', 'U4907', 'U2726', 'U2338', 'U13021']",6
U12889,"['U7062', 'U5481', 'U6256', 'U4059', 'U3357', 'U11793', 'U14361', 'U14294', 'U6121', 'U7737', 'U11041']",11
U12890,"['U2865', 'U9231', 'U1105']",3
U12891,"['U12622', 'U10209', 'U6543', 'U12980']",4
U12892,"['U7731', 'U7290']",2
U12893,"['U1424', 'U95', 'U12383', 'U4568', 'U747']",5
U12894,"['U12388', 'U11976', 'U9286', 'U11079', 'U99', 'U14341', 'U8325']",7
U12895,"['U7528', 'U11316']",2
U12896,"['U14164', 'U1195', 'U14460', 'U7458']",4
U12897,"['U14666', 'U6365', 'U14400', 'U8884', 'U193', 'U8833', 'U11564', 'U11951', 'U7982', 'U1550']",10
U12898,"['U2541', 'U1526', 'U2176', 'U825']",4
U12899,"['U11337', 'U10079', 'U4220']",3
U12900,"['U5757', 'U9258']",2
U12901,"['U12189', 'U3332', 'U5200', 'U10478', 'U13424', 'U7906']",6
U12902,"['U2416', 'U10352', 'U14994']",3
U12903,"['U12125', 'U13246', 'U934']",3
U12904,"['U8195', 'U741', 'U2803']",3
U12905,"['U11483', 'U11838', 'U7431', 'U12899', 'U3055']",5
U12906,"['U13016', 'U2994', 'U11594', 'U12930', 'U9760', 'U6925', 'U12263', 'U83', 'U1112']",9
U12907,"['U8668', 'U8790', 'U3744', 'U3172', 'U1401']",5
U12908,"['U11811', 'U2968', 'U13644', 'U6513']",4
U12909,['U315'],1
U12910,"['U9549', 'U8648', 'U3748']",3
U12911,"['U8816', 'U10918', 'U8553', 'U4099']",4
U12912,['U1364'],1
U12913,"['U11521', 'U2201', 'U6885', 'U4266', 'U6130', 'U6497', 'U10210']",7
U12914,"['U11648', 'U1335', 'U1053']",3
U12915,"['U8119', 'U4805', 'U3592', 'U14088']",4
U12916,"['U7973', 'U3067', 'U720', 'U1535', 'U7006', 'U13858', 'U5239']",7
U12917,"['U3476', 'U10787', 'U10534', 'U9670', 'U10480', 'U3006']",6
U12918,"['U12009', 'U7004', 'U2383', 'U13763', 'U8557', 'U7841', 'U206']",7
U12919,"['U494', 'U9248', 'U11409', 'U10349', 'U9723', 'U3926']",6
U12920,"['U7024', 'U2057', 'U4986', 'U4806', 'U1936']",5
U12921,"['U11000', 'U14930', 'U12319', 'U2539', 'U3238', 'U680']",6
U12922,"['U5252', 'U8672', 'U6317', 'U3076', 'U14798', 'U4769', 'U9158']",7
U12923,['U1029'],1
U12924,"['U9944', 'U6138', 'U14991', 'U4271', 'U8656', 'U10737']",6
U12925,"['U14545', 'U14283', 'U4664', 'U2883', 'U13247', 'U13941', 'U8821', 'U9052']",8
U12926,"['U10286', 'U5194', 'U5390', 'U11468', 'U9301', 'U13814', 'U283']",7
U12927,"['U9636', 'U10453', 'U5555', 'U6761']",4
U12928,"['U1105', 'U8868', 'U3576', 'U9085', 'U338', 'U2612']",6
U12929,"['U14508', 'U10470', 'U487', 'U380', 'U4800', 'U7556']",6
U12930,"['U6642', 'U6311', 'U8301', 'U8461']",4
U12931,"['U13260', 'U2368', 'U5643', 'U852']",4
U12932,"['U9097', 'U10716', 'U4993']",3
U12933,"['U3446', 'U7957', 'U9907', 'U5101', 'U11465', 'U14895']",6
U12934,"['U13510', 'U8633', 'U2663', 'U3480', 'U6147', 'U1251']",6
U12935,"['U3388', 'U5649', 'U7079', 'U1962']",4
U12936,"['U11315', 'U7566', 'U11520', 'U1467']",4
U12937,['U10513'],1
U12938,"['U1217', 'U6479', 'U7349', 'U1083']",4
U12939,"['U11', 'U5219', 'U639', 'U11292', 'U12931', 'U2041', 'U6009']",7
U12940,"['U1550', 'U7554', 'U12886']",3
U12941,['U6954'],1
U12942,"['U6254', 'U13335']",2
U12943,"['U10485', 'U2440', 'U6474', 'U13124', 'U13454']",5
U12944,"['U1293', 'U3350', 'U7910', 'U13137']",4
U12945,"['U237', 'U11449']",2
U12946,"['U148', 'U11066', 'U3383', 'U13166']",4
U12947,"['U11883', 'U13963', 'U7951', 'U5061', 'U6094', 'U11856']",6
U12948,"['U12830', 'U10098', 'U10070', 'U8895', 'U9975', 'U13485', 'U12534']",7
U12949,"['U2286', 'U4351', 'U7743', 'U6266', 'U1445']",5
U12950,"['U3813', 'U13662', 'U9907', 'U9720']",4
U12951,"['U5241', 'U4458', 'U3538', 'U9768', 'U5838']",5
U12952,"['U13630', 'U10724', 'U7233']",3
U12953,"['U10721', 'U10668', 'U10047', 'U13051', 'U5421']",5
U12954,"['U13675', 'U12367', 'U6327', 'U8544', 'U8680', 'U10740', 'U5052']",7
U12955,['U7686'],1
U12956,"['U5490', 'U518']",2
U12957,"['U10243', 'U12455', 'U10776', 'U11345']",4
U12958,"['U5014', 'U6214', 'U9453', 'U2748', 'U13697', 'U9138']",6
U12959,"['U9206', 'U13801', 'U3656', 'U14769', 'U3460']",5
U12960,"['U11681', 'U9718', 'U14772']",3
U12961,"['U30', 'U9843', 'U14466', 'U8486', 'U6061', 'U12524']",6
U12962,"['U9287', 'U7628', 'U4614']",3
U12963,['U1596'],1
U12964,"['U4275', 'U11744', 'U6208', 'U6995']",4
U12965,['U9225'],1
U12966,"['U745', 'U1855', 'U8876', 'U7834', 'U14450', 'U7699', 'U2213']",7
U12967,"['U5637', 'U5439', 'U14057']",3
U12968,"['U10071', 'U7510', 'U9855', 'U12604']",4
U12969,"['U14977', 'U5542', 'U4047', 'U14462', 'U1837']",5
U12970,"['U90', 'U14845', 'U14104', 'U791', 'U4673', 'U9587', 'U3731']",7
U12971,"['U2765', 'U3627', 'U7590', 'U12819']",4
U12972,"['U8932', 'U3795', 'U11493', 'U3362', 'U12380']",5
U12973,"['U2734', 'U9223', 'U8352']",3
U12974,"['U5035', 'U5844', 'U8567', 'U12771', 'U3774', 'U12229', 'U13492']",7
U12975,"['U2927', 'U6796', 'U7991', 'U9493', 'U1714', 'U12798', 'U7611', 'U13167']",8
U12976,"['U11090', 'U7900', 'U1947', 'U11558']",4
U12977,['U9329'],1
U12978,"['U2882', 'U1482', 'U14755', 'U11945']",4
U12979,"['U2712', 'U12835', 'U3516', 'U9075']",4
U12980,"['U1265', 'U2643', 'U14133', 'U13414', 'U5875', 'U7943', 'U8594', 'U9612']",8
U12981,"['U3853', 'U115', 'U13667', 'U1993']",4
U12982,"['U2509', 'U2000', 'U4839', 'U2321', 'U5064', 'U6217', 'U12270']",7
U12983,"['U5584', 'U14010', 'U4785', 'U10240', 'U8237', 'U1696', 'U1435', 'U14362', 'U11284', 'U8173', 'U899', 'U2989']",12
U12984,"['U12224', 'U1640', 'U11566', 'U9919', 'U14437', 'U6147', 'U13154', 'U13157']",8
U12985,"['U7098', 'U2130', 'U11712', 'U7451', 'U11183']",5
U12986,"['U8340', 'U13307', 'U13029', 'U7896', 'U7269']",5
U12987,"['U195', 'U2325', 'U23', 'U6413', 'U11306', 'U379']",6
U12988,"['U8618', 'U5136']",2
U12989,"['U12016', 'U1827', 'U7052', 'U6892', 'U7339']",5
U12990,"['U9602', 'U7709', 'U2008', 'U11267', 'U3810']",5
U12991,"['U3604', 'U2493', 'U2328', 'U5792', 'U3521', 'U2141']",6
U12992,"['U10466', 'U14054', 'U923', 'U8010', 'U3123', 'U12552', 'U575', 'U9789', 'U8726']",9
U12993,"['U10093', 'U7955']",2
U12994,"['U8558', 'U7684', 'U7744']",3
U12995,"['U10031', 'U4336', 'U5622', 'U13649']",4
U12996,"['U8336', 'U11893', 'U7036', 'U14944', 'U6416', 'U3491', 'U2320']",7
U12997,"['U5043', 'U9389', 'U4327', 'U5982']",4
U12998,"['U4671', 'U7437', 'U1141', 'U9827']",4
U12999,"['U4492', 'U5683', 'U5230', 'U5595']",4
U13000,"['U2188', 'U12149', 'U4677', 'U2918']",4
U13001,"['U14411', 'U4854', 'U12717']",3
U13002,"['U3215', 'U1689', 'U9957']",3
U13003,"['U9531', 'U2643', 'U9349', 'U2700']",4
U13004,"['U10808', 'U12644', 'U7347', 'U1217']",4
U13005,['U918'],1
U13006,"['U9882', 'U3393', 'U5920']",3
U13007,"['U7641', 'U4632', 'U1207']",3
U13008,"['U3704', 'U2546', 'U8218', 'U1317', 'U13181', 'U411', 'U14890']",7
U13009,"['U1050', 'U1567', 'U8654', 'U8928']",4
U13010,"['U8849', 'U11468', 'U8705', 'U11686']",4
U13011,"['U4062', 'U10248']",2
U13012,"['U1176', 'U9482', 'U4617', 'U4128', 'U8220', 'U2609']",6
U13013,"['U8855', 'U13094', 'U1451', 'U11755']",4
U13014,"['U1338', 'U8554', 'U5546', 'U7704', 'U8630']",5
U13015,"['U8494', 'U1477', 'U5536', 'U6164', 'U4914', 'U12148', 'U12418', 'U7134', 'U470']",9
U13016,"['U5695', 'U5611', 'U14849', 'U11918', 'U4515', 'U1143']",6
U13017,"['U10714', 'U3864', 'U2322']",3
U13018,"['U3164', 'U3835', 'U9381', 'U2248', 'U1003']",5
U13019,"['U248', 'U4146', 'U11365', 'U1387']",4
U13020,"['U12204', 'U9602', 'U10569', 'U13631', 'U6319', 'U12473']",6
U13021,"['U462', 'U1644', 'U4380', 'U11836', 'U2873', 'U1946', 'U9232']",7
U13022,"['U4005', 'U4817', 'U10980', 'U3099', 'U3075', 'U3245', 'U9627', 'U8989']",8
U13023,"['U7355', 'U12958', 'U11368', 'U3219', 'U2482', 'U1525', 'U12237', 'U649', 'U1025', 'U14212']",10
U13024,"['U9316', 'U13498', 'U12594', 'U8121', 'U12917']",5
U13025,"['U7894', 'U1286']",2
U13026,"['U12398', 'U3001', 'U9329', 'U11884', 'U11465', 'U4579']",6
U13027,"['U3959', 'U253', 'U8100', 'U11119']",4
U13028,"['U8005', 'U3825', 'U9983', 'U4764', 'U3571']",5
U13029,"['U11435', 'U4047', 'U6877', 'U11620', 'U9067', 'U8347', 'U12471', 'U12528', 'U12962', 'U12450', 'U2763']",11
U13030,"['U9191', 'U12320', 'U1631', 'U5928', 'U3741', 'U1698']",6
U13031,"['U4903', 'U752', 'U5163']",3
U13032,"['U745', 'U1901', 'U14190', 'U2166', 'U2810', 'U4316', 'U9776', 'U5433']",8
U13033,"['U2683', 'U5593', 'U979', 'U6744', 'U5522', 'U8426', 'U14072']",7
U13034,"['U11115', 'U876', 'U9052', 'U12110', 'U2412', 'U9680', 'U6976']",7
U13035,"['U6077', 'U4479']",2
U13036,"['U14363', 'U4058', 'U7918', 'U11975', 'U9215', 'U10266', 'U11774', 'U841', 'U8731']",9
U13037,"['U8662', 'U2628', 'U14800', 'U8643', 'U6474']",5
U13038,"['U6074', 'U7285', 'U1907', 'U4636', 'U13421', 'U5337', 'U4987']",7
U13039,"['U6714', 'U4600', 'U450']",3
U13040,"['U1258', 'U8732', 'U5124']",3
U13041,"['U4821', 'U11985', 'U9053', 'U11651', 'U14464']",5
U13042,"['U11898', 'U8542', 'U11068', 'U6380']",4
U13043,"['U4556', 'U1325', 'U4078', 'U11699', 'U7653', 'U404', 'U9651', 'U10187']",8
U13044,"['U6357', 'U10108']",2
U13045,"['U13756', 'U271', 'U14822', 'U7089', 'U7994']",5
U13046,['U4398'],1
U13047,"['U2996', 'U1876', 'U3512', 'U9134', 'U1725', 'U10452']",6
U13048,"['U1411', 'U5117']",2
U13049,"['U13361', 'U6193']",2
U13050,"['U5525', 'U3333', 'U9318', 'U6480', 'U13463', 'U14156']",6
U13051,"['U7522', 'U5897', 'U13282', 'U6046']",4
U13052,"['U7426', 'U9881', 'U249']",3
U13053,"['U5618', 'U5454', 'U10978', 'U13461', 'U6031']",5
U13054,"['U1221', 'U12217', 'U10310', 'U10774', 'U10049', 'U2797', 'U5038', 'U14231', 'U2100']",9
U13055,"['U6985', 'U10222', 'U5277', 'U11214', 'U6673', 'U2706', 'U14771']",7
U13056,"['U6946', 'U6307', 'U510', 'U3052', 'U5464', 'U13258', 'U4215', 'U12157', 'U4927']",9
U13057,"['U2552', 'U9684', 'U7628', 'U10347', 'U8204']",5
U13058,"['U2063', 'U11229', 'U4566', 'U1824', 'U10259']",5
U13059,"['U131', 'U1225', 'U5640', 'U4248', 'U1556', 'U1921']",6
U13060,"['U9533', 'U11826', 'U4712']",3
U13061,"['U14382', 'U14286', 'U1445', 'U14076']",4
U13062,"['U12252', 'U2840', 'U9464', 'U12593']",4
U13063,"['U4337', 'U14668', 'U3907', 'U4293', 'U13488', 'U14345']",6
U13064,"['U7580', 'U13024', 'U4873']",3
U13065,"['U13797', 'U5126', 'U878', 'U10822', 'U9793', 'U6464']",6
U13066,"['U4824', 'U6800', 'U6005', 'U10149', 'U2832', 'U8671', 'U2253', 'U11621']",8
U13067,"['U10474', 'U5368', 'U78', 'U2158']",4
U13068,"['U1005', 'U10297', 'U10708', 'U996', 'U14509']",5
U13069,"['U13909', 'U1558', 'U9722', 'U8596']",4
U13070,"['U8543', 'U9560', 'U11047', 'U7260', 'U2097']",5
U13071,"['U7757', 'U3834', 'U2682', 'U4846', 'U12685', 'U10694']",6
U13072,"['U8808', 'U10075', 'U1277']",3
U13073,"['U4827', 'U14575', 'U1039', 'U13692']",4
U13074,"['U7653', 'U4747', 'U11227', 'U8657', 'U13829']",5
U13075,"['U5455', 'U856']",2
U13076,"['U5293', 'U9987', 'U6014', 'U416', 'U5367', 'U459', 'U2154']",7
U13077,"['U4067', 'U12815', 'U9879', 'U11658', 'U8988']",5
U13078,"['U271', 'U7353', 'U14031', 'U6031', 'U5785', 'U10427', 'U8527']",7
U13079,['U14803'],1
U13080,"['U4943', 'U3588', 'U5967', 'U11777', 'U10361']",5
U13081,"['U4842', 'U4764']",2
U13082,"['U14219', 'U11173', 'U13796', 'U9704', 'U14000', 'U466']",6
U13083,"['U4063', 'U2305', 'U11134', 'U8448']",4
U13084,"['U430', 'U4475', 'U6451', 'U4771', 'U3160', 'U4723']",6
U13085,"['U12189', 'U9115']",2
U13086,"['U5720', 'U13817', 'U4379']",3
U13087,"['U4427', 'U12645', 'U11140', 'U3874', 'U10615', 'U2750', 'U4979']",7
U13088,"['U14575', 'U8328', 'U10271', 'U11004', 'U8729', 'U12756', 'U14032', 'U6947']",8
U13089,"['U14898', 'U10340', 'U4145', 'U1841', 'U9457']",5
U13090,"['U1219', 'U6486', 'U9864', 'U5596', 'U11309', 'U3192']",6
U13091,"['U65', 'U817', 'U2280', 'U186', 'U6391']",5
U13092,"['U13108', 'U9663', 'U6989', 'U125']",4
U13093,"['U7922', 'U5234', 'U8920', 'U12958', 'U1672']",5
U13094,"['U9691', 'U4149', 'U14326', 'U556', 'U8997', 'U12547', 'U11437', 'U7730', 'U10111', 'U12126']",10
U13095,"['U4889', 'U6594', 'U4813', 'U9889', 'U10747']",5
U13096,"['U4823', 'U1985', 'U7931']",3
U13097,"['U13545', 'U12094']",2
U13098,"['U3112', 'U12079', 'U12961', 'U10518']",4
U13099,"['U2389', 'U4074', 'U9783', 'U4753']",4
U13100,"['U8615', 'U5379', 'U1096', 'U14945']",4
U13101,"['U1043', 'U11966', 'U5963']",3
U13102,"['U3749', 'U8081']",2
U13103,"['U5092', 'U800', 'U1727', 'U9544']",4
U13104,"['U7326', 'U12221', 'U8202', 'U1081']",4
U13105,"['U933', 'U7843', 'U14014', 'U7294', 'U10876']",5
U13106,['U10359'],1
U13107,[],0
U13108,"['U10319', 'U447', 'U1508', 'U6158', 'U14964', 'U1683']",6
U13109,"['U6791', 'U6345', 'U8788', 'U5890', 'U7683']",5
U13110,"['U2673', 'U6666', 'U14598']",3
U13111,"['U8010', 'U14376', 'U136', 'U3206', 'U1736', 'U2234']",6
U13112,"['U10015', 'U10026']",2
U13113,"['U687', 'U130', 'U12544', 'U2219', 'U11180', 'U13257', 'U831', 'U3110']",8
U13114,"['U14782', 'U9854', 'U1096']",3
U13115,"['U7072', 'U7243', 'U7372']",3
U13116,"['U8857', 'U13312', 'U5494']",3
U13117,"['U13937', 'U14245', 'U12659', 'U11530', 'U12362']",5
U13118,"['U3108', 'U9274', 'U13542']",3
U13119,"['U3311', 'U8512', 'U2168', 'U9674', 'U11818']",5
U13120,"['U12317', 'U3456', 'U10621', 'U5043', 'U890']",5
U13121,"['U9583', 'U12404', 'U7988', 'U6010', 'U12738', 'U4312', 'U9430', 'U12493']",8
U13122,"['U9132', 'U10317', 'U11795', 'U13118', 'U8325', 'U12960', 'U10560']",7
U13123,"['U8041', 'U3126', 'U8207', 'U2265', 'U13404']",5
U13124,"['U12886', 'U14265', 'U7317', 'U921', 'U3476', 'U7726']",6
U13125,"['U13612', 'U10441', 'U14513', 'U9353', 'U6038']",5
U13126,"['U8774', 'U672', 'U12324', 'U3529']",4
U13127,"['U5560', 'U451', 'U1317', 'U9604', 'U7705']",5
U13128,"['U14412', 'U14953', 'U14361', 'U6500', 'U5106', 'U7712', 'U8535', 'U8138', 'U12473', 'U7199', 'U4436']",11
U13129,"['U12379', 'U4351', 'U5476', 'U1100', 'U11116', 'U4461']",6
U13130,"['U2799', 'U11018']",2
U13131,"['U12940', 'U6533', 'U151', 'U13652']",4
U13132,"['U1070', 'U11161', 'U9048', 'U14574', 'U10580']",5
U13133,"['U511', 'U639', 'U261', 'U6359', 'U533', 'U6895', 'U8357']",7
U13134,"['U181', 'U5583', 'U4327', 'U8675', 'U13668']",5
U13135,"['U13692', 'U5831', 'U10330', 'U7369']",4
U13136,"['U4964', 'U3842', 'U10601', 'U2439', 'U3531', 'U9220', 'U11540', 'U10639', 'U4921']",9
U13137,"['U2383', 'U8410', 'U10865', 'U5993', 'U10126']",5
U13138,"['U6456', 'U2446', 'U13660', 'U12018']",4
U13139,"['U3348', 'U14065', 'U2140', 'U4410', 'U13657', 'U1017']",6
U13140,"['U9014', 'U1283', 'U8461']",3
U13141,"['U14269', 'U13141', 'U5338', 'U1113', 'U9320', 'U7926', 'U3030']",7
U13142,"['U4433', 'U6356', 'U3041', 'U6784', 'U1147', 'U8151']",6
U13143,"['U11712', 'U9077', 'U1103', 'U8765']",4
U13144,"['U2922', 'U7619', 'U14081', 'U7901', 'U9232']",5
U13145,"['U10469', 'U12359', 'U955', 'U14400', 'U2050']",5
U13146,"['U1830', 'U4546', 'U5483']",3
U13147,"['U10040', 'U10907', 'U9567', 'U9260']",4
U13148,"['U11330', 'U8527', 'U14832', 'U3072']",4
U13149,"['U4003', 'U5986']",2
U13150,"['U2059', 'U1859', 'U11852']",3
U13151,"['U11945', 'U7866', 'U612', 'U6512', 'U10846', 'U5437', 'U1506', 'U8684', 'U5289', 'U12177']",10
U13152,['U8003'],1
U13153,"['U8649', 'U2595', 'U12826', 'U4515']",4
U13154,"['U8256', 'U12748']",2
U13155,"['U9966', 'U6934', 'U1101', 'U4197', 'U4357', 'U3059', 'U429']",7
U13156,"['U278', 'U10045', 'U1189', 'U2163', 'U6322', 'U12128']",6
U13157,"['U299', 'U3214', 'U8266']",3
U13158,"['U11535', 'U7084', 'U7199', 'U6156', 'U11146', 'U14054', 'U2053', 'U14880']",8
U13159,"['U4703', 'U5482', 'U13209', 'U12115', 'U6237', 'U8090']",6
U13160,"['U6150', 'U1960', 'U11808', 'U2205', 'U8652', 'U14008']",6
U13161,"['U14386', 'U14573', 'U1546', 'U76', 'U6366', 'U1227', 'U14374']",7
U13162,"['U12202', 'U11228', 'U10956', 'U18', 'U138', 'U11839', 'U14754']",7
U13163,"['U1335', 'U8957', 'U3918', 'U3697', 'U9432']",5
U13164,"['U9943', 'U9394', 'U11322', 'U4987', 'U2150']",5
U13165,"['U14558', 'U5037', 'U10320']",3
U13166,"['U3734', 'U5392', 'U9401', 'U11381', 'U4971', 'U5508', 'U2715']",7
U13167,"['U14194', 'U7564', 'U5343']",3
U13168,"['U3774', 'U9321', 'U8646']",3
U13169,"['U9067', 'U4608']",2
U13170,"['U1945', 'U10220', 'U14774', 'U8116', 'U10195']",5
U13171,['U13904'],1
U13172,"['U8757', 'U712', 'U2582', 'U1952', 'U909']",5
U13173,"['U9892', 'U3612', 'U2686', 'U11405', 'U8516']",5
U13174,"['U12812', 'U13220', 'U3814', 'U1673', 'U11998', 'U8554', 'U1728', 'U8778']",8
U13175,"['U14636', 'U12659', 'U4360', 'U1434', 'U9084', 'U2858', 'U287']",7
U13176,"['U1333', 'U12678', 'U7338']",3
U13177,"['U4794', 'U9309', 'U9485', 'U1208', 'U5122']",5
U13178,"['U8889', 'U2564', 'U14395', 'U13913']",4
U13179,"['U12102', 'U771', 'U5203', 'U13534', 'U4933', 'U4828', 'U3670', 'U10772']",8
U13180,"['U6539', 'U54', 'U489', 'U6783', 'U7782']",5
U13181,[],0
U13182,"['U9574', 'U12693', 'U2952', 'U12587']",4
U13183,"['U13689', 'U13312', 'U5843', 'U3962', 'U8433']",5
U13184,"['U12731', 'U4515', 'U12131', 'U11073', 'U6095', 'U14087', 'U4075', 'U12192']",8
U13185,"['U2422', 'U2838', 'U12757', 'U543']",4
U13186,"['U1812', 'U1164', 'U14261', 'U11324']",4
U13187,"['U322', 'U9072', 'U5222', 'U6478', 'U1635', 'U13448']",6
U13188,"['U5350', 'U12764', 'U14492', 'U11044']",4
U13189,"['U3983', 'U14545', 'U6361', 'U10222', 'U10694', 'U7623']",6
U13190,"['U976', 'U11859', 'U6770']",3
U13191,"['U11825', 'U10748', 'U9054', 'U2568', 'U2656', 'U1310', 'U5996', 'U6567', 'U3641']",9
U13192,"['U5009', 'U6992', 'U9724', 'U4040', 'U3888']",5
U13193,"['U4486', 'U62', 'U4066', 'U10724']",4
U13194,"['U10792', 'U3745', 'U3196', 'U14230', 'U6227', 'U9220']",6
U13195,"['U463', 'U10942', 'U3322', 'U12856', 'U13642', 'U6964']",6
U13196,"['U10162', 'U2745', 'U10488', 'U3136', 'U2795', 'U2278']",6
U13197,"['U3704', 'U11790']",2
U13198,"['U3260', 'U13312', 'U9233', 'U10923', 'U6188']",5
U13199,"['U1193', 'U13588', 'U991', 'U3783', 'U13096']",5
U13200,"['U4578', 'U12287', 'U11119', 'U14460', 'U12656', 'U1430', 'U12591']",7
U13201,"['U13336', 'U11854', 'U13001']",3
U13202,"['U13721', 'U14847', 'U11514', 'U9705', 'U3156']",5
U13203,"['U6633', 'U4974', 'U8344', 'U12540']",4
U13204,"['U10939', 'U2666', 'U14430', 'U1995', 'U11207']",5
U13205,"['U685', 'U1187', 'U519', 'U13874', 'U85', 'U7580']",6
U13206,"['U2403', 'U13084', 'U13517', 'U10340']",4
U13207,"['U6494', 'U8857', 'U8596', 'U3402', 'U3210', 'U6664', 'U7182']",7
U13208,"['U1096', 'U1576', 'U8833']",3
U13209,"['U1223', 'U12212', 'U13921', 'U1357', 'U12372']",5
U13210,"['U6845', 'U6039', 'U5387', 'U14729', 'U2341']",5
U13211,"['U14142', 'U2565', 'U13184', 'U7370']",4
U13212,"['U2670', 'U10053', 'U169', 'U11895', 'U1280', 'U2278', 'U10715']",7
U13213,"['U9134', 'U4622', 'U1512', 'U5030', 'U7028']",5
U13214,"['U648', 'U10413', 'U1636', 'U10964']",4
U13215,"['U12378', 'U2354', 'U944', 'U14190']",4
U13216,"['U10881', 'U1010', 'U2621', 'U3741', 'U8561']",5
U13217,"['U340', 'U4218', 'U1670', 'U13791', 'U13188']",5
U13218,"['U9990', 'U7507', 'U12313', 'U256', 'U6853', 'U8903', 'U13449', 'U11939']",8
U13219,"['U11097', 'U2675', 'U11156']",3
U13220,"['U5523', 'U12912']",2
U13221,"['U723', 'U5752']",2
U13222,"['U13307', 'U1875', 'U10596']",3
U13223,"['U9378', 'U12975', 'U3610']",3
U13224,"['U3558', 'U14099', 'U8144']",3
U13225,"['U2793', 'U11601', 'U9054', 'U14954', 'U8196', 'U11600', 'U9892']",7
U13226,"['U7012', 'U7732', 'U1744']",3
U13227,"['U3525', 'U12091', 'U10970', 'U10629', 'U6696']",5
U13228,"['U13717', 'U9940']",2
U13229,"['U11294', 'U10456', 'U9372', 'U4021', 'U13865', 'U8122']",6
U13230,['U12732'],1
U13231,"['U14798', 'U12465']",2
U13232,"['U884', 'U849', 'U14991', 'U11771']",4
U13233,"['U14704', 'U12752']",2
U13234,"['U1806', 'U7578', 'U13671', 'U8637', 'U1878', 'U3553', 'U11092', 'U6625', 'U4661', 'U11937']",10
U13235,['U14858'],1
U13236,"['U3675', 'U340', 'U9400']",3
U13237,"['U3833', 'U6370', 'U3079', 'U9843', 'U11645']",5
U13238,"['U7546', 'U2940', 'U3801']",3
U13239,"['U2511', 'U157', 'U14191', 'U1425']",4
U13240,"['U11200', 'U3669', 'U4594', 'U2686']",4
U13241,"['U2839', 'U5996', 'U5143', 'U12786']",4
U13242,"['U5804', 'U3581', 'U5170', 'U1618', 'U7044', 'U9895', 'U11290', 'U4312', 'U10511']",9
U13243,"['U4197', 'U2995', 'U3899', 'U12444', 'U14901']",5
U13244,"['U34', 'U1104', 'U985', 'U1260', 'U8435']",5
U13245,"['U14602', 'U11042', 'U12006', 'U12552', 'U150', 'U12345', 'U1035', 'U9853', 'U3431', 'U8404', 'U4111']",11
U13246,"['U5932', 'U3742', 'U8477']",3
U13247,"['U8602', 'U14965', 'U13248']",3
U13248,"['U5144', 'U14322']",2
U13249,"['U464', 'U74']",2
U13250,"['U4670', 'U11733', 'U2292', 'U4724']",4
U13251,"['U2046', 'U7113', 'U8018', 'U4648']",4
U13252,"['U13163', 'U13917', 'U7293', 'U3176', 'U14281']",5
U13253,"['U6161', 'U5129', 'U2638', 'U1771', 'U8229', 'U8973', 'U2445', 'U1846']",8
U13254,"['U9906', 'U2166', 'U2925']",3
U13255,"['U7311', 'U7648', 'U7147', 'U11610', 'U596', 'U10317', 'U13504']",7
U13256,['U12838'],1
U13257,"['U6218', 'U9489', 'U9739', 'U8555']",4
U13258,"['U3187', 'U8938', 'U6739', 'U2751']",4
U13259,"['U959', 'U9243', 'U1665', 'U182', 'U8977', 'U8385']",6
U13260,"['U12871', 'U227', 'U1878', 'U10087', 'U8020', 'U11788']",6
U13261,"['U7767', 'U6964', 'U3020', 'U1907']",4
U13262,"['U2179', 'U5018', 'U13090', 'U7920']",4
U13263,"['U12416', 'U8452']",2
U13264,"['U2245', 'U3235', 'U6521']",3
U13265,"['U1112', 'U11415', 'U11427', 'U12068', 'U11811', 'U909', 'U12234']",7
U13266,"['U408', 'U4507']",2
U13267,"['U8270', 'U14201', 'U9523', 'U5756', 'U11810', 'U2416']",6
U13268,"['U12067', 'U11146', 'U255', 'U5002']",4
U13269,"['U5415', 'U13761', 'U10059']",3
U13270,"['U1132', 'U9880', 'U871']",3
U13271,"['U14068', 'U6825', 'U8775', 'U6655', 'U14439', 'U2097']",6
U13272,"['U9623', 'U6162', 'U170', 'U2653', 'U10667', 'U8527']",6
U13273,"['U3177', 'U13244', 'U3060', 'U2952', 'U8820', 'U9862', 'U6418']",7
U13274,['U847'],1
U13275,"['U10375', 'U2950', 'U14267']",3
U13276,"['U1796', 'U7420', 'U8960', 'U3618']",4
U13277,"['U10728', 'U4716', 'U3065']",3
U13278,"['U12716', 'U8021', 'U1391', 'U14472', 'U9891', 'U3177']",6
U13279,"['U9076', 'U12537', 'U11104', 'U13935', 'U727']",5
U13280,"['U13520', 'U4046', 'U9530', 'U4749', 'U9378']",5
U13281,"['U10645', 'U4378', 'U3908', 'U4802', 'U11114', 'U1937', 'U4228', 'U1342', 'U9519']",9
U13282,"['U12868', 'U7267', 'U8255', 'U12148', 'U1707']",5
U13283,['U4060'],1
U13284,"['U2011', 'U6154', 'U1079', 'U3768', 'U12136', 'U2593', 'U13603']",7
U13285,"['U701', 'U13073', 'U7010', 'U4358', 'U13234', 'U2695']",6
U13286,"['U5391', 'U1254']",2
U13287,"['U114', 'U10686', 'U12265', 'U10419', 'U14109', 'U10994']",6
U13288,"['U9855', 'U9871', 'U290']",3
U13289,"['U6859', 'U5470', 'U3529', 'U9207', 'U4625', 'U3308', 'U2321', 'U7597', 'U10030', 'U8305', 'U822', 'U14089']",12
U13290,"['U1213', 'U2762']",2
U13291,"['U8297', 'U12005', 'U6786', 'U6306', 'U9146']",5
U13292,"['U1576', 'U1361', 'U205']",3
U13293,"['U9358', 'U3456', 'U8071']",3
U13294,"['U10227', 'U3012', 'U10993', 'U5292', 'U9169', 'U7016', 'U1691', 'U969', 'U2982']",9
U13295,"['U10230', 'U7546', 'U14137', 'U2612', 'U9750', 'U5016']",6
U13296,"['U12992', 'U5652', 'U177', 'U6987', 'U1526', 'U685', 'U8139']",7
U13297,"['U5569', 'U3991', 'U4372', 'U437']",4
U13298,"['U14202', 'U10663', 'U14087', 'U7772', 'U2973']",5
U13299,"['U2108', 'U14744', 'U9901']",3
U13300,"['U10736', 'U7613', 'U2968']",3
U13301,"['U10462', 'U4370', 'U9539']",3
U13302,"['U14980', 'U1145', 'U13865', 'U14886', 'U8047', 'U13859']",6
U13303,['U8642'],1
U13304,"['U11505', 'U12533', 'U352', 'U4001', 'U7268', 'U5970']",6
U13305,"['U10638', 'U11094', 'U728']",3
U13306,"['U10478', 'U113', 'U1406', 'U9619']",4
U13307,"['U10866', 'U4536', 'U1245', 'U13621']",4
U13308,['U7629'],1
U13309,"['U8240', 'U2549']",2
U13310,"['U12391', 'U2630', 'U5352', 'U12204', 'U13455', 'U2861', 'U11722', 'U1145', 'U14066', 'U6367']",10
U13311,"['U4050', 'U14521', 'U11123', 'U4061', 'U13279', 'U14521', 'U9085', 'U9053']",8
U13312,"['U14644', 'U11591', 'U2385', 'U8448', 'U13337']",5
U13313,"['U12938', 'U6007', 'U9291', 'U793', 'U2348', 'U6400', 'U12794', 'U1341']",8
U13314,"['U6258', 'U4551', 'U1011', 'U13715', 'U3539']",5
U13315,"['U13828', 'U13140', 'U8935', 'U2249']",4
U13316,['U3381'],1
U13317,"['U3575', 'U13192', 'U1570']",3
U13318,"['U14897', 'U4028', 'U95', 'U9130', 'U2146', 'U10025']",6
U13319,['U11307'],1
U13320,"['U11323', 'U11581', 'U12342', 'U6459', 'U12778', 'U5220']",6
U13321,"['U9628', 'U4587', 'U4511']",3
U13322,"['U3671', 'U12218']",2
U13323,"['U12876', 'U8047', 'U8168', 'U10033', 'U13433', 'U9544', 'U8057']",7
U13324,"['U2740', 'U14783', 'U9685', 'U7455']",4
U13325,"['U2203', 'U8064', 'U4624', 'U2470', 'U12532', 'U3267', 'U13104']",7
U13326,"['U8857', 'U11728', 'U2244', 'U7545']",4
U13327,"['U2496', 'U380', 'U10832', 'U5061', 'U4502']",5
U13328,"['U11860', 'U7376', 'U5688', 'U11402', 'U11254']",5
U13329,"['U4408', 'U9191', 'U7778', 'U10476', 'U9014']",5
U13330,['U4574'],1
U13331,"['U8156', 'U11868', 'U6037']",3
U13332,"['U66', 'U10024', 'U2764', 'U13402', 'U14106', 'U6038', 'U9378', 'U14751', 'U12119']",9
U13333,"['U5759', 'U8943', 'U8602', 'U14771']",4
U13334,"['U9006', 'U10936', 'U1927']",3
U13335,"['U12729', 'U1407', 'U3729', 'U14472', 'U6017']",5
U13336,"['U3806', 'U2206', 'U1732']",3
U13337,"['U10604', 'U11275', 'U13428', 'U12020', 'U10039', 'U542']",6
U13338,"['U150', 'U3762', 'U5153', 'U14495', 'U6781']",5
U13339,"['U10584', 'U9928', 'U5881', 'U697']",4
U13340,"['U10920', 'U3188', 'U13887', 'U4769', 'U434']",5
U13341,"['U6002', 'U14098', 'U5935', 'U3202']",4
U13342,"['U1193', 'U10381', 'U6494', 'U118', 'U4486', 'U4568', 'U8512', 'U1744', 'U7238', 'U10183']",10
U13343,[],0
U13344,"['U11941', 'U3487', 'U13099', 'U6649', 'U11997', 'U9304']",6
U13345,"['U13764', 'U12642', 'U11978', 'U4474']",4
U13346,['U209'],1
U13347,"['U80', 'U12161', 'U3098', 'U7884', 'U6571', 'U14880', 'U14397']",7
U13348,"['U5148', 'U13699', 'U1682', 'U7269']",4
U13349,"['U10407', 'U8414', 'U1719', 'U821']",4
U13350,"['U6922', 'U10887', 'U2920', 'U10697', 'U2251', 'U7619']",6
U13351,"['U46', 'U14323', 'U10985', 'U5520']",4
U13352,"['U7965', 'U7288', 'U13057', 'U6236', 'U11869']",5
U13353,"['U14608', 'U5418', 'U4759', 'U6285']",4
U13354,"['U8341', 'U14130', 'U14096', 'U12702']",4
U13355,"['U3295', 'U86', 'U12113', 'U6188', 'U7098', 'U6366', 'U13479']",7
U13356,"['U13486', 'U11470', 'U694', 'U4628', 'U4896', 'U183']",6
U13357,"['U8297', 'U1051', 'U4175', 'U5701']",4
U13358,"['U3037', 'U6440', 'U433', 'U14235', 'U14229', 'U10132', 'U10795', 'U1105', 'U4456']",9
U13359,"['U6571', 'U9038', 'U1129', 'U407']",4
U13360,"['U2895', 'U2333']",2
U13361,"['U6761', 'U3994', 'U14457', 'U12109', 'U7213']",5
U13362,"['U12130', 'U7316', 'U11700', 'U13223']",4
U13363,"['U12175', 'U13749', 'U2789', 'U8880']",4
U13364,['U8429'],1
U13365,"['U464', 'U1886', 'U13538', 'U13302', 'U13581', 'U14363', 'U9740']",7
U13366,"['U11148', 'U4838', 'U7696', 'U8924', 'U8100', 'U7554']",6
U13367,"['U5704', 'U6094']",2
U13368,"['U10237', 'U5963', 'U11055', 'U12686', 'U10030', 'U9782', 'U14674', 'U9814', 'U7024']",9
U13369,"['U13421', 'U7499', 'U7091', 'U11692', 'U11741']",5
U13370,"['U8046', 'U11712', 'U9452', 'U7042', 'U3996']",5
U13371,"['U11894', 'U12593', 'U8799', 'U12512']",4
U13372,['U1124'],1
U13373,"['U5291', 'U10154', 'U1956', 'U11320', 'U3367', 'U8000', 'U1411', 'U30', 'U7548']",9
U13374,"['U11161', 'U203', 'U6424', 'U3179', 'U7270']",5
U13375,"['U13848', 'U7735', 'U1739', 'U11337', 'U5322', 'U160', 'U14073', 'U5505', 'U8043']",9
U13376,"['U12214', 'U6126', 'U8503', 'U3870', 'U3482']",5
U13377,"['U9892', 'U14522', 'U4637', 'U2306', 'U4807', 'U8122', 'U13381', 'U2122']",8
U13378,"['U6696', 'U11996', 'U10248', 'U14488']",4
U13379,['U2251'],1
U13380,"['U13993', 'U12520', 'U7297']",3
U13381,"['U13948', 'U5132', 'U6165', 'U11559', 'U14638', 'U8260']",6
U13382,['U3058'],1
U13383,"['U8398', 'U6915', 'U3392', 'U5851', 'U3142', 'U14733']",6
U13384,"['U1561', 'U1414']",2
U13385,"['U14590', 'U13212', 'U5160', 'U10890']",4
U13386,"['U11736', 'U4869', 'U7453', 'U6304']",4
U13387,"['U11101', 'U10444']",2
U13388,"['U11962', 'U13489']",2
U13389,"['U14171', 'U4108', 'U9593', 'U1906', 'U7510', 'U5143', 'U4978', 'U14891', 'U2398', 'U13791']",10
U13390,"['U4170', 'U13368', 'U494', 'U5825', 'U12081', 'U1532', 'U11891', 'U14912', 'U12818']",9
U13391,"['U10597', 'U8454', 'U6794']",3
U13392,"['U5267', 'U5940', 'U11361']",3
U13393,"['U6121', 'U13576', 'U6936', 'U11764']",4
U13394,"['U11377', 'U11846', 'U13291', 'U3572']",4
U13395,"['U6982', 'U12572', 'U4524']",3
U13396,"['U5779', 'U12124', 'U3795', 'U2044', 'U1733', 'U7842', 'U4377', 'U13253', 'U5548', 'U6901']",10
U13397,"['U8944', 'U11035', 'U4463', 'U9178']",4
U13398,"['U12622', 'U3983', 'U4999']",3
U13399,"['U4355', 'U6444', 'U2081', 'U9648']",4
U13400,"['U9301', 'U9450']",2
U13401,"['U7298', 'U5984', 'U4566', 'U5265']",4
U13402,"['U6507', 'U9201']",2
U13403,"['U3522', 'U1354', 'U943', 'U3715', 'U9416', 'U3576']",6
U13404,"['U8108', 'U7738', 'U10942', 'U1776']",4
U13405,"['U4994', 'U10878', 'U1769', 'U8905', 'U10306', 'U10260']",6
U13406,"['U7733', 'U14066', 'U8177']",3
U13407,"['U2472', 'U13002', 'U8567', 'U6165', 'U4693', 'U2432']",6
U13408,"['U6879', 'U4273', 'U3244', 'U9410', 'U4900']",5
U13409,"['U617', 'U8669', 'U13249', 'U12034', 'U1489']",5
U13410,"['U7937', 'U13067', 'U11570', 'U6584', 'U4742']",5
U13411,"['U14839', 'U7173', 'U14861', 'U10556', 'U4757', 'U9931', 'U7336']",7
U13412,"['U8389', 'U8105', 'U1347']",3
U13413,"['U10303', 'U7068', 'U1470', 'U1389', 'U11583', 'U3332']",6
U13414,"['U13997', 'U924']",2
U13415,"['U8416', 'U2201', 'U14277', 'U9107', 'U110']",5
U13416,"['U9093', 'U9542', 'U12242', 'U2438', 'U5016']",5
U13417,"['U3037', 'U11808', 'U14678', 'U8141', 'U4386', 'U5316']",6
U13418,"['U5404', 'U12058', 'U10503', 'U14892', 'U2758', 'U7210', 'U6445', 'U3266']",8
U13419,"['U1049', 'U6397', 'U11052', 'U14986', 'U8563', 'U14220', 'U13204']",7
U13420,"['U3023', 'U5198', 'U7867', 'U6350', 'U4299', 'U4352']",6
U13421,"['U8562', 'U4358', 'U5697', 'U8647', 'U12180', 'U5583', 'U3719']",7
U13422,"['U366', 'U13272', 'U14987']",3
U13423,"['U2053', 'U12170']",2
U13424,"['U11875', 'U1087']",2
U13425,"['U8430', 'U5112', 'U1028', 'U1956']",4
U13426,"['U11765', 'U2429', 'U14049', 'U10861']",4
U13427,"['U12479', 'U14073', 'U11829', 'U7063', 'U6853', 'U11682', 'U10560']",7
U13428,"['U7190', 'U2302', 'U13030', 'U11908', 'U13680', 'U6813', 'U8277', 'U5088']",8
U13429,"['U14868', 'U3731', 'U10216', 'U7315']",4
U13430,"['U6504', 'U6565', 'U5587']",3
U13431,"['U8160', 'U2422', 'U847', 'U7605', 'U893', 'U338', 'U715', 'U13321', 'U14998']",9
U13432,"['U5888', 'U3937']",2
U13433,"['U2510', 'U8779', 'U12854', 'U5813', 'U3255']",5
U13434,"['U14483', 'U3855', 'U6034', 'U11277', 'U452']",5
U13435,"['U9554', 'U669', 'U9316', 'U9170', 'U3963', 'U12410', 'U5020', 'U2198', 'U9699', 'U10634', 'U3972', 'U7313', 'U9395']",13
U13436,"['U263', 'U12683', 'U9769', 'U1859']",4
U13437,"['U9923', 'U10641', 'U4048', 'U5287', 'U10853', 'U3410', 'U7709', 'U1351', 'U1764']",9
U13438,"['U4433', 'U10879']",2
U13439,"['U10168', 'U10589', 'U6410', 'U11472', 'U13563', 'U9651']",6
U13440,"['U11669', 'U9386', 'U14881', 'U10154', 'U10242']",5
U13441,"['U9723', 'U6187']",2
U13442,"['U9642', 'U4675', 'U1475', 'U12139', 'U7664', 'U6483', 'U1468']",7
U13443,"['U1489', 'U14685', 'U12492', 'U4287', 'U3862', 'U1080']",6
U13444,"['U3593', 'U4866']",2
U13445,"['U11935', 'U6878', 'U136', 'U9544', 'U4195', 'U12106', 'U548']",7
U13446,"['U7438', 'U11605', 'U8006', 'U4661', 'U536']",5
U13447,"['U2980', 'U1522', 'U4602', 'U1227']",4
U13448,"['U7479', 'U1991', 'U13692', 'U12551', 'U3489', 'U12569', 'U11509', 'U11991']",8
U13449,"['U12677', 'U13397']",2
U13450,"['U7373', 'U1647']",2
U13451,"['U997', 'U9902', 'U12701', 'U5476', 'U9118', 'U12135']",6
U13452,"['U841', 'U6870', 'U3045', 'U9533', 'U8823', 'U14784', 'U4427', 'U3816', 'U11114', 'U3278']",10
U13453,"['U1123', 'U2349', 'U14946', 'U11225']",4
U13454,"['U3415', 'U9207', 'U10124', 'U9747', 'U3701', 'U8333', 'U214', 'U4076', 'U4866', 'U411', 'U1610']",11
U13455,"['U13900', 'U10954', 'U13734', 'U12540', 'U5953']",5
U13456,"['U632', 'U14391', 'U2511', 'U12641']",4
U13457,"['U2323', 'U8229', 'U11528', 'U2048']",4
U13458,"['U12207', 'U6752']",2
U13459,"['U4105', 'U13880', 'U6080']",3
U13460,"['U2752', 'U4111', 'U8690', 'U3107']",4
U13461,"['U7058', 'U12676']",2
U13462,"['U5267', 'U8858', 'U14245', 'U1367', 'U5609', 'U3628', 'U8172', 'U11217']",8
U13463,"['U14174', 'U14898', 'U3913', 'U5275']",4
U13464,"['U2244', 'U8431']",2
U13465,"['U6652', 'U1029', 'U1287']",3
U13466,['U6688'],1
U13467,"['U14147', 'U6353', 'U12090', 'U8578', 'U8297', 'U10791', 'U12795']",7
U13468,['U14336'],1
U13469,"['U11214', 'U3336', 'U12808', 'U5035', 'U14939', 'U10262', 'U4500']",7
U13470,"['U12710', 'U6173', 'U4906', 'U10515', 'U5011', 'U8939', 'U2406']",7
U13471,"['U11035', 'U5515', 'U2585', 'U8897', 'U12457']",5
U13472,"['U4669', 'U11469', 'U11617']",3
U13473,"['U6039', 'U9266', 'U1136', 'U12913', 'U6215', 'U10996', 'U4522', 'U9063']",8
U13474,"['U2776', 'U13344']",2
U13475,['U13764'],1
U13476,"['U5219', 'U5601', 'U4768', 'U2407', 'U7425', 'U9252', 'U5622']",7
U13477,"['U13591', 'U7527', 'U5604', 'U1715', 'U14061', 'U9307']",6
U13478,"['U5051', 'U14746', 'U909', 'U129', 'U3795', 'U10233']",6
U13479,"['U383', 'U11442', 'U12697', 'U7268']",4
U13480,"['U13546', 'U6974', 'U10416']",3
U13481,"['U7347', 'U11561', 'U597', 'U12431', 'U2099', 'U12049']",6
U13482,"['U351', 'U10071', 'U3484', 'U7153']",4
U13483,['U6667'],1
U13484,"['U8428', 'U12514']",2
U13485,"['U13380', 'U9160', 'U5263']",3
U13486,"['U1185', 'U9778', 'U7075']",3
U13487,"['U10472', 'U9983', 'U9711', 'U14233', 'U11808', 'U11054', 'U11032', 'U7740', 'U10247', 'U12720']",10
U13488,"['U9616', 'U14721', 'U9926', 'U14185', 'U11150', 'U8550', 'U4397']",7
U13489,"['U5136', 'U14801', 'U11592', 'U2984', 'U10296', 'U6819', 'U6212']",7
U13490,['U12150'],1
U13491,"['U13316', 'U2249', 'U7460', 'U10769']",4
U13492,"['U4897', 'U13022', 'U3240', 'U1780']",4
U13493,"['U4822', 'U9604', 'U3858', 'U13994', 'U1487', 'U3544', 'U14645']",7
U13494,"['U298', 'U2821', 'U6758', 'U12825']",4
U13495,"['U10947', 'U12214', 'U13461']",3
U13496,['U13949'],1
U13497,"['U14253', 'U12016', 'U2881', 'U953', 'U10521', 'U6632', 'U13367']",7
U13498,"['U10957', 'U11790']",2
U13499,"['U13299', 'U7149', 'U2281', 'U2113', 'U9587', 'U4909', 'U1675', 'U8962', 'U12820']",9
U13500,"['U9872', 'U13776']",2
U13501,"['U11918', 'U6812', 'U5116', 'U1279', 'U14960']",5
U13502,"['U12445', 'U4129', 'U8455', 'U8240', 'U6363', 'U169', 'U5957', 'U13302']",8
U13503,"['U1436', 'U1501']",2
U13504,"['U3763', 'U10767', 'U12979']",3
U13505,"['U13135', 'U8276', 'U13894', 'U1026', 'U9476', 'U3659']",6
U13506,"['U5426', 'U7382', 'U16', 'U2145', 'U507']",5
U13507,"['U9086', 'U9226']",2
U13508,"['U10595', 'U3214', 'U12634']",3
U13509,"['U9608', 'U3106', 'U5615']",3
U13510,"['U7151', 'U10030', 'U10039', 'U9849', 'U2506', 'U11000', 'U9782', 'U7281', 'U5662', 'U11325', 'U6001', 'U8012']",12
U13511,['U13742'],1
U13512,"['U7282', 'U8512', 'U3235', 'U13818']",4
U13513,['U9601'],1
U13514,"['U9798', 'U10133', 'U4899', 'U11943', 'U9222', 'U1601']",6
U13515,"['U14291', 'U3642', 'U1205', 'U10088', 'U6240']",5
U13516,"['U9268', 'U13342', 'U6387']",3
U13517,"['U12931', 'U5325', 'U10443', 'U1071', 'U4883', 'U720', 'U5019', 'U11152']",8
U13518,"['U8871', 'U12129', 'U10093', 'U6186', 'U7708', 'U14132']",6
U13519,"['U11225', 'U8520', 'U14770', 'U4770', 'U1160']",5
U13520,"['U14003', 'U1154', 'U2301', 'U2273', 'U2611', 'U4535', 'U13706']",7
U13521,"['U7255', 'U5749', 'U2972', 'U6873', 'U4184']",5
U13522,"['U5363', 'U12540', 'U4170', 'U3029', 'U2550']",5
U13523,['U5376'],1
U13524,"['U12988', 'U3629', 'U6583', 'U9080', 'U9769', 'U1709']",6
U13525,['U822'],1
U13526,"['U7850', 'U9547', 'U5824', 'U4056', 'U4539', 'U3292']",6
U13527,"['U14468', 'U4083', 'U7755', 'U10776', 'U951', 'U5287']",6
U13528,"['U5323', 'U4594', 'U11391', 'U9406', 'U13507', 'U9756', 'U4153', 'U14938', 'U6107', 'U12619', 'U2985']",11
U13529,"['U7732', 'U8358', 'U4545', 'U5934', 'U12451', 'U3126', 'U11326', 'U3111']",8
U13530,"['U10160', 'U3594', 'U6890', 'U14577', 'U4387']",5
U13531,"['U690', 'U1741']",2
U13532,"['U12642', 'U8273', 'U398', 'U1280', 'U4058', 'U2807']",6
U13533,"['U10558', 'U3270', 'U6543', 'U4750']",4
U13534,"['U6680', 'U11372', 'U8632', 'U7714', 'U7412', 'U12314']",6
U13535,"['U2254', 'U1379', 'U3649']",3
U13536,"['U14466', 'U1193', 'U6505', 'U2038']",4
U13537,"['U4930', 'U2116', 'U11523', 'U11415', 'U10831']",5
U13538,"['U3785', 'U12676', 'U2890', 'U4507']",4
U13539,"['U11810', 'U2022', 'U9834', 'U1942', 'U6910']",5
U13540,"['U8315', 'U14181', 'U3727', 'U917', 'U4805', 'U9727', 'U4433']",7
U13541,"['U64', 'U14687', 'U11928', 'U13127', 'U4224']",5
U13542,"['U1800', 'U5135', 'U3929', 'U5123', 'U13677']",5
U13543,"['U11138', 'U12399', 'U13393']",3
U13544,"['U12851', 'U1956', 'U13184', 'U12581', 'U4129']",5
U13545,"['U13824', 'U9196', 'U1697', 'U8872', 'U11834', 'U3406']",6
U13546,"['U14573', 'U12748', 'U6958', 'U14949', 'U6401', 'U7509', 'U10533', 'U5333']",8
U13547,"['U3213', 'U13539', 'U5732', 'U7837', 'U3031', 'U7336']",6
U13548,"['U5370', 'U11985', 'U8195', 'U14131', 'U13388', 'U10846', 'U10108', 'U2500', 'U4645']",9
U13549,"['U14400', 'U6695', 'U4175']",3
U13550,"['U9389', 'U6419']",2
U13551,"['U3712', 'U5710', 'U14160']",3
U13552,"['U14922', 'U8473', 'U14496', 'U14496', 'U12058', 'U7610', 'U3598']",7
U13553,"['U13367', 'U2926', 'U4826']",3
U13554,"['U6952', 'U8282', 'U7314', 'U3374', 'U3405', 'U6453']",6
U13555,"['U6362', 'U14043', 'U740', 'U2580', 'U4488']",5
U13556,"['U3003', 'U1216', 'U4146', 'U1924', 'U11274', 'U8562', 'U10491', 'U11015']",8
U13557,"['U2590', 'U7181', 'U10276']",3
U13558,"['U9001', 'U11101', 'U13782', 'U14262', 'U6010', 'U11721']",6
U13559,"['U12624', 'U14003', 'U10391', 'U8080', 'U7802']",5
U13560,"['U14249', 'U8986', 'U2741', 'U7876']",4
U13561,"['U9711', 'U12552', 'U2386', 'U6610']",4
U13562,"['U3846', 'U14371', 'U6801', 'U14689']",4
U13563,"['U1464', 'U4158']",2
U13564,['U799'],1
U13565,"['U7524', 'U9414', 'U3711', 'U10300', 'U3669', 'U243', 'U10813', 'U4369', 'U13380', 'U10174']",10
U13566,"['U10135', 'U8600', 'U10684', 'U6028', 'U14749', 'U8737', 'U14576', 'U8434']",8
U13567,"['U4706', 'U10053', 'U1303', 'U2072', 'U3234']",5
U13568,"['U4203', 'U3280', 'U5998', 'U9980', 'U7404', 'U11774']",6
U13569,"['U4249', 'U1059']",2
U13570,"['U881', 'U2162', 'U10795']",3
U13571,"['U14830', 'U11929', 'U10590', 'U1149', 'U12426']",5
U13572,"['U5967', 'U11383', 'U4712']",3
U13573,"['U1087', 'U6261', 'U414', 'U10112', 'U11096']",5
U13574,"['U14262', 'U672', 'U6404', 'U13064', 'U14912', 'U5732']",6
U13575,"['U6868', 'U13287', 'U12835', 'U13212']",4
U13576,"['U1144', 'U7351', 'U14004']",3
U13577,"['U1576', 'U9046', 'U12291']",3
U13578,"['U6521', 'U9615', 'U7824']",3
U13579,"['U8523', 'U4474', 'U9593', 'U14840', 'U2909', 'U14984', 'U7691', 'U4758']",8
U13580,"['U933', 'U7194', 'U12252']",3
U13581,"['U5758', 'U7114']",2
U13582,"['U13965', 'U1742', 'U6290', 'U3529', 'U7609']",5
U13583,"['U8000', 'U5583', 'U2743', 'U1829']",4
U13584,"['U12057', 'U1165', 'U12888', 'U4972', 'U9138', 'U7618', 'U7582']",7
U13585,"['U14170', 'U2957']",2
U13586,"['U12944', 'U8132', 'U7957', 'U374', 'U1794', 'U14132']",6
U13587,"['U4721', 'U1474']",2
U13588,"['U11928', 'U395', 'U13503']",3
U13589,[],0
U13590,"['U12222', 'U14400']",2
U13591,"['U11755', 'U860', 'U3293', 'U3548']",4
U13592,"['U5453', 'U85']",2
U13593,"['U12854', 'U10369', 'U12226']",3
U13594,"['U5128', 'U10594', 'U6744', 'U9245', 'U12466', 'U9567', 'U3467']",7
U13595,"['U13540', 'U4870', 'U12721', 'U955']",4
U13596,"['U3227', 'U13006', 'U3029', 'U9613', 'U831', 'U9164']",6
U13597,"['U14760', 'U5087', 'U6897', 'U6772', 'U3683', 'U1209', 'U12615']",7
U13598,"['U2455', 'U14412', 'U5449', 'U10498', 'U2504', 'U4428', 'U6966']",7
U13599,"['U7909', 'U7330']",2
U13600,"['U9882', 'U12972', 'U1512', 'U12400', 'U6135', 'U10566', 'U14355']",7
U13601,"['U7824', 'U13632', 'U13623', 'U4138', 'U2969', 'U6595', 'U14904', 'U3186']",8
U13602,"['U13956', 'U7818', 'U8911', 'U4386']",4
U13603,"['U1014', 'U7996', 'U8979', 'U10647', 'U12558']",5
U13604,"['U7781', 'U13948', 'U13735', 'U252', 'U2404', 'U12763', 'U6074']",7
U13605,"['U5770', 'U1161', 'U5847', 'U6035', 'U1255', 'U4421']",6
U13606,"['U1865', 'U4567', 'U8151']",3
U13607,"['U10528', 'U6667', 'U14240', 'U1625', 'U5847', 'U11957', 'U7996', 'U6323', 'U5627']",9
U13608,"['U9396', 'U7301', 'U6704', 'U7315']",4
U13609,"['U12409', 'U7596', 'U14567', 'U14102', 'U13688']",5
U13610,"['U2593', 'U9193', 'U9216', 'U6076']",4
U13611,"['U1871', 'U7608', 'U13342']",3
U13612,"['U5098', 'U3913', 'U13721', 'U13577']",4
U13613,"['U7874', 'U14400', 'U14400']",3
U13614,"['U11075', 'U3265', 'U1812']",3
U13615,"['U12049', 'U2092', 'U3515']",3
U13616,"['U6485', 'U9447', 'U273', 'U1180', 'U10361', 'U5391']",6
U13617,"['U3001', 'U12678', 'U8950', 'U4887']",4
U13618,['U7515'],1
U13619,[],0
U13620,"['U10550', 'U4421', 'U1827']",3
U13621,['U6195'],1
U13622,"['U4995', 'U3634', 'U3620', 'U12496', 'U3742', 'U6834']",6
U13623,"['U10565', 'U10842', 'U13919', 'U5560']",4
U13624,"['U3234', 'U11185', 'U5354']",3
U13625,"['U8216', 'U2070', 'U1522', 'U2057']",4
U13626,"['U8018', 'U5333', 'U3114', 'U711', 'U10955', 'U2755', 'U11195']",7
U13627,"['U13119', 'U7528', 'U3116', 'U6714']",4
U13628,"['U10898', 'U14424', 'U14469', 'U807']",4
U13629,"['U291', 'U11688', 'U7737', 'U6183', 'U7904', 'U9845', 'U12356']",7
U13630,"['U2056', 'U1447', 'U12110', 'U7359', 'U9901', 'U7593']",6
U13631,"['U1023', 'U1316']",2
U13632,"['U13894', 'U9545', 'U1690', 'U9775', 'U11306']",5
U13633,"['U3901', 'U8826', 'U10220', 'U8128', 'U11742']",5
U13634,"['U3264', 'U4471', 'U4649', 'U1909', 'U10624', 'U7648', 'U9694', 'U716']",8
U13635,"['U13223', 'U8708', 'U14176', 'U12489', 'U6710', 'U14237']",6
U13636,"['U13191', 'U4700', 'U598', 'U6037', 'U10945', 'U14649']",6
U13637,"['U3262', 'U7325', 'U5238']",3
U13638,"['U13088', 'U11952']",2
U13639,"['U1474', 'U8723', 'U13498', 'U2018', 'U14168', 'U3770']",6
U13640,"['U4514', 'U8696', 'U1735']",3
U13641,"['U8216', 'U1746']",2
U13642,"['U13895', 'U6883', 'U7566', 'U8828', 'U9896', 'U4594', 'U7985']",7
U13643,"['U5107', 'U12865', 'U9246', 'U9006']",4
U13644,"['U10296', 'U307']",2
U13645,"['U10127', 'U12399', 'U10626', 'U8575', 'U14797', 'U14984']",6
U13646,"['U5169', 'U14681', 'U9212']",3
U13647,"['U8443', 'U1585', 'U11075', 'U10996', 'U11892']",5
U13648,"['U10605', 'U8261', 'U11180', 'U7611']",4
U13649,"['U1873', 'U12919', 'U14068', 'U1769', 'U1461']",5
U13650,"['U11884', 'U10683', 'U9623', 'U11145', 'U8914', 'U894']",6
U13651,"['U6723', 'U8631', 'U5104']",3
U13652,"['U6411', 'U11366', 'U14307', 'U8231']",4
U13653,"['U5034', 'U14261']",2
U13654,"['U1518', 'U1058', 'U12200', 'U9550', 'U8719', 'U8371']",6
U13655,"['U3431', 'U12306', 'U10829', 'U6421', 'U7122', 'U5130']",6
U13656,"['U508', 'U3038', 'U2309', 'U8119', 'U2420']",5
U13657,"['U13686', 'U394', 'U7436']",3
U13658,"['U7951', 'U12458', 'U3499', 'U9083']",4
U13659,"['U9468', 'U3116', 'U8466', 'U424', 'U13748', 'U10764', 'U2796', 'U3909', 'U3639', 'U3696']",10
U13660,"['U9199', 'U13661', 'U6681']",3
U13661,"['U5428', 'U180', 'U13700']",3
U13662,"['U9591', 'U9606']",2
U13663,"['U10434', 'U6277', 'U818']",3
U13664,"['U8847', 'U8260']",2
U13665,['U11197'],1
U13666,"['U3916', 'U8886', 'U13987', 'U9765', 'U12442', 'U6212', 'U1457']",7
U13667,"['U12102', 'U8689', 'U11236', 'U5534']",4
U13668,"['U2361', 'U9981', 'U8618', 'U2048', 'U11748', 'U5762']",6
U13669,"['U8427', 'U2408', 'U3004']",3
U13670,"['U13729', 'U7588', 'U1348', 'U5065']",4
U13671,"['U1572', 'U12630', 'U10287', 'U5149', 'U7848', 'U12853', 'U13687']",7
U13672,"['U10109', 'U7172', 'U5489', 'U6008']",4
U13673,"['U7284', 'U788', 'U6494']",3
U13674,"['U13967', 'U1765', 'U11805', 'U13142', 'U13711', 'U13101', 'U14669', 'U11009']",8
U13675,"['U2451', 'U2099', 'U10417']",3
U13676,"['U6092', 'U12737', 'U10951', 'U1421', 'U2376']",5
U13677,"['U9592', 'U5992', 'U4641', 'U6157']",4
U13678,"['U14838', 'U6512', 'U588', 'U14049', 'U1254', 'U5478']",6
U13679,"['U3093', 'U7483', 'U1136', 'U14061', 'U12323', 'U5003']",6
U13680,"['U8820', 'U3366']",2
U13681,"['U3898', 'U5134', 'U4230', 'U1730', 'U13750']",5
U13682,"['U12474', 'U7749', 'U9530', 'U8128']",4
U13683,"['U10476', 'U11786', 'U8643']",3
U13684,"['U4436', 'U14310', 'U13915', 'U3787', 'U13118']",5
U13685,"['U3870', 'U12516', 'U9952', 'U8586']",4
U13686,"['U1736', 'U5416', 'U1928', 'U3175']",4
U13687,"['U13725', 'U2100', 'U11563', 'U8150', 'U7144', 'U12263']",6
U13688,"['U11612', 'U3341', 'U4162', 'U10874']",4
U13689,"['U58', 'U13974', 'U2528', 'U8884', 'U2411', 'U3010', 'U3076', 'U4784', 'U9196']",9
U13690,"['U8018', 'U1240', 'U11778']",3
U13691,"['U12787', 'U14572', 'U3907', 'U218']",4
U13692,"['U8386', 'U12690', 'U322', 'U5928', 'U14304']",5
U13693,"['U1650', 'U4397', 'U2368', 'U3984', 'U12013', 'U10940']",6
U13694,"['U8573', 'U5590', 'U13820', 'U14185', 'U5972', 'U55', 'U12706', 'U6723', 'U3449']",9
U13695,"['U2246', 'U8494', 'U9058', 'U4514', 'U9043']",5
U13696,"['U4566', 'U13114', 'U4634', 'U8002', 'U6335']",5
U13697,"['U991', 'U7303', 'U7347', 'U5641']",4
U13698,['U10064'],1
U13699,"['U2130', 'U6918', 'U13142']",3
U13700,"['U8144', 'U4512', 'U3881', 'U12531', 'U8744', 'U6657']",6
U13701,"['U8588', 'U11683', 'U10151', 'U6308', 'U10331']",5
U13702,"['U1814', 'U10155', 'U12207', 'U1893', 'U3528', 'U9780', 'U9301', 'U14139', 'U3014', 'U12904']",10
U13703,"['U7554', 'U12153', 'U1280', 'U12682', 'U6770', 'U8947', 'U973']",7
U13704,['U6039'],1
U13705,"['U7802', 'U1262', 'U6902', 'U12820', 'U9415', 'U14591', 'U3267', 'U5312', 'U7784', 'U8666']",10
U13706,"['U2133', 'U14', 'U2473', 'U10340']",4
U13707,['U11481'],1
U13708,"['U14219', 'U13376', 'U6717', 'U10848']",4
U13709,"['U12382', 'U2948', 'U9725', 'U10955', 'U13926', 'U6516']",6
U13710,"['U3889', 'U487', 'U3721']",3
U13711,"['U10992', 'U7190', 'U9535', 'U6272', 'U8059']",5
U13712,"['U10556', 'U298', 'U11886']",3
U13713,"['U785', 'U9351', 'U709', 'U11214', 'U6963', 'U5901', 'U851']",7
U13714,"['U6634', 'U14954', 'U14204', 'U154', 'U176', 'U2126']",6
U13715,"['U6101', 'U11361', 'U4873', 'U8242']",4
U13716,"['U650', 'U1243', 'U5270', 'U401']",4
U13717,"['U719', 'U5508', 'U12304', 'U4980']",4
U13718,"['U12466', 'U8943', 'U9036']",3
U13719,"['U3128', 'U170', 'U2600', 'U7990', 'U7150', 'U12068', 'U8232']",7
U13720,"['U14646', 'U12463', 'U5636', 'U12616', 'U13767', 'U11137', 'U10010', 'U185']",8
U13721,"['U12375', 'U13483']",2
U13722,"['U3567', 'U10292', 'U8282', 'U777']",4
U13723,[],0
U13724,"['U6993', 'U12644']",2
U13725,"['U1942', 'U2024', 'U13051', 'U2022', 'U11804']",5
U13726,"['U11512', 'U9870', 'U3103', 'U6763']",4
U13727,"['U3672', 'U2479']",2
U13728,"['U1171', 'U1940', 'U6364', 'U1243']",4
U13729,"['U11832', 'U14026', 'U1562', 'U13396']",4
U13730,"['U2708', 'U10496', 'U3690', 'U4721']",4
U13731,"['U7021', 'U13508']",2
U13732,"['U2304', 'U2114', 'U10638', 'U2925', 'U1963']",5
U13733,"['U5329', 'U12357', 'U14769', 'U736', 'U9418']",5
U13734,"['U9564', 'U9191', 'U9980', 'U11892']",4
U13735,"['U5091', 'U6711', 'U2527', 'U2093']",4
U13736,"['U7017', 'U12148', 'U2770', 'U10672', 'U3777', 'U8490']",6
U13737,"['U10048', 'U7067', 'U7732', 'U4064', 'U2481', 'U2814']",6
U13738,"['U13821', 'U9493', 'U13558', 'U1575', 'U1747', 'U11383']",6
U13739,"['U11723', 'U14298', 'U10726']",3
U13740,"['U13206', 'U12952', 'U2209', 'U2715', 'U441']",5
U13741,"['U4190', 'U10796']",2
U13742,"['U5358', 'U10172', 'U963', 'U8835']",4
U13743,"['U972', 'U1759', 'U10265', 'U12049', 'U11613']",5
U13744,"['U5070', 'U4135', 'U6755', 'U222']",4
U13745,"['U6608', 'U12070', 'U5199', 'U12558', 'U14609']",5
U13746,"['U11694', 'U2115']",2
U13747,"['U1691', 'U4464', 'U9690']",3
U13748,"['U9364', 'U5568', 'U13505', 'U3929', 'U5106']",5
U13749,"['U3367', 'U1036', 'U1536', 'U10923', 'U3532', 'U12713', 'U5194']",7
U13750,"['U6534', 'U6178', 'U8431', 'U4057', 'U8825']",5
U13751,"['U9611', 'U1495', 'U14277']",3
U13752,"['U13414', 'U725', 'U7630', 'U13959', 'U11961', 'U9248', 'U182']",7
U13753,"['U1011', 'U8957', 'U11570', 'U12880']",4
U13754,"['U856', 'U5206', 'U11756']",3
U13755,"['U5238', 'U4221']",2
U13756,"['U14314', 'U12080', 'U148']",3
U13757,"['U4640', 'U1904']",2
U13758,"['U10273', 'U12333']",2
U13759,"['U3247', 'U4421', 'U14915', 'U5351', 'U1009', 'U9766', 'U11412', 'U14586']",8
U13760,"['U13619', 'U9918', 'U9186', 'U14476', 'U5789']",5
U13761,"['U2504', 'U8861', 'U1235', 'U9350', 'U9392', 'U6076']",6
U13762,"['U7748', 'U8081', 'U11076', 'U168']",4
U13763,"['U11103', 'U12843', 'U384', 'U6797']",4
U13764,"['U5693', 'U7683', 'U8883', 'U12654']",4
U13765,"['U7096', 'U2182', 'U9891', 'U8613', 'U2800', 'U7653', 'U5138', 'U4398']",8
U13766,"['U11637', 'U3710', 'U9445', 'U14125']",4
U13767,"['U14787', 'U8885', 'U11328', 'U4988', 'U5407', 'U7646']",6
U13768,"['U4781', 'U11360', 'U8979', 'U67', 'U12854', 'U11605']",6
U13769,"['U5919', 'U4130', 'U6350', 'U13567', 'U1173', 'U14928', 'U14424', 'U11765', 'U13973', 'U10933']",10
U13770,"['U1239', 'U3055', 'U1333', 'U6878', 'U13727']",5
U13771,"['U14730', 'U9734', 'U9999', 'U8394', 'U7211']",5
U13772,['U6136'],1
U13773,"['U6213', 'U2979', 'U1694']",3
U13774,"['U13404', 'U1310', 'U6961', 'U10169', 'U13176']",5
U13775,"['U2844', 'U699', 'U9317']",3
U13776,"['U9323', 'U9617', 'U6174', 'U12049', 'U9039']",5
U13777,['U4917'],1
U13778,"['U9874', 'U3646', 'U897']",3
U13779,"['U6873', 'U12836', 'U3847', 'U1929', 'U3027', 'U3238', 'U12946']",7
U13780,"['U8155', 'U12967']",2
U13781,"['U6980', 'U3560', 'U14126', 'U6933']",4
U13782,"['U10991', 'U8765', 'U14771']",3
U13783,"['U1804', 'U1450', 'U14809', 'U10917', 'U5570']",5
U13784,"['U8719', 'U13939', 'U1249', 'U11939', 'U195', 'U4224', 'U11557', 'U2632']",8
U13785,"['U1734', 'U12058', 'U6026', 'U11140']",4
U13786,"['U14587', 'U10099', 'U5791', 'U11137', 'U1954', 'U3297']",6
U13787,"['U4431', 'U14510']",2
U13788,"['U7578', 'U10924', 'U10200', 'U6108']",4
U13789,"['U9702', 'U2942', 'U10252', 'U14661', 'U72', 'U13109', 'U4464', 'U13335', 'U4669']",9
U13790,"['U452', 'U13592', 'U13565']",3
U13791,"['U12425', 'U4747', 'U4230']",3
U13792,"['U396', 'U5975', 'U2521', 'U3846', 'U8642', 'U2033', 'U2598']",7
U13793,"['U11125', 'U215']",2
U13794,"['U9528', 'U14954', 'U8095', 'U5494', 'U3681']",5
U13795,"['U10399', 'U1522', 'U5335', 'U8774', 'U9819', 'U5191', 'U4975']",7
U13796,"['U7808', 'U10646', 'U14436', 'U6102', 'U10441']",5
U13797,"['U396', 'U11279', 'U3228']",3
U13798,"['U3861', 'U3419', 'U544']",3
U13799,"['U1428', 'U7169', 'U8766', 'U8078']",4
U13800,"['U7289', 'U152', 'U1241', 'U9566', 'U6604', 'U12050', 'U1841']",7
U13801,"['U14424', 'U12080', 'U9741', 'U2792']",4
U13802,"['U11364', 'U11777', 'U11043', 'U11870']",4
U13803,"['U14411', 'U2992', 'U1658', 'U10890', 'U13141']",5
U13804,"['U7860', 'U11203', 'U11374']",3
U13805,"['U6106', 'U10176', 'U7526', 'U11888', 'U14259', 'U9405']",6
U13806,"['U10945', 'U10297', 'U13430', 'U13798', 'U8380', 'U1777']",6
U13807,"['U12599', 'U8734']",2
U13808,"['U9339', 'U8487', 'U3350', 'U3273', 'U7295', 'U14308', 'U2273', 'U7093']",8
U13809,"['U11856', 'U10096', 'U2436', 'U11556', 'U10311']",5
U13810,"['U14101', 'U8662', 'U3538']",3
U13811,"['U1320', 'U1791', 'U4471']",3
U13812,"['U12614', 'U6586', 'U14623', 'U3851', 'U14301', 'U10525', 'U6892']",7
U13813,"['U670', 'U10991', 'U5830', 'U8463', 'U11768']",5
U13814,"['U3161', 'U5796', 'U14595', 'U14376', 'U12182', 'U14951']",6
U13815,"['U1487', 'U6326', 'U12504', 'U2580', 'U13614', 'U5503', 'U6575']",7
U13816,"['U10387', 'U9056', 'U11837', 'U7429', 'U14436', 'U8701', 'U3121']",7
U13817,"['U4876', 'U904', 'U14157', 'U12266']",4
U13818,"['U1826', 'U3325', 'U834', 'U129', 'U13457']",5
U13819,"['U14981', 'U3921', 'U4818']",3
U13820,"['U10477', 'U1311', 'U14023', 'U8243', 'U4265', 'U7149']",6
U13821,"['U7982', 'U4370', 'U6133', 'U10997', 'U5089', 'U7335', 'U14355', 'U13403']",8
U13822,"['U13511', 'U12728', 'U8664', 'U6439', 'U13656', 'U5019', 'U675']",7
U13823,"['U5766', 'U1325', 'U7579', 'U987', 'U9769']",5
U13824,"['U10084', 'U5149', 'U310']",3
U13825,"['U7308', 'U1932', 'U4134', 'U10028', 'U14143', 'U798', 'U4191', 'U10854', 'U7558', 'U1314', 'U11904', 'U12761']",12
U13826,"['U12869', 'U4623']",2
U13827,"['U11081', 'U10688', 'U12855', 'U7785', 'U11192', 'U2217', 'U9276', 'U1650']",8
U13828,"['U7643', 'U12772']",2
U13829,"['U8421', 'U823', 'U13589', 'U10413', 'U8944', 'U13338']",6
U13830,"['U12441', 'U8485']",2
U13831,"['U7270', 'U13854']",2
U13832,"['U9521', 'U2810', 'U5573']",3
U13833,"['U14665', 'U2819', 'U3321', 'U3284']",4
U13834,"['U9894', 'U2236', 'U13951', 'U14774', 'U6293', 'U3383']",6
U13835,"['U11445', 'U12507', 'U8121', 'U3866', 'U5347', 'U4162']",6
U13836,"['U11021', 'U9595', 'U2409', 'U2016', 'U83', 'U7255']",6
U13837,"['U12549', 'U1525', 'U3194', 'U12101', 'U3926', 'U2586', 'U12771']",7
U13838,"['U9627', 'U1247', 'U8145', 'U9319']",4
U13839,"['U5200', 'U5147', 'U4448', 'U9069', 'U6523']",5
U13840,['U11585'],1
U13841,"['U6930', 'U11446', 'U13059', 'U12292', 'U13721', 'U7059', 'U3526', 'U10372']",8
U13842,"['U10601', 'U14184', 'U10719', 'U11434']",4
U13843,"['U12197', 'U14796', 'U467', 'U672']",4
U13844,"['U5392', 'U4728', 'U10753', 'U1947', 'U12206', 'U10451']",6
U13845,"['U2351', 'U6063', 'U3419']",3
U13846,"['U2494', 'U224']",2
U13847,"['U7999', 'U10890', 'U9163', 'U7845', 'U7891', 'U13214']",6
U13848,"['U12862', 'U10214', 'U8827']",3
U13849,"['U6763', 'U8556', 'U14700']",3
U13850,"['U6934', 'U3138', 'U10350']",3
U13851,"['U11736', 'U14958', 'U3028', 'U1756', 'U6111', 'U649']",6
U13852,"['U7270', 'U4948', 'U12486', 'U1255', 'U4608']",5
U13853,"['U282', 'U3022', 'U2510', 'U5789']",4
U13854,"['U13665', 'U4865', 'U14039', 'U1835']",4
U13855,"['U9839', 'U6265', 'U9576']",3
U13856,"['U1512', 'U14349', 'U12766', 'U14303', 'U824', 'U13873', 'U11663']",7
U13857,"['U2813', 'U285', 'U11785', 'U13382', 'U13321', 'U9854', 'U10572', 'U8393']",8
U13858,"['U12414', 'U6807', 'U2960']",3
U13859,"['U13983', 'U8478', 'U14924', 'U12801', 'U14082']",5
U13860,"['U4819', 'U2791', 'U2808', 'U7225', 'U1969', 'U1323', 'U10173']",7
U13861,"['U3245', 'U7286', 'U2222', 'U6556', 'U10931', 'U3003', 'U24']",7
U13862,"['U14503', 'U1794', 'U13206', 'U2009']",4
U13863,"['U2828', 'U6369', 'U7594', 'U11929']",4
U13864,"['U10164', 'U8074', 'U4913', 'U6835', 'U3543', 'U14017']",6
U13865,"['U3969', 'U4645']",2
U13866,"['U2787', 'U1781', 'U13160', 'U7260']",4
U13867,"['U3732', 'U837']",2
U13868,"['U77', 'U7441']",2
U13869,"['U2559', 'U3428', 'U5603', 'U1445', 'U7804', 'U12591', 'U10269', 'U2825']",8
U13870,"['U33', 'U12989']",2
U13871,"['U12507', 'U8000', 'U14585', 'U14848', 'U591']",5
U13872,"['U5738', 'U6484', 'U10837', 'U2762', 'U852', 'U6787', 'U982']",7
U13873,"['U6947', 'U12564', 'U5264', 'U8952', 'U1121', 'U1169', 'U1389']",7
U13874,"['U4118', 'U289', 'U5745', 'U8554', 'U2421', 'U5428', 'U1274']",7
U13875,"['U11849', 'U4276', 'U4589', 'U7456']",4
U13876,"['U13764', 'U12548', 'U10501', 'U13147', 'U13951', 'U14597']",6
U13877,"['U1197', 'U7463', 'U5507', 'U4538', 'U10855', 'U13413', 'U13443', 'U11484']",8
U13878,"['U11914', 'U7964', 'U11851', 'U2460', 'U5141']",5
U13879,"['U7854', 'U7210', 'U6158', 'U80', 'U6235']",5
U13880,"['U3211', 'U10834', 'U2730', 'U2149', 'U3425', 'U2792']",6
U13881,"['U3268', 'U8713', 'U14528']",3
U13882,"['U13850', 'U2209', 'U4444', 'U7896']",4
U13883,"['U7893', 'U11602', 'U864', 'U4758', 'U5956']",5
U13884,"['U4103', 'U1075', 'U12520', 'U2827', 'U1132', 'U14471', 'U12806', 'U7915']",8
U13885,"['U13620', 'U13686', 'U9033', 'U12461']",4
U13886,"['U5672', 'U11439', 'U4946', 'U12330']",4
U13887,"['U12401', 'U12749']",2
U13888,"['U13914', 'U2828', 'U2214', 'U5548', 'U5688', 'U2260', 'U7292', 'U13307', 'U4156', 'U8815']",10
U13889,"['U6404', 'U2445']",2
U13890,"['U13933', 'U13364', 'U9228', 'U1982', 'U5900', 'U10519', 'U7396']",7
U13891,"['U2312', 'U2777', 'U13971', 'U3515', 'U2556', 'U87', 'U5646', 'U2981']",8
U13892,"['U7665', 'U13650', 'U7945', 'U1006', 'U5277', 'U2679', 'U379', 'U9777', 'U6212', 'U9290']",10
U13893,"['U5139', 'U238', 'U1199']",3
U13894,"['U4778', 'U12671']",2
U13895,['U5481'],1
U13896,"['U8242', 'U13825', 'U14460']",3
U13897,"['U7987', 'U8740', 'U3484', 'U3177', 'U10102', 'U2189', 'U1199']",7
U13898,"['U713', 'U3576', 'U9792', 'U14747', 'U14579', 'U13099', 'U851']",7
U13899,"['U5049', 'U7939', 'U5098', 'U9892', 'U12687', 'U7856', 'U12692']",7
U13900,"['U11588', 'U7530', 'U9236', 'U137', 'U12426', 'U12945', 'U5795', 'U13231', 'U16']",9
U13901,"['U14656', 'U7327', 'U6358', 'U129', 'U10407', 'U1183']",6
U13902,"['U5646', 'U6750', 'U4102', 'U11200', 'U13954', 'U5179', 'U4225', 'U7268']",8
U13903,"['U6614', 'U933', 'U9530', 'U13393', 'U1181', 'U3431', 'U6427', 'U11747']",8
U13904,"['U13050', 'U6624', 'U8418', 'U9019', 'U220']",5
U13905,"['U5457', 'U11777', 'U3451', 'U827', 'U10255', 'U10206', 'U7660']",7
U13906,"['U5995', 'U4503', 'U10956', 'U11853']",4
U13907,"['U2995', 'U790', 'U8334', 'U962', 'U455', 'U6666']",6
U13908,"['U7062', 'U5945']",2
U13909,"['U10362', 'U357', 'U4149', 'U7622', 'U6336', 'U12303', 'U6270']",7
U13910,"['U8815', 'U3035', 'U9057']",3
U13911,"['U4845', 'U5708']",2
U13912,"['U313', 'U3848', 'U9100']",3
U13913,"['U12385', 'U7964', 'U4699', 'U7423', 'U11622', 'U3586', 'U11153']",7
U13914,"['U6371', 'U5857', 'U1068', 'U2971', 'U14202', 'U3478']",6
U13915,"['U8428', 'U1700', 'U14603', 'U69']",4
U13916,"['U14719', 'U2207', 'U1229', 'U14807', 'U3019']",5
U13917,"['U9142', 'U14458', 'U11922', 'U11929', 'U6346']",5
U13918,"['U14843', 'U1916', 'U8983', 'U12255', 'U10356', 'U12719', 'U8783']",7
U13919,"['U10757', 'U7012', 'U13755']",3
U13920,"['U7878', 'U5847', 'U7271', 'U14711', 'U8372', 'U4007']",6
U13921,"['U832', 'U8890', 'U10071', 'U2920', 'U10135']",5
U13922,"['U9778', 'U3389', 'U5840']",3
U13923,"['U4889', 'U4858', 'U5477', 'U15000', 'U13330', 'U11797', 'U8533']",7
U13924,"['U5782', 'U11672', 'U1171', 'U4676', 'U14430', 'U14360', 'U4106']",7
U13925,"['U13230', 'U2152', 'U11355', 'U7868', 'U7125', 'U2235', 'U9019', 'U5893']",8
U13926,"['U12210', 'U10495']",2
U13927,"['U11748', 'U13137', 'U2177']",3
U13928,"['U9002', 'U5844', 'U14588', 'U2971', 'U8613']",5
U13929,"['U4439', 'U5298', 'U5549', 'U8142', 'U9410']",5
U13930,"['U8392', 'U10816', 'U8241', 'U11296']",4
U13931,"['U12082', 'U10414', 'U8568']",3
U13932,"['U294', 'U9518', 'U5751', 'U13328']",4
U13933,"['U5818', 'U14194', 'U14280', 'U11467', 'U978']",5
U13934,['U7053'],1
U13935,"['U14212', 'U10807', 'U8952', 'U12313', 'U13401', 'U12897']",6
U13936,"['U7269', 'U13900', 'U8607', 'U14251', 'U919', 'U5030']",6
U13937,"['U1485', 'U6668', 'U3305', 'U11881', 'U8818', 'U8339']",6
U13938,"['U9724', 'U11062', 'U14912', 'U1595', 'U2791', 'U8983', 'U2533']",7
U13939,['U13418'],1
U13940,"['U14367', 'U717', 'U811', 'U58', 'U3986', 'U3826']",6
U13941,"['U8601', 'U14976', 'U1965', 'U3290']",4
U13942,"['U13914', 'U129', 'U6359', 'U4942', 'U7110', 'U14503', 'U12474', 'U7174']",8
U13943,"['U13190', 'U14810', 'U9366', 'U7459']",4
U13944,"['U9257', 'U6537', 'U13190', 'U9937', 'U3015']",5
U13945,"['U1886', 'U2917', 'U4220', 'U8519', 'U2156', 'U1413', 'U14879']",7
U13946,"['U7247', 'U2643']",2
U13947,"['U10418', 'U14767', 'U381', 'U9798', 'U7236', 'U11926', 'U10187', 'U663', 'U11737']",9
U13948,[],0
U13949,"['U11977', 'U1010', 'U3743', 'U8494', 'U14631', 'U1943']",6
U13950,"['U10583', 'U7500', 'U7895', 'U4102', 'U14951', 'U594', 'U5088', 'U935', 'U4141']",9
U13951,"['U321', 'U8502', 'U5575', 'U2337', 'U4029']",5
U13952,"['U6101', 'U9334', 'U6032', 'U12605', 'U8438', 'U3142', 'U1378', 'U10123', 'U6132', 'U686']",10
U13953,"['U9515', 'U13844']",2
U13954,"['U6312', 'U8774', 'U2718', 'U2822']",4
U13955,"['U12230', 'U4055', 'U8798', 'U14419', 'U12108', 'U8506', 'U3231']",7
U13956,"['U10237', 'U9952', 'U2747', 'U390', 'U12220']",5
U13957,"['U2319', 'U13759', 'U6460', 'U14220', 'U312']",5
U13958,"['U8219', 'U12592']",2
U13959,"['U6077', 'U7952', 'U1976', 'U8730', 'U2688', 'U14431', 'U3511', 'U12870']",8
U13960,"['U5798', 'U4634', 'U10404', 'U6014']",4
U13961,"['U5743', 'U13460', 'U12884', 'U4723']",4
U13962,"['U1808', 'U5221', 'U14648', 'U14840', 'U9965', 'U14189', 'U8430']",7
U13963,"['U12786', 'U10274', 'U8926']",3
U13964,"['U11843', 'U12996', 'U9213', 'U114']",4
U13965,"['U3050', 'U14443', 'U5624', 'U6338', 'U9224', 'U8952', 'U10630']",7
U13966,"['U9815', 'U1469', 'U5662']",3
U13967,"['U14101', 'U12063', 'U702', 'U12656', 'U14820', 'U14102', 'U13118', 'U7098']",8
U13968,"['U14353', 'U6599', 'U9053', 'U10780', 'U3016', 'U7201']",6
U13969,"['U14712', 'U4753', 'U7224', 'U13368']",4
U13970,"['U14027', 'U6322', 'U914', 'U790', 'U2487', 'U3660', 'U6012', 'U4657', 'U6114']",9
U13971,"['U382', 'U8748', 'U13943', 'U13735']",4
U13972,"['U11902', 'U4549', 'U4851']",3
U13973,"['U4305', 'U12256', 'U8634', 'U6132', 'U4254']",5
U13974,"['U562', 'U7729', 'U7817', 'U3533', 'U7177', 'U5302', 'U11927']",7
U13975,"['U9928', 'U307', 'U4867', 'U10470']",4
U13976,"['U10121', 'U9056', 'U12167', 'U8970', 'U4267']",5
U13977,"['U9811', 'U8592', 'U6480', 'U12348', 'U4481', 'U4095']",6
U13978,"['U3076', 'U10941', 'U4577', 'U12650']",4
U13979,"['U6641', 'U11116', 'U5615', 'U10134']",4
U13980,"['U7971', 'U2380', 'U4545', 'U427', 'U5468']",5
U13981,"['U1805', 'U2215', 'U4735', 'U14709', 'U10938', 'U11096', 'U6973', 'U5683']",8
U13982,"['U10133', 'U9718', 'U10591', 'U9140', 'U1030', 'U1489']",6
U13983,"['U11966', 'U10182', 'U11155', 'U864', 'U8438', 'U11711']",6
U13984,"['U9963', 'U7206', 'U3120', 'U2540']",4
U13985,"['U12116', 'U1050']",2
U13986,"['U4401', 'U14381', 'U12436', 'U3442', 'U12096', 'U11057', 'U7292']",7
U13987,"['U14717', 'U4075', 'U3322', 'U4129', 'U2059']",5
U13988,"['U9874', 'U514', 'U6339']",3
U13989,"['U11868', 'U6552', 'U11498']",3
U13990,"['U4397', 'U5874', 'U14704', 'U482', 'U14488', 'U12644', 'U11769']",7
U13991,"['U477', 'U13498', 'U2416', 'U13924', 'U5375']",5
U13992,"['U11117', 'U480', 'U1164']",3
U13993,"['U6647', 'U5332', 'U6214', 'U12061']",4
U13994,"['U3251', 'U7851', 'U12978']",3
U13995,"['U3250', 'U10546', 'U4203']",3
U13996,"['U4712', 'U13593', 'U13346', 'U7603']",4
U13997,"['U13130', 'U13398', 'U8796']",3
U13998,"['U9736', 'U3907', 'U7227', 'U695']",4
U13999,"['U427', 'U9971']",2
U14000,"['U6690', 'U829', 'U13438', 'U7416', 'U1498']",5
U14001,"['U14858', 'U6754', 'U12001', 'U3945', 'U189']",5
U14002,['U7662'],1
U14003,"['U10883', 'U2828', 'U3118', 'U9824', 'U12459']",5
U14004,"['U1523', 'U1067', 'U7595', 'U11668', 'U6646']",5
U14005,"['U10415', 'U10992', 'U13555', 'U11885', 'U4631', 'U5855']",6
U14006,"['U12258', 'U13137', 'U5861', 'U2941', 'U246']",5
U14007,"['U9655', 'U6283', 'U12602', 'U6677']",4
U14008,"['U12052', 'U13825']",2
U14009,"['U14126', 'U10360', 'U10654']",3
U14010,"['U3339', 'U11604', 'U3428', 'U4368']",4
U14011,"['U7354', 'U8194', 'U12863', 'U942', 'U8141']",5
U14012,"['U8674', 'U6292', 'U12563', 'U11302', 'U3216', 'U12866', 'U3417']",7
U14013,"['U1668', 'U2396', 'U1078', 'U637']",4
U14014,"['U1258', 'U2441', 'U5869']",3
U14015,"['U6367', 'U4846', 'U13513']",3
U14016,"['U3818', 'U9552', 'U897', 'U14085']",4
U14017,"['U14995', 'U10809']",2
U14018,"['U12224', 'U455', 'U3105', 'U2308']",4
U14019,"['U1572', 'U1271']",2
U14020,"['U11235', 'U10248', 'U8801', 'U7430']",4
U14021,"['U11167', 'U6049', 'U10257', 'U10031']",4
U14022,"['U9102', 'U9274', 'U13481']",3
U14023,"['U9299', 'U4168', 'U961', 'U14802']",4
U14024,"['U7859', 'U4949', 'U5675', 'U2704', 'U10287']",5
U14025,"['U2409', 'U13567', 'U4010', 'U1067', 'U11880', 'U784', 'U13976']",7
U14026,"['U8406', 'U9416', 'U1209', 'U2972']",4
U14027,"['U4653', 'U8234', 'U4136', 'U123']",4
U14028,"['U11980', 'U13877', 'U11862', 'U1292', 'U13433']",5
U14029,"['U12726', 'U7098', 'U1007', 'U3302', 'U7436', 'U3482']",6
U14030,"['U2164', 'U14112', 'U12854', 'U2498', 'U4340', 'U11047']",6
U14031,"['U241', 'U154', 'U9636', 'U7746']",4
U14032,"['U13624', 'U8833', 'U7366', 'U9548', 'U10574']",5
U14033,"['U2736', 'U2470', 'U13011', 'U13181', 'U9138']",5
U14034,"['U8575', 'U4514', 'U4985', 'U8550', 'U3905']",5
U14035,"['U6674', 'U8005', 'U7570', 'U7260']",4
U14036,"['U11801', 'U4243', 'U6391', 'U9497', 'U11714', 'U3210', 'U26', 'U8530', 'U4332']",9
U14037,"['U7162', 'U12633', 'U6070', 'U4659', 'U13274', 'U8792']",6
U14038,"['U12065', 'U986', 'U8392', 'U239']",4
U14039,"['U4632', 'U1639', 'U1281', 'U10630', 'U6478']",5
U14040,"['U11603', 'U5971', 'U1872', 'U14637', 'U7468']",5
U14041,"['U10661', 'U520', 'U9503', 'U3711', 'U1580', 'U7212']",6
U14042,"['U12244', 'U6091']",2
U14043,"['U4618', 'U13369', 'U2612', 'U3228']",4
U14044,"['U11206', 'U7852']",2
U14045,"['U3967', 'U13791', 'U8097', 'U814', 'U7545', 'U12734', 'U10146']",7
U14046,"['U1351', 'U1509', 'U12719', 'U1100', 'U14484', 'U10175', 'U12027']",7
U14047,"['U9272', 'U13394', 'U3663']",3
U14048,"['U3338', 'U9914']",2
U14049,[],0
U14050,"['U9884', 'U1812', 'U176', 'U5219']",4
U14051,"['U5107', 'U4663', 'U3564', 'U5503', 'U885', 'U13231']",6
U14052,['U8561'],1
U14053,"['U8816', 'U14651', 'U2394', 'U2316', 'U2930', 'U14095']",6
U14054,"['U7923', 'U9529', 'U12987', 'U12863', 'U1097', 'U3245', 'U13478', 'U3645']",8
U14055,"['U5748', 'U13134', 'U9320', 'U2496', 'U8206']",5
U14056,"['U11886', 'U14395', 'U13020']",3
U14057,"['U10921', 'U1850', 'U14714', 'U12720', 'U1909']",5
U14058,"['U9240', 'U4089']",2
U14059,"['U716', 'U3100', 'U5777', 'U10144']",4
U14060,"['U14624', 'U3930', 'U5386', 'U13868', 'U5245', 'U246']",6
U14061,"['U11226', 'U2874', 'U13488', 'U5472', 'U12780', 'U5754', 'U3070', 'U7564', 'U6967']",9
U14062,"['U2059', 'U13368', 'U446', 'U6371']",4
U14063,"['U8859', 'U14730', 'U5870', 'U13659', 'U6000']",5
U14064,"['U14414', 'U10573', 'U9309']",3
U14065,"['U14306', 'U1799']",2
U14066,"['U14043', 'U137', 'U668', 'U12662', 'U14172', 'U9943', 'U6540']",7
U14067,"['U14957', 'U4042', 'U5911']",3
U14068,"['U14074', 'U7964', 'U7444']",3
U14069,"['U6518', 'U387', 'U3542', 'U947']",4
U14070,"['U945', 'U12767', 'U1499', 'U3116', 'U8245', 'U6478', 'U6961', 'U3577']",8
U14071,"['U8747', 'U8704', 'U13477', 'U490', 'U12140', 'U2013', 'U8112']",7
U14072,"['U14498', 'U7618', 'U14817', 'U473']",4
U14073,"['U13555', 'U7848', 'U3293', 'U217', 'U13953', 'U14773', 'U10901', 'U1899', 'U11808']",9
U14074,"['U6949', 'U10407', 'U11990', 'U13110']",4
U14075,"['U860', 'U2749', 'U14696', 'U772']",4
U14076,"['U5399', 'U8140', 'U7278']",3
U14077,"['U665', 'U8907', 'U2049', 'U6390']",4
U14078,"['U13798', 'U6346', 'U6442', 'U1578', 'U3023']",5
U14079,"['U7201', 'U14087', 'U2245', 'U12109', 'U287', 'U9966', 'U8118', 'U7078']",8
U14080,"['U7395', 'U5200', 'U7591', 'U713', 'U10088']",5
U14081,"['U11283', 'U12587', 'U10482', 'U4330']",4
U14082,"['U8843', 'U2401']",2
U14083,"['U8410', 'U2220', 'U536', 'U13284']",4
U14084,['U7418'],1
U14085,"['U904', 'U14017', 'U12075', 'U6330']",4
U14086,"['U1430', 'U4321', 'U1594', 'U1711']",4
U14087,"['U4365', 'U2037', 'U11176', 'U14836']",4
U14088,"['U1033', 'U1026', 'U9953']",3
U14089,"['U8922', 'U9532', 'U2400', 'U12915', 'U14047']",5
U14090,"['U13978', 'U6186', 'U9016', 'U4233', 'U2568', 'U2677']",6
U14091,"['U7356', 'U13938', 'U5504', 'U11602']",4
U14092,"['U4029', 'U14196', 'U9996']",3
U14093,"['U12964', 'U11843', 'U10881', 'U10759', 'U11166', 'U1260']",6
U14094,"['U9493', 'U10425', 'U1730', 'U12586']",4
U14095,"['U1068', 'U14348', 'U14984', 'U6576', 'U14962', 'U5601']",6
U14096,"['U11144', 'U1788', 'U4927', 'U14001', 'U12178']",5
U14097,"['U4849', 'U469', 'U10341']",3
U14098,"['U6102', 'U10137', 'U11174', 'U12122']",4
U14099,['U4782'],1
U14100,"['U6206', 'U10354']",2
U14101,"['U404', 'U572', 'U250']",3
U14102,"['U7031', 'U9627', 'U4130', 'U11557', 'U8327', 'U12863']",6
U14103,"['U13621', 'U859', 'U2061', 'U12645', 'U10410', 'U13334']",6
U14104,"['U4176', 'U5887', 'U3383', 'U2388', 'U4972', 'U11635', 'U2800', 'U12518']",8
U14105,"['U4372', 'U4332', 'U12678', 'U1730', 'U1082', 'U3041']",6
U14106,"['U7991', 'U12311', 'U1208']",3
U14107,"['U10355', 'U12508', 'U3558', 'U5173', 'U5351']",5
U14108,"['U6115', 'U11027', 'U2088', 'U9409']",4
U14109,[],0
U14110,"['U14015', 'U8628', 'U12402', 'U13998', 'U7584']",5
U14111,"['U2653', 'U2957', 'U10760', 'U4265', 'U6984', 'U12613', 'U5033', 'U6174', 'U1787', 'U12956']",10
U14112,"['U14870', 'U2559', 'U2926', 'U7554', 'U6671', 'U6171']",6
U14113,"['U13947', 'U5954', 'U11623', 'U11111', 'U13591', 'U11449']",6
U14114,"['U1202', 'U7373', 'U1644', 'U11183']",4
U14115,"['U12207', 'U9653', 'U13174', 'U10317']",4
U14116,"['U5714', 'U11542', 'U2832', 'U8166']",4
U14117,"['U5504', 'U38', 'U6739', 'U14450', 'U14986', 'U8280']",6
U14118,"['U12077', 'U9641', 'U6091', 'U7513', 'U11825', 'U443']",6
U14119,"['U12097', 'U8169', 'U3935', 'U7857', 'U10197', 'U9004']",6
U14120,"['U7193', 'U6869', 'U7326', 'U9634']",4
U14121,"['U1415', 'U9722']",2
U14122,"['U11457', 'U939', 'U12865', 'U226', 'U14581', 'U10509']",6
U14123,"['U5042', 'U4231', 'U1639']",3
U14124,"['U13624', 'U7494']",2
U14125,"['U13360', 'U13627', 'U8540', 'U6936', 'U13506', 'U5393']",6
U14126,"['U13495', 'U6572', 'U6661', 'U13674', 'U688', 'U1009']",6
U14127,"['U6209', 'U7214', 'U8781', 'U9207', 'U11081']",5
U14128,"['U3506', 'U9199', 'U4211', 'U14243', 'U4224']",5
U14129,"['U12288', 'U13704', 'U5880']",3
U14130,"['U2251', 'U3816', 'U8655', 'U7436', 'U11216', 'U4502']",6
U14131,"['U12509', 'U2248']",2
U14132,"['U12825', 'U9559', 'U5501', 'U3954', 'U8642', 'U11144', 'U134']",7
U14133,"['U14430', 'U9932', 'U12263']",3
U14134,"['U3360', 'U8230', 'U7367', 'U4937', 'U8451']",5
U14135,"['U329', 'U3661']",2
U14136,"['U9760', 'U10766', 'U1927', 'U14411', 'U14750', 'U9607', 'U2956']",7
U14137,"['U8913', 'U10856', 'U4902', 'U4037', 'U3203']",5
U14138,"['U1512', 'U14759', 'U7616', 'U14618', 'U4613']",5
U14139,"['U4539', 'U10883', 'U12053', 'U9598', 'U11167', 'U6950']",6
U14140,"['U4114', 'U3421', 'U7157', 'U5484']",4
U14141,"['U11821', 'U5682', 'U3591']",3
U14142,"['U1066', 'U12594', 'U13580', 'U10822', 'U7807', 'U1413']",6
U14143,['U13472'],1
U14144,"['U14777', 'U12900', 'U8502', 'U12803']",4
U14145,"['U12802', 'U12304', 'U10911', 'U8777', 'U5954', 'U5976']",6
U14146,"['U3126', 'U13715']",2
U14147,"['U10396', 'U5438', 'U860', 'U7796']",4
U14148,"['U2411', 'U4038', 'U13185', 'U9441']",4
U14149,"['U3125', 'U1324']",2
U14150,"['U12541', 'U2786', 'U7457', 'U10255']",4
U14151,"['U13618', 'U4420', 'U4983', 'U12065', 'U6537', 'U10613']",6
U14152,"['U8216', 'U10583', 'U2801', 'U13943', 'U2941', 'U6323', 'U2070']",7
U14153,"['U12000', 'U2552', 'U3214', 'U5522', 'U12738', 'U2222', 'U9749', 'U13178', 'U6301']",9
U14154,"['U11821', 'U12232']",2
U14155,"['U12650', 'U2285']",2
U14156,"['U6307', 'U13497', 'U5243', 'U8838', 'U11192']",5
U14157,"['U14374', 'U6330', 'U2105']",3
U14158,"['U10916', 'U10424', 'U6569', 'U8584', 'U6054', 'U4423', 'U12464', 'U14952', 'U2272', 'U12011', 'U1044']",11
U14159,"['U6696', 'U14064']",2
U14160,"['U409', 'U192', 'U14383', 'U21', 'U13854']",5
U14161,"['U10154', 'U5334']",2
U14162,"['U7908', 'U6287']",2
U14163,['U13705'],1
U14164,"['U6725', 'U1045', 'U13635']",3
U14165,"['U13643', 'U4763']",2
U14166,"['U3178', 'U6735', 'U4725', 'U13750', 'U2916', 'U969', 'U8299']",7
U14167,"['U7827', 'U6585', 'U9188', 'U11662', 'U5364']",5
U14168,"['U12290', 'U2569', 'U5155', 'U4783']",4
U14169,"['U4912', 'U1746', 'U1517', 'U8110']",4
U14170,"['U4302', 'U14985']",2
U14171,"['U6557', 'U3991', 'U13259', 'U5564', 'U9271', 'U12912', 'U1594', 'U891', 'U2625']",9
U14172,"['U3999', 'U9434', 'U5733']",3
U14173,"['U13641', 'U5879']",2
U14174,"['U10574', 'U7301', 'U5749', 'U14808']",4
U14175,"['U12785', 'U11878', 'U7270', 'U6264', 'U4481', 'U5115', 'U9436', 'U2380']",8
U14176,"['U13805', 'U14323', 'U12741', 'U9524']",4
U14177,"['U11225', 'U10606', 'U7069', 'U3469']",4
U14178,"['U8501', 'U3350', 'U11624', 'U4862', 'U9211']",5
U14179,"['U4922', 'U9202', 'U2612']",3
U14180,"['U8656', 'U12301', 'U11084', 'U11188']",4
U14181,"['U12169', 'U2397', 'U4516']",3
U14182,"['U14005', 'U4880', 'U7960', 'U6417']",4
U14183,['U11597'],1
U14184,"['U1277', 'U1536']",2
U14185,"['U4789', 'U1895', 'U9834', 'U11192', 'U13541', 'U2643', 'U8794', 'U5935']",8
U14186,"['U11608', 'U6773', 'U5066', 'U12325', 'U3595']",5
U14187,"['U891', 'U10935']",2
U14188,"['U3312', 'U12435', 'U11980', 'U4584', 'U14497']",5
U14189,"['U3324', 'U3412', 'U9180']",3
U14190,"['U1082', 'U11433', 'U590', 'U8507', 'U2505', 'U7441']",6
U14191,"['U7191', 'U11729', 'U7987']",3
U14192,"['U4888', 'U7892']",2
U14193,"['U8115', 'U1516', 'U1000']",3
U14194,"['U8585', 'U13012', 'U13597', 'U8262', 'U4518', 'U10648', 'U10360', 'U13356', 'U7483', 'U4238', 'U11486']",11
U14195,"['U8711', 'U1460', 'U5383']",3
U14196,"['U11121', 'U2950', 'U1618', 'U12634', 'U3145']",5
U14197,['U1949'],1
U14198,"['U902', 'U8625', 'U10978']",3
U14199,"['U9721', 'U2440', 'U10552', 'U14477', 'U2517', 'U13347']",6
U14200,"['U3686', 'U212', 'U8443', 'U2841']",4
U14201,"['U5414', 'U7320', 'U5252', 'U10916', 'U8840']",5
U14202,"['U14938', 'U92', 'U10789', 'U9964', 'U4098']",5
U14203,"['U10573', 'U150', 'U7286', 'U8546']",4
U14204,"['U5880', 'U1684', 'U14146', 'U12506', 'U11762', 'U7311']",6
U14205,"['U5378', 'U11026']",2
U14206,"['U12156', 'U5224']",2
U14207,"['U7376', 'U6698', 'U6101', 'U8271']",4
U14208,"['U13490', 'U9994', 'U1907', 'U13787', 'U10044']",5
U14209,"['U324', 'U1539', 'U5825', 'U6688', 'U1011']",5
U14210,"['U6629', 'U5643', 'U9279', 'U8553', 'U10782', 'U9583']",6
U14211,"['U7094', 'U5355', 'U13560']",3
U14212,"['U9081', 'U5621', 'U13164']",3
U14213,"['U13498', 'U11476', 'U3233', 'U5534', 'U13065']",5
U14214,"['U2689', 'U10726']",2
U14215,"['U10680', 'U5837', 'U5970']",3
U14216,"['U5137', 'U12890', 'U14669', 'U4709']",4
U14217,"['U10308', 'U1996', 'U2530', 'U4641', 'U4144', 'U3929', 'U6533', 'U9133']",8
U14218,"['U9843', 'U13321', 'U369']",3
U14219,"['U8988', 'U9228', 'U13338', 'U13346', 'U9429']",5
U14220,"['U6353', 'U3360', 'U3651', 'U11874', 'U10186']",5
U14221,"['U3471', 'U3352', 'U13159', 'U11986', 'U11124', 'U5476', 'U13819', 'U11447', 'U12440', 'U2592', 'U7252']",11
U14222,"['U8241', 'U5306', 'U9310', 'U14962', 'U8554', 'U13438']",6
U14223,"['U10026', 'U1378']",2
U14224,"['U4633', 'U14056', 'U6551', 'U14037', 'U7790']",5
U14225,"['U8745', 'U4555']",2
U14226,"['U6489', 'U12741', 'U10899', 'U14214', 'U7665', 'U560', 'U14407', 'U12599']",8
U14227,"['U12135', 'U13673', 'U672', 'U10454', 'U1459', 'U3260', 'U1685', 'U1670']",8
U14228,"['U7323', 'U6460', 'U5197', 'U9228', 'U10948']",5
U14229,"['U12526', 'U14764', 'U1212', 'U13423']",4
U14230,"['U13782', 'U5417', 'U10212', 'U12815']",4
U14231,"['U8378', 'U3631', 'U164', 'U11565', 'U13965']",5
U14232,"['U5489', 'U12470', 'U1064', 'U14161', 'U6696', 'U4485']",6
U14233,"['U8128', 'U2006', 'U848', 'U7023', 'U7587', 'U1392', 'U5787']",7
U14234,"['U14170', 'U3403', 'U9125', 'U8914', 'U14675', 'U11420']",6
U14235,"['U901', 'U6498', 'U13480', 'U9464', 'U669']",5
U14236,"['U8594', 'U1779']",2
U14237,"['U2619', 'U8021', 'U3143', 'U11006', 'U4363', 'U6873']",6
U14238,"['U7422', 'U5891', 'U2272', 'U1433']",4
U14239,"['U12027', 'U10345', 'U2183', 'U8826', 'U14724']",5
U14240,"['U8227', 'U2472', 'U10908', 'U8438']",4
U14241,"['U11286', 'U8227', 'U9878', 'U11425']",4
U14242,"['U11735', 'U12006', 'U12353', 'U8091', 'U13397', 'U6955']",6
U14243,"['U11539', 'U11035', 'U11554', 'U9184', 'U9322']",5
U14244,"['U396', 'U2526', 'U5356', 'U93', 'U12236']",5
U14245,"['U4413', 'U1537', 'U4629', 'U734']",4
U14246,"['U3790', 'U10149', 'U4073', 'U5965', 'U13220', 'U4963']",6
U14247,"['U8262', 'U10418']",2
U14248,"['U1829', 'U1538', 'U14113', 'U2139', 'U11956']",5
U14249,"['U10213', 'U12718', 'U10069', 'U5581']",4
U14250,"['U10030', 'U1484', 'U9463', 'U3242', 'U9572']",5
U14251,"['U3682', 'U5598']",2
U14252,"['U14999', 'U12803', 'U14618', 'U11797']",4
U14253,"['U10087', 'U10514', 'U7755', 'U1539', 'U10989', 'U5648', 'U8819', 'U14802']",8
U14254,"['U8021', 'U4847', 'U1889', 'U6959', 'U71', 'U5759', 'U7792']",7
U14255,"['U13244', 'U11417']",2
U14256,['U13786'],1
U14257,"['U728', 'U6870', 'U12831', 'U4929', 'U999', 'U9811', 'U14416', 'U11398', 'U7619']",9
U14258,"['U12779', 'U4649', 'U46', 'U6996']",4
U14259,"['U13953', 'U10700', 'U6415', 'U580']",4
U14260,"['U14903', 'U8624', 'U14624', 'U12524', 'U4447', 'U11763']",6
U14261,"['U11380', 'U561', 'U12256', 'U1047', 'U4090', 'U2469']",6
U14262,"['U10402', 'U4148', 'U14070', 'U4491', 'U14848', 'U11478', 'U9946']",7
U14263,"['U5746', 'U3639']",2
U14264,"['U14487', 'U5564', 'U11111', 'U4017', 'U6076', 'U1035', 'U13848']",7
U14265,"['U3026', 'U13515', 'U889', 'U13137']",4
U14266,"['U1734', 'U12934', 'U8833', 'U1980', 'U10485', 'U1784', 'U7912']",7
U14267,"['U11526', 'U9181', 'U13562', 'U509', 'U13832', 'U977', 'U6313', 'U8119']",8
U14268,"['U9460', 'U13384', 'U604', 'U6597', 'U3054']",5
U14269,"['U14679', 'U13517', 'U13247', 'U4369']",4
U14270,"['U4801', 'U7406', 'U2775']",3
U14271,"['U9009', 'U3299', 'U6852', 'U3154', 'U6516', 'U5151']",6
U14272,"['U2046', 'U5334', 'U12896', 'U13808', 'U6366']",5
U14273,"['U13896', 'U8766', 'U4787', 'U10955', 'U13690', 'U6139', 'U9792']",7
U14274,"['U9290', 'U13886']",2
U14275,"['U1786', 'U3605', 'U2513', 'U8858']",4
U14276,"['U3227', 'U13834', 'U5565']",3
U14277,"['U11604', 'U7601', 'U14023']",3
U14278,"['U203', 'U7827', 'U1943', 'U11172', 'U10250', 'U14605']",6
U14279,"['U10826', 'U8795', 'U2001', 'U1769']",4
U14280,"['U6683', 'U8774', 'U9029', 'U11577', 'U9231', 'U4427', 'U10884']",7
U14281,"['U6209', 'U9917']",2
U14282,"['U5628', 'U7175', 'U14996']",3
U14283,"['U1870', 'U11665', 'U10931', 'U13244', 'U14450', 'U10258']",6
U14284,['U9717'],1
U14285,"['U10419', 'U4673', 'U3132', 'U5752', 'U7797', 'U14504', 'U10535']",7
U14286,"['U5784', 'U12104', 'U14783', 'U6804', 'U3160', 'U8023']",6
U14287,"['U6654', 'U7113', 'U11857', 'U6370']",4
U14288,"['U3372', 'U4078']",2
U14289,"['U11246', 'U11500', 'U12254', 'U2201']",4
U14290,"['U5309', 'U13441', 'U4442', 'U5725', 'U12994']",5
U14291,"['U1047', 'U2149', 'U9623', 'U417']",4
U14292,"['U7136', 'U6975', 'U4738', 'U14784', 'U11523', 'U9452', 'U1082']",7
U14293,"['U9993', 'U14199', 'U1464']",3
U14294,"['U4264', 'U8125', 'U10546', 'U11223']",4
U14295,"['U5185', 'U8661']",2
U14296,"['U11007', 'U8092', 'U835', 'U11437', 'U10807', 'U10150', 'U13868']",7
U14297,"['U6072', 'U2339', 'U3500', 'U1756']",4
U14298,"['U14940', 'U14772']",2
U14299,"['U7295', 'U10366', 'U8886', 'U6930', 'U7421']",5
U14300,"['U801', 'U515']",2
U14301,"['U11323', 'U5479', 'U14253', 'U5789', 'U7894', 'U10490', 'U7794', 'U6533']",8
U14302,"['U14932', 'U12423', 'U4115']",3
U14303,"['U12909', 'U9514', 'U7769', 'U3575']",4
U14304,"['U13774', 'U9138', 'U8221', 'U8367']",4
U14305,['U8339'],1
U14306,"['U5762', 'U3101', 'U3283', 'U876']",4
U14307,['U1172'],1
U14308,"['U2580', 'U13976', 'U12983', 'U14210', 'U13653']",5
U14309,"['U3491', 'U10807', 'U10453', 'U9322', 'U6538', 'U4728']",6
U14310,"['U2487', 'U1339', 'U926']",3
U14311,"['U7069', 'U4315', 'U2002', 'U7636', 'U10061']",5
U14312,"['U455', 'U13147', 'U1909', 'U3484', 'U9926', 'U12914', 'U13365']",7
U14313,"['U2725', 'U12274']",2
U14314,"['U7407', 'U11613']",2
U14315,"['U9594', 'U9494', 'U6587', 'U10601']",4
U14316,"['U8947', 'U2111', 'U1394', 'U7442', 'U859', 'U5639', 'U5770', 'U6892']",8
U14317,"['U12957', 'U10531', 'U3033', 'U1106', 'U8238', 'U9472', 'U11045', 'U3871']",8
U14318,"['U3805', 'U4750']",2
U14319,"['U4348', 'U7841', 'U10186', 'U863', 'U3305', 'U2272', 'U9886']",7
U14320,"['U10982', 'U11423', 'U4408', 'U3074', 'U7936', 'U12636']",6
U14321,"['U4250', 'U10950', 'U13371', 'U5551']",4
U14322,"['U12879', 'U113']",2
U14323,"['U4240', 'U1258', 'U2925']",3
U14324,"['U11514', 'U7889', 'U10670', 'U3512']",4
U14325,['U6463'],1
U14326,"['U4272', 'U2796', 'U11', 'U1222', 'U2218', 'U7635']",6
U14327,['U3378'],1
U14328,"['U10973', 'U2943']",2
U14329,"['U13570', 'U12960', 'U10086', 'U1069', 'U6439']",5
U14330,"['U3550', 'U3888', 'U14274', 'U10941', 'U9111', 'U12077', 'U11713', 'U3715']",8
U14331,"['U5219', 'U1352', 'U1909', 'U3204', 'U4451']",5
U14332,"['U10941', 'U10578', 'U6266', 'U2313', 'U175', 'U3878']",6
U14333,"['U4487', 'U3972', 'U14151', 'U13170', 'U77', 'U13713', 'U8129']",7
U14334,"['U3191', 'U4467', 'U8961', 'U10883', 'U1253']",5
U14335,"['U4318', 'U10293', 'U12259', 'U6235', 'U2676', 'U11808']",6
U14336,"['U14492', 'U10179', 'U6372', 'U4799', 'U9268', 'U2285', 'U3461']",7
U14337,"['U1146', 'U9925', 'U8563', 'U8275']",4
U14338,"['U11767', 'U9653', 'U361', 'U8298', 'U14715']",5
U14339,"['U10677', 'U13649', 'U13825']",3
U14340,"['U8098', 'U2752', 'U14992', 'U2345']",4
U14341,"['U14003', 'U3759', 'U8941', 'U2629', 'U5165']",5
U14342,"['U1698', 'U10828', 'U1432', 'U3334']",4
U14343,"['U168', 'U10628', 'U698', 'U4041', 'U14174', 'U1955', 'U7200']",7
U14344,"['U2901', 'U3658']",2
U14345,"['U14277', 'U9299', 'U6029', 'U637', 'U14516', 'U4807', 'U952']",7
U14346,"['U8628', 'U14746', 'U6071', 'U9158', 'U9945', 'U57', 'U1272', 'U5863']",8
U14347,"['U10718', 'U9853', 'U3456', 'U6392']",4
U14348,"['U13733', 'U10284', 'U7566']",3
U14349,"['U7290', 'U920']",2
U14350,"['U2999', 'U7431', 'U5264', 'U1794', 'U665', 'U4623']",6
U14351,"['U10859', 'U6923', 'U8878', 'U10134', 'U10505']",5
U14352,"['U14902', 'U4438', 'U8345', 'U9557', 'U2409', 'U2585']",6
U14353,"['U6661', 'U14257', 'U10080', 'U9855', 'U2519']",5
U14354,"['U6825', 'U5003', 'U8333', 'U3477', 'U8860', 'U4041', 'U3012', 'U10224']",8
U14355,"['U13300', 'U11911', 'U8675']",3
U14356,"['U7644', 'U2724', 'U11140', 'U1040', 'U459', 'U1077', 'U10226', 'U232', 'U8602']",9
U14357,"['U3797', 'U12071']",2
U14358,"['U11638', 'U8043', 'U5848']",3
U14359,"['U14307', 'U3427', 'U11986', 'U14523', 'U1373', 'U5979']",6
U14360,"['U9970', 'U14418', 'U8192', 'U14545', 'U14302']",5
U14361,"['U4828', 'U8675']",2
U14362,"['U6782', 'U8973', 'U2940']",3
U14363,"['U14859', 'U417']",2
U14364,"['U13057', 'U1318', 'U11937', 'U14823']",4
U14365,"['U531', 'U11824', 'U14439', 'U1478']",4
U14366,"['U9854', 'U4330', 'U12519', 'U8437', 'U3381']",5
U14367,"['U5950', 'U7771', 'U2284', 'U3687']",4
U14368,"['U3334', 'U3045', 'U4539', 'U8685', 'U7532']",5
U14369,"['U7536', 'U14733', 'U8284', 'U5068', 'U8278', 'U14111', 'U9859', 'U4458', 'U8176', 'U10500']",10
U14370,"['U6585', 'U8044', 'U13851']",3
U14371,"['U12570', 'U2417']",2
U14372,"['U1204', 'U7346', 'U481']",3
U14373,"['U3767', 'U3266', 'U14827', 'U11206']",4
U14374,"['U5441', 'U4123', 'U3323', 'U13317', 'U6458']",5
U14375,"['U7937', 'U4645', 'U791']",3
U14376,"['U11622', 'U11805', 'U3079', 'U8534', 'U9250', 'U529', 'U2267', 'U13678', 'U13488', 'U8973']",10
U14377,"['U11956', 'U14643', 'U11835', 'U501', 'U5847']",5
U14378,"['U2123', 'U3810', 'U9504', 'U7896', 'U13990', 'U4980', 'U14667', 'U5991']",8
U14379,"['U4635', 'U4359', 'U4179', 'U3805', 'U1517']",5
U14380,"['U6150', 'U6590', 'U5336', 'U8504', 'U88']",5
U14381,"['U8982', 'U12448', 'U12418', 'U13078', 'U10395']",5
U14382,"['U5311', 'U7490', 'U7504']",3
U14383,"['U13623', 'U1060', 'U5232', 'U153', 'U845']",5
U14384,"['U3897', 'U4369', 'U4048', 'U11637', 'U13667']",5
U14385,"['U7049', 'U10459', 'U14720', 'U3955', 'U4089']",5
U14386,"['U11921', 'U8881', 'U8748', 'U2366', 'U11621', 'U4663', 'U11517', 'U7659']",8
U14387,"['U12330', 'U8', 'U8825', 'U4333', 'U9054', 'U4187', 'U3283', 'U2910', 'U1314']",9
U14388,"['U792', 'U3180', 'U10213', 'U10169', 'U10029', 'U7844', 'U3361', 'U14529']",8
U14389,"['U9165', 'U8275', 'U1252', 'U835', 'U6452']",5
U14390,"['U14218', 'U14271', 'U4105', 'U3391', 'U4445', 'U12460', 'U9597', 'U8666', 'U10323']",9
U14391,"['U6383', 'U2557', 'U9687', 'U13525', 'U2940']",5
U14392,"['U12760', 'U7863', 'U6802', 'U1100']",4
U14393,"['U8712', 'U9974', 'U9976', 'U5157', 'U8056']",5
U14394,"['U906', 'U6189', 'U7117', 'U6973', 'U13432', 'U845', 'U2184', 'U3131']",8
U14395,"['U6658', 'U12516', 'U12275', 'U11451', 'U6777']",5
U14396,"['U12735', 'U2907', 'U5449', 'U7504', 'U11035']",5
U14397,['U3963'],1
U14398,"['U9642', 'U12404', 'U6128', 'U1696', 'U9914', 'U10707']",6
U14399,"['U1977', 'U10425', 'U7015', 'U10284', 'U12160', 'U4899', 'U11398']",7
U14400,"['U12671', 'U5366']",2
U14401,"['U5523', 'U8193', 'U4498']",3
U14402,"['U13864', 'U3350', 'U4732']",3
U14403,"['U160', 'U10230', 'U9785', 'U13007', 'U13958', 'U11482']",6
U14404,"['U12736', 'U3844', 'U5831', 'U3464', 'U9404', 'U3891', 'U1126']",7
U14405,"['U14280', 'U12367', 'U2376', 'U13409', 'U14159', 'U14877']",6
U14406,"['U526', 'U12223', 'U14825', 'U5791']",4
U14407,"['U232', 'U7902', 'U7162', 'U10319', 'U11567', 'U814', 'U8608', 'U10319']",8
U14408,"['U6622', 'U14251', 'U4093']",3
U14409,"['U972', 'U12902']",2
U14410,"['U8176', 'U763', 'U12461']",3
U14411,"['U8034', 'U13654', 'U6789', 'U14530']",4
U14412,"['U10578', 'U8461', 'U907', 'U5877', 'U10551']",5
U14413,"['U1602', 'U1476', 'U3350']",3
U14414,"['U2558', 'U11432', 'U9780', 'U3096', 'U10408', 'U509']",6
U14415,"['U13565', 'U3895']",2
U14416,['U13669'],1
U14417,"['U7742', 'U2502', 'U8503']",3
U14418,"['U7725', 'U6212', 'U297', 'U6268', 'U14433']",5
U14419,"['U669', 'U13796', 'U5640', 'U10926', 'U4305', 'U7377', 'U1818']",7
U14420,"['U13260', 'U5140', 'U8454', 'U9619']",4
U14421,"['U6269', 'U10784', 'U4501']",3
U14422,"['U1306', 'U7623', 'U8621']",3
U14423,"['U790', 'U4612', 'U10223', 'U4034', 'U13139', 'U2498', 'U2289']",7
U14424,"['U12316', 'U6913', 'U7573', 'U12964', 'U10317', 'U13912']",6
U14425,"['U380', 'U6535', 'U13002', 'U11107', 'U12418']",5
U14426,"['U11563', 'U12038', 'U2944', 'U12093', 'U7634', 'U5738']",6
U14427,"['U13582', 'U8562']",2
U14428,"['U1558', 'U1761', 'U1211', 'U5601', 'U11978', 'U11936']",6
U14429,"['U1339', 'U6788', 'U4567', 'U1519', 'U14132', 'U3683']",6
U14430,"['U14088', 'U2239', 'U1417', 'U8328', 'U6487', 'U671', 'U6359', 'U14315']",8
U14431,"['U13984', 'U1992', 'U3449']",3
U14432,"['U14910', 'U7340', 'U5279', 'U4751', 'U1565', 'U9314', 'U11537']",7
U14433,"['U8232', 'U1029', 'U10934', 'U9515', 'U12841']",5
U14434,"['U7231', 'U10646', 'U4048']",3
U14435,"['U14002', 'U7359', 'U13635']",3
U14436,"['U14061', 'U14229', 'U3065', 'U12011', 'U2158']",5
U14437,"['U7685', 'U882', 'U4753']",3
U14438,"['U4780', 'U245']",2
U14439,"['U9061', 'U7693', 'U4747', 'U2979', 'U13778', 'U7394', 'U3401']",7
U14440,"['U13196', 'U11171']",2
U14441,"['U8450', 'U8302', 'U9071', 'U5287', 'U11154', 'U1107']",6
U14442,"['U11078', 'U11121', 'U11307']",3
U14443,"['U12659', 'U14060', 'U816']",3
U14444,"['U12034', 'U12420', 'U3749', 'U13872', 'U13619', 'U14171']",6
U14445,"['U3560', 'U11799', 'U7390']",3
U14446,"['U14324', 'U2533', 'U10696']",3
U14447,"['U2984', 'U540', 'U4085']",3
U14448,"['U8679', 'U1902', 'U1225', 'U6317']",4
U14449,"['U8016', 'U13248', 'U949', 'U4704', 'U5483']",5
U14450,"['U10943', 'U10096', 'U8984', 'U2439']",4
U14451,"['U2381', 'U8089', 'U11095', 'U11320', 'U10940']",5
U14452,"['U13753', 'U5133', 'U11562', 'U4879', 'U3980', 'U1764']",6
U14453,"['U10494', 'U1879', 'U3130', 'U3736']",4
U14454,"['U13616', 'U3675', 'U7420', 'U4644', 'U12435', 'U1369']",6
U14455,"['U5150', 'U6193', 'U9187', 'U7880', 'U1331']",5
U14456,"['U329', 'U14288', 'U313', 'U12081', 'U4174', 'U5954', 'U1599']",7
U14457,"['U13214', 'U13098', 'U8950']",3
U14458,[],0
U14459,"['U10086', 'U10485', 'U2054', 'U13845']",4
U14460,"['U12825', 'U6197', 'U2835', 'U3306']",4
U14461,"['U771', 'U12113', 'U1075', 'U5666', 'U4463']",5
U14462,"['U12243', 'U7893', 'U760', 'U5516', 'U3629']",5
U14463,"['U10374', 'U8529', 'U8361', 'U5871']",4
U14464,"['U3170', 'U360', 'U6836']",3
U14465,"['U2277', 'U11397', 'U2014', 'U14831', 'U9265', 'U14671']",6
U14466,"['U12528', 'U11125', 'U13447', 'U4577', 'U6142', 'U7518', 'U8510', 'U13519', 'U6824']",9
U14467,"['U2253', 'U4912', 'U6624', 'U5336', 'U13469', 'U8054']",6
U14468,"['U5701', 'U10781', 'U8398', 'U9824', 'U12229']",5
U14469,"['U11563', 'U5163', 'U7363', 'U10903', 'U8253', 'U362', 'U10256', 'U1874', 'U9815', 'U7980', 'U2834', 'U1565']",12
U14470,"['U13350', 'U13769', 'U2006']",3
U14471,"['U11206', 'U8081']",2
U14472,"['U12531', 'U4737', 'U1000', 'U13090', 'U10971']",5
U14473,"['U13592', 'U12796', 'U9186', 'U6889', 'U4134']",5
U14474,"['U7541', 'U4659', 'U13929', 'U4392']",4
U14475,"['U4429', 'U1376', 'U4671', 'U9282']",4
U14476,"['U13424', 'U365', 'U11169']",3
U14477,"['U14886', 'U9630', 'U10402', 'U10892', 'U1098', 'U13847']",6
U14478,"['U3432', 'U2528', 'U10805', 'U1415', 'U13083', 'U7224']",6
U14479,['U13881'],1
U14480,"['U2299', 'U8550', 'U5272', 'U13212']",4
U14481,"['U243', 'U5085', 'U7377', 'U870', 'U4160']",5
U14482,"['U4303', 'U5773', 'U1995', 'U14517']",4
U14483,"['U3281', 'U5702', 'U2328', 'U7275', 'U3196', 'U11116']",6
U14484,"['U7455', 'U1677', 'U10515', 'U13851', 'U13842']",5
U14485,"['U14996', 'U68', 'U4488', 'U4305', 'U9491', 'U12946', 'U3460', 'U2095', 'U11283']",9
U14486,"['U8479', 'U4358', 'U1454']",3
U14487,"['U1993', 'U5703', 'U11109', 'U2032', 'U7901', 'U9955']",6
U14488,"['U7920', 'U2863']",2
U14489,"['U1374', 'U4066', 'U483']",3
U14490,"['U7899', 'U11584', 'U11975', 'U5566', 'U8728']",5
U14491,"['U2046', 'U14086', 'U2663', 'U11860']",4
U14492,"['U5133', 'U8855']",2
U14493,"['U3949', 'U14850', 'U7971', 'U7509', 'U9660']",5
U14494,"['U5946', 'U2683', 'U2151', 'U4324', 'U8911', 'U6094', 'U3322', 'U10687', 'U12048', 'U2318', 'U6432']",11
U14495,"['U3584', 'U1297', 'U11160', 'U14078', 'U6144', 'U6292', 'U2103', 'U14553']",8
U14496,[],0
U14497,"['U8832', 'U13894', 'U4766', 'U2266', 'U2542', 'U1108', 'U4452']",7
U14498,"['U1299', 'U8910', 'U4419', 'U14178', 'U2101', 'U9196', 'U756', 'U14239', 'U5652']",9
U14499,"['U5037', 'U8540', 'U10786', 'U10436']",4
U14500,"['U10490', 'U6689']",2
U14501,"['U7556', 'U1386', 'U13604', 'U2665', 'U10323', 'U491']",6
U14502,"['U3088', 'U11121', 'U7898', 'U10725', 'U5068', 'U7807', 'U8435']",7
U14503,"['U5718', 'U1116', 'U13515']",3
U14504,"['U1838', 'U7900', 'U4492', 'U12686', 'U1585', 'U9785', 'U8259', 'U6574', 'U9222']",9
U14505,"['U2249', 'U7283', 'U2355']",3
U14506,"['U11864', 'U2397', 'U12799', 'U872']",4
U14507,"['U4851', 'U13140', 'U7749', 'U12642', 'U4705', 'U13341', 'U894', 'U10358']",8
U14508,"['U5318', 'U12742', 'U10276', 'U10501', 'U1018', 'U11790']",6
U14509,"['U6189', 'U11203', 'U1175', 'U12979', 'U3833', 'U14004']",6
U14510,"['U7500', 'U3205', 'U9980', 'U8167', 'U283']",5
U14511,"['U12820', 'U4444', 'U6198', 'U12656', 'U7589', 'U11501', 'U3289']",7
U14512,"['U394', 'U5443', 'U1385', 'U13567']",4
U14513,"['U12624', 'U2211', 'U2422', 'U11962']",4
U14514,"['U2983', 'U8545', 'U3047']",3
U14515,"['U3373', 'U3456', 'U13007', 'U5597']",4
U14516,['U3234'],1
U14517,"['U9018', 'U6072']",2
U14518,"['U10746', 'U12390', 'U937', 'U12871']",4
U14519,"['U12851', 'U1532', 'U1225']",3
U14520,"['U7134', 'U1493']",2
U14521,"['U12585', 'U5686', 'U11472', 'U6761', 'U8300', 'U2909']",6
U14522,"['U7463', 'U8540', 'U26', 'U12517', 'U3069']",5
U14523,"['U1825', 'U739', 'U10721', 'U1038', 'U141', 'U3689']",6
U14524,"['U467', 'U8888', 'U14336', 'U12733', 'U1072', 'U1016', 'U1731']",7
U14525,"['U11834', 'U189', 'U6020']",3
U14526,"['U10434', 'U5529', 'U8947', 'U7261', 'U2441']",5
U14527,"['U4273', 'U9079', 'U7674', 'U14799', 'U12376']",5
U14528,"['U2976', 'U9244', 'U6454', 'U1442']",4
U14529,"['U2982', 'U9770', 'U2765', 'U13801', 'U5017']",5
U14530,"['U3643', 'U5668', 'U13739', 'U2323', 'U8887', 'U4963']",6
U14531,"['U5198', 'U8522', 'U1267', 'U14371', 'U5729', 'U9265', 'U3131', 'U13099']",8
U14532,"['U5254', 'U10403']",2
U14533,"['U5361', 'U12009']",2
U14534,"['U7403', 'U4604', 'U13129', 'U3055', 'U14368', 'U11982']",6
U14535,"['U6638', 'U6081', 'U13610']",3
U14536,"['U7516', 'U12087', 'U6576', 'U5106', 'U2094', 'U7449']",6
U14537,"['U6309', 'U9430', 'U11430', 'U13633', 'U8593', 'U6779', 'U4346']",7
U14538,"['U849', 'U6252', 'U7425', 'U14042', 'U1784', 'U8123']",6
U14539,"['U3047', 'U14125']",2
U14540,"['U196', 'U11336', 'U11630', 'U5268', 'U11712', 'U49']",6
U14541,"['U12155', 'U5443', 'U14923']",3
U14542,"['U23', 'U9719']",2
U14543,"['U7599', 'U1803', 'U4860', 'U11554']",4
U14544,"['U3658', 'U14991']",2
U14545,"['U87', 'U9446', 'U13881', 'U603']",4
U14546,"['U1513', 'U5093', 'U11479']",3
U14547,"['U10200', 'U6589', 'U2883', 'U547']",4
U14548,"['U1188', 'U12346', 'U12041', 'U2255', 'U9131']",5
U14549,"['U10192', 'U6876', 'U7330', 'U4355', 'U14979', 'U14805']",6
U14550,"['U3056', 'U11352', 'U6137', 'U3010']",4
U14551,"['U10311', 'U6280', 'U8785']",3
U14552,"['U12461', 'U11471', 'U2858', 'U5857', 'U10660']",5
U14553,"['U6304', 'U4141', 'U7807', 'U3876']",4
U14554,"['U4033', 'U6400', 'U9031']",3
U14555,"['U10331', 'U424', 'U12780', 'U8415', 'U667']",5
U14556,"['U10595', 'U2264', 'U9620', 'U5651']",4
U14557,"['U5367', 'U8755', 'U5122', 'U3386']",4
U14558,"['U3665', 'U13959', 'U9965', 'U11465']",4
U14559,"['U8094', 'U2852', 'U12158']",3
U14560,"['U1300', 'U5360', 'U4244', 'U2131', 'U3353', 'U12718']",6
U14561,"['U6452', 'U10923', 'U11676', 'U7374', 'U6789']",5
U14562,"['U7188', 'U2479', 'U7168', 'U9639', 'U4055', 'U1842', 'U4621', 'U6829']",8
U14563,"['U12953', 'U10641', 'U10363', 'U3314', 'U13856']",5
U14564,"['U10945', 'U2563', 'U5613', 'U3074', 'U897', 'U5689', 'U4317', 'U12767']",8
U14565,"['U9700', 'U2457', 'U735']",3
U14566,"['U8714', 'U7265', 'U13770', 'U9879', 'U13658', 'U9542']",6
U14567,"['U2590', 'U2826', 'U3195', 'U6386', 'U4134']",5
U14568,"['U3585', 'U5743', 'U8319', 'U6314', 'U2764', 'U7772']",6
U14569,"['U14495', 'U6634', 'U8550', 'U1712', 'U11042']",5
U14570,"['U5224', 'U5792', 'U14524', 'U13673']",4
U14571,"['U2017', 'U4926', 'U1166']",3
U14572,"['U2994', 'U11481', 'U6309', 'U11435', 'U12068']",5
U14573,"['U7191', 'U8605', 'U14672', 'U9134', 'U6855', 'U2857', 'U9792']",7
U14574,"['U938', 'U10551', 'U267', 'U2879', 'U8705']",5
U14575,"['U556', 'U895', 'U4406', 'U3679', 'U6092', 'U11165', 'U13669', 'U7354']",8
U14576,"['U10099', 'U7762', 'U13144', 'U2787']",4
U14577,"['U11328', 'U3902', 'U12061', 'U3138', 'U11028']",5
U14578,"['U844', 'U13096', 'U3847', 'U11582', 'U14944', 'U3003', 'U5321']",7
U14579,"['U11296', 'U9222']",2
U14580,"['U12277', 'U14402', 'U4739']",3
U14581,"['U10214', 'U9085', 'U12902', 'U13685', 'U11202', 'U11918']",6
U14582,"['U7156', 'U2549', 'U7411']",3
U14583,"['U9264', 'U3839', 'U1188', 'U7512', 'U1823', 'U2877', 'U13274', 'U1992']",8
U14584,"['U14711', 'U11409']",2
U14585,"['U11446', 'U12789', 'U9151']",3
U14586,"['U4036', 'U262', 'U13914', 'U12863']",4
U14587,"['U7767', 'U14561', 'U5307', 'U1132']",4
U14588,"['U14070', 'U7640', 'U2019', 'U12226', 'U3978']",5
U14589,"['U8673', 'U3786', 'U6061', 'U5495', 'U14373', 'U11829', 'U9138', 'U4996', 'U1238']",9
U14590,"['U7321', 'U6713', 'U9090']",3
U14591,"['U3985', 'U2212', 'U9259', 'U3320']",4
U14592,"['U14962', 'U13735', 'U523', 'U2427', 'U7903']",5
U14593,"['U11747', 'U13099', 'U3707', 'U483', 'U2130', 'U4120', 'U9717', 'U6213', 'U11293', 'U11652']",10
U14594,"['U12703', 'U14320', 'U2222', 'U8408', 'U7863', 'U8022']",6
U14595,[],0
U14596,"['U7253', 'U6906', 'U3181', 'U12925', 'U11667', 'U8813', 'U13911', 'U13751']",8
U14597,"['U1383', 'U1316']",2
U14598,"['U3194', 'U4400', 'U6405', 'U8770', 'U8852']",5
U14599,"['U10351', 'U1457', 'U10076', 'U14546']",4
U14600,"['U4139', 'U7240', 'U111']",3
U14601,"['U970', 'U7537', 'U1377', 'U11126', 'U5335', 'U402']",6
U14602,"['U103', 'U4784', 'U8726']",3
U14603,"['U12596', 'U4942', 'U2667', 'U13555', 'U12873', 'U13121']",6
U14604,"['U7183', 'U1659']",2
U14605,"['U3851', 'U12757', 'U8358', 'U12380', 'U6921', 'U2813']",6
U14606,"['U10868', 'U13008', 'U13457', 'U4741', 'U5580']",5
U14607,"['U12251', 'U14346', 'U10043', 'U10801']",4
U14608,"['U12398', 'U6595', 'U4667', 'U9833', 'U7423']",5
U14609,"['U6469', 'U1003', 'U927', 'U13581']",4
U14610,"['U12266', 'U14940', 'U5727', 'U3076', 'U12414']",5
U14611,"['U2617', 'U7153', 'U14000', 'U8990', 'U13906']",5
U14612,"['U13685', 'U3282']",2
U14613,"['U12921', 'U3977']",2
U14614,"['U14931', 'U13850', 'U105', 'U5386', 'U13965', 'U5675', 'U1727']",7
U14615,"['U4667', 'U13335', 'U3954', 'U3079', 'U11284', 'U4355']",6
U14616,"['U5054', 'U8465', 'U13648', 'U9530', 'U11839', 'U12105']",6
U14617,"['U8776', 'U2698', 'U6169', 'U14814', 'U3108', 'U14629', 'U12015', 'U6577']",8
U14618,"['U209', 'U6011', 'U8190']",3
U14619,"['U11711', 'U823', 'U840', 'U8242']",4
U14620,"['U3276', 'U2390']",2
U14621,['U3097'],1
U14622,"['U14495', 'U14351', 'U13740', 'U9303', 'U6169', 'U4501', 'U13656', 'U8510']",8
U14623,"['U751', 'U13250', 'U6807', 'U7652', 'U12827']",5
U14624,"['U1587', 'U2880', 'U1187', 'U14956', 'U7408', 'U12826', 'U12057', 'U9721']",8
U14625,"['U968', 'U13619']",2
U14626,"['U4707', 'U2476', 'U3161']",3
U14627,"['U12676', 'U11526']",2
U14628,"['U9586', 'U879', 'U4470', 'U14174', 'U1006']",5
U14629,"['U11280', 'U13268', 'U6516', 'U12867', 'U12845', 'U9972', 'U4188']",7
U14630,"['U3537', 'U3001', 'U13809', 'U5137']",4
U14631,"['U8154', 'U9908', 'U10074', 'U13246', 'U14011', 'U11629', 'U1176']",7
U14632,"['U4887', 'U2337', 'U6729', 'U4996', 'U7998', 'U7976', 'U5418', 'U6210']",8
U14633,"['U10159', 'U7345', 'U13326', 'U6296', 'U8263', 'U6159', 'U2571']",7
U14634,"['U3667', 'U9346', 'U7064', 'U342']",4
U14635,"['U3702', 'U948', 'U7229']",3
U14636,"['U11362', 'U5337', 'U14784', 'U6016']",4
U14637,"['U11859', 'U3237']",2
U14638,"['U2831', 'U13045', 'U5277', 'U8051', 'U8755', 'U14279', 'U416']",7
U14639,"['U3914', 'U13027', 'U13524', 'U13126', 'U10947', 'U12214', 'U5263', 'U4762']",8
U14640,"['U12785', 'U1421', 'U5238', 'U12365', 'U11025']",5
U14641,"['U2403', 'U6932', 'U1618']",3
U14642,"['U10107', 'U12343', 'U9622', 'U1998']",4
U14643,"['U6633', 'U6109', 'U11811', 'U5777', 'U7223', 'U906', 'U10613', 'U4697']",8
U14644,"['U12028', 'U6846', 'U1566', 'U7449', 'U5367']",5
U14645,"['U9854', 'U5366', 'U2203', 'U14871', 'U12097', 'U1464']",6
U14646,"['U10774', 'U10317', 'U9789']",3
U14647,['U13903'],1
U14648,"['U1103', 'U4928', 'U13030', 'U8618', 'U10347']",5
U14649,"['U12112', 'U9215', 'U11657', 'U5211', 'U14094', 'U5235', 'U9134']",7
U14650,"['U14206', 'U10224', 'U1343', 'U8687', 'U14880', 'U4959', 'U10556']",7
U14651,"['U9779', 'U14329']",2
U14652,"['U926', 'U1429']",2
U14653,"['U13797', 'U2166', 'U11992', 'U12306']",4
U14654,"['U5872', 'U10059', 'U11247', 'U1384', 'U8174']",5
U14655,"['U105', 'U10848']",2
U14656,"['U6458', 'U7446', 'U5145']",3
U14657,"['U3052', 'U2409', 'U3796', 'U11721', 'U6587', 'U13065']",6
U14658,"['U13873', 'U7635', 'U9589', 'U14388', 'U14670', 'U3292']",6
U14659,"['U2629', 'U9771', 'U5231', 'U7959', 'U8393', 'U1153', 'U2296', 'U1518']",8
U14660,"['U10844', 'U12552', 'U5696', 'U12072', 'U513']",5
U14661,"['U4081', 'U9376', 'U608', 'U4549', 'U5001', 'U6570', 'U8053']",7
U14662,"['U4253', 'U1562', 'U13925', 'U4871', 'U2406']",5
U14663,"['U3781', 'U3759']",2
U14664,"['U6497', 'U1548', 'U14159', 'U8972', 'U14561', 'U10554', 'U1528']",7
U14665,"['U13475', 'U11950', 'U2223', 'U10824']",4
U14666,"['U2487', 'U3717', 'U3679', 'U9727', 'U14300', 'U6698', 'U4099', 'U13992', 'U2218']",9
U14667,"['U5957', 'U9287', 'U9946', 'U8092', 'U3597']",5
U14668,"['U4845', 'U4476', 'U7288', 'U13228', 'U7220']",5
U14669,"['U4027', 'U3184', 'U9873', 'U5467', 'U12056', 'U3403', 'U6846', 'U14680', 'U941', 'U9799']",10
U14670,"['U2822', 'U13641', 'U3217']",3
U14671,"['U5178', 'U4214', 'U1062', 'U1425', 'U2464']",5
U14672,['U8456'],1
U14673,"['U185', 'U7998']",2
U14674,"['U9152', 'U1051', 'U3880', 'U1229', 'U3351', 'U10028', 'U1959']",7
U14675,"['U7821', 'U6332', 'U1390', 'U5313', 'U9382']",5
U14676,"['U232', 'U918', 'U4301', 'U7052']",4
U14677,"['U14788', 'U5834', 'U8804', 'U2890', 'U9311', 'U13850', 'U8502', 'U8813']",8
U14678,"['U13583', 'U14278', 'U13576', 'U5408', 'U1343', 'U7149']",6
U14679,"['U7959', 'U2026', 'U13054', 'U2250', 'U11075', 'U1290']",6
U14680,"['U9318', 'U103']",2
U14681,"['U916', 'U14027', 'U11678', 'U9185', 'U9092']",5
U14682,"['U10508', 'U971', 'U14328', 'U3802', 'U13685', 'U1474', 'U10812']",7
U14683,"['U13057', 'U11029', 'U7800']",3
U14684,"['U2728', 'U9709', 'U8687', 'U9759']",4
U14685,"['U7480', 'U561', 'U2776']",3
U14686,"['U2060', 'U952', 'U12049', 'U4471']",4
U14687,"['U12460', 'U8239', 'U12696', 'U10011']",4
U14688,"['U10682', 'U8358', 'U8826', 'U4373', 'U13712', 'U1553']",6
U14689,"['U9799', 'U10824', 'U4131', 'U7553', 'U9369', 'U8109', 'U12748']",7
U14690,"['U4387', 'U4337']",2
U14691,"['U5401', 'U13394', 'U13364', 'U12673', 'U9998', 'U4244']",6
U14692,"['U6668', 'U9606', 'U1263', 'U7994', 'U3619']",5
U14693,"['U12588', 'U14668', 'U6407', 'U3803', 'U12576', 'U11907', 'U553', 'U11174', 'U5169']",9
U14694,"['U6832', 'U5736', 'U3295', 'U13116', 'U10846', 'U4673']",6
U14695,"['U14511', 'U7360', 'U14616']",3
U14696,"['U2729', 'U11606', 'U5071', 'U3642']",4
U14697,"['U4450', 'U878', 'U1078', 'U11308', 'U6161', 'U6005']",6
U14698,"['U11392', 'U4628', 'U89', 'U4421']",4
U14699,"['U10635', 'U12996', 'U14929', 'U4049', 'U8450', 'U8265']",6
U14700,"['U4031', 'U10629', 'U13171', 'U2159', 'U946', 'U1421']",6
U14701,"['U5822', 'U3191', 'U13764', 'U13921', 'U11132', 'U5485']",6
U14702,"['U10026', 'U9183', 'U11888', 'U7975']",4
U14703,"['U7649', 'U7062']",2
U14704,"['U7772', 'U6968', 'U7584', 'U12810']",4
U14705,"['U10523', 'U771']",2
U14706,"['U13873', 'U7669', 'U6578', 'U7131']",4
U14707,"['U7038', 'U6830']",2
U14708,"['U10906', 'U10091', 'U13136', 'U3105', 'U11569', 'U4204', 'U7171']",7
U14709,"['U8809', 'U5249', 'U8251', 'U2466']",4
U14710,"['U11267', 'U3339', 'U14650', 'U7592']",4
U14711,"['U11636', 'U4359']",2
U14712,"['U13382', 'U2975', 'U10541', 'U13300']",4
U14713,"['U14059', 'U9640', 'U1459', 'U5765', 'U668']",5
U14714,"['U5854', 'U11324', 'U11481', 'U4317', 'U8764', 'U361']",6
U14715,"['U7296', 'U4598', 'U1076', 'U8624']",4
U14716,"['U4896', 'U5953', 'U6528', 'U7494', 'U11680', 'U13237', 'U10895']",7
U14717,"['U6806', 'U672', 'U12679', 'U12846']",4
U14718,"['U7226', 'U11421', 'U10044', 'U12182', 'U773']",5
U14719,"['U14406', 'U4547', 'U11450', 'U9908', 'U2508']",5
U14720,"['U11332', 'U1559', 'U6870', 'U7663', 'U10968']",5
U14721,"['U2651', 'U13429', 'U8464', 'U4249', 'U11925', 'U10129', 'U2347', 'U13984']",8
U14722,"['U5227', 'U12346', 'U4479']",3
U14723,"['U10164', 'U14933', 'U9738']",3
U14724,"['U2407', 'U8357', 'U12340', 'U1959']",4
U14725,"['U751', 'U1045', 'U7211', 'U2046']",4
U14726,"['U3258', 'U3387', 'U1473', 'U13624', 'U11192', 'U6361', 'U11663']",7
U14727,"['U8935', 'U8976', 'U9139']",3
U14728,"['U5265', 'U656', 'U7381', 'U3879']",4
U14729,"['U12493', 'U4362', 'U9341', 'U5222']",4
U14730,"['U3108', 'U8969', 'U12322', 'U12176', 'U4824', 'U8895']",6
U14731,"['U9911', 'U9534', 'U296', 'U1663']",4
U14732,"['U12951', 'U12961', 'U2219', 'U4128', 'U627', 'U6344', 'U5957']",7
U14733,"['U3359', 'U2753', 'U4639']",3
U14734,"['U7688', 'U1668', 'U207', 'U8438', 'U5904', 'U2960', 'U11871', 'U14423']",8
U14735,"['U11835', 'U8408', 'U4766', 'U10493']",4
U14736,['U3951'],1
U14737,"['U11458', 'U4066', 'U14699', 'U5646', 'U6531', 'U36']",6
U14738,"['U12664', 'U9376', 'U3151', 'U6301', 'U10996', 'U13977']",6
U14739,"['U2505', 'U12371', 'U430', 'U3829', 'U1106', 'U12298']",6
U14740,"['U4615', 'U14100', 'U1880', 'U4646']",4
U14741,"['U10921', 'U3998', 'U9491', 'U5208']",4
U14742,"['U14047', 'U4149', 'U1718', 'U1761', 'U12987', 'U13927', 'U6787', 'U13249']",8
U14743,"['U5481', 'U13606', 'U13430', 'U3672', 'U520', 'U14771', 'U10741', 'U6240', 'U1702']",9
U14744,"['U14225', 'U1225', 'U10657', 'U11027', 'U1628']",5
U14745,"['U9806', 'U11855', 'U12623', 'U6556']",4
U14746,"['U10626', 'U6808', 'U1980', 'U10831', 'U14135', 'U10776', 'U902', 'U10830']",8
U14747,"['U1556', 'U11581', 'U3452', 'U11739']",4
U14748,"['U8762', 'U3982', 'U10557']",3
U14749,"['U12207', 'U10392', 'U6833', 'U5115', 'U6867', 'U13875', 'U13887', 'U1662', 'U12892', 'U4416', 'U11493']",11
U14750,['U5948'],1
U14751,"['U576', 'U3993', 'U2588', 'U12655', 'U11673', 'U14492', 'U10666']",7
U14752,"['U4568', 'U11332']",2
U14753,"['U446', 'U2607', 'U10508']",3
U14754,"['U1985', 'U10482', 'U12080', 'U5838']",4
U14755,"['U413', 'U4036']",2
U14756,['U10507'],1
U14757,"['U1303', 'U3885', 'U657', 'U11989', 'U8385', 'U9847', 'U6829']",7
U14758,"['U8310', 'U959', 'U9235']",3
U14759,"['U8286', 'U14760', 'U2067', 'U1506', 'U10414']",5
U14760,"['U13123', 'U6064', 'U11430', 'U10784', 'U1554', 'U8935']",6
U14761,"['U6013', 'U2978', 'U12273', 'U14449', 'U2014', 'U9104', 'U13216', 'U6541', 'U9949', 'U7868', 'U7058']",11
U14762,[],0
U14763,"['U3394', 'U6259', 'U10247', 'U12389', 'U5396', 'U14313', 'U1731', 'U13818']",8
U14764,"['U13752', 'U8356']",2
U14765,"['U13617', 'U14570']",2
U14766,"['U1020', 'U2404']",2
U14767,"['U11140', 'U3199', 'U7509']",3
U14768,"['U9025', 'U9623', 'U13164', 'U12510', 'U6430', 'U5189', 'U3229', 'U8642']",8
U14769,"['U286', 'U11808', 'U11744', 'U7857']",4
U14770,"['U10316', 'U8775']",2
U14771,"['U7137', 'U6224', 'U2522', 'U11661', 'U4293']",5
U14772,"['U3076', 'U1306', 'U2857']",3
U14773,"['U13780', 'U8205', 'U14606', 'U6759', 'U9663']",5
U14774,"['U109', 'U14208', 'U13025', 'U9823']",4
U14775,"['U13477', 'U1985', 'U14104', 'U6891', 'U1501', 'U234', 'U5586']",7
U14776,"['U8419', 'U9897', 'U922', 'U1197', 'U12957', 'U709']",6
U14777,"['U4476', 'U9494', 'U14758', 'U5408']",4
U14778,"['U10487', 'U8725', 'U510', 'U12039', 'U4525', 'U6596']",6
U14779,"['U8509', 'U790', 'U9444', 'U10402', 'U132']",5
U14780,"['U3112', 'U11247', 'U7567', 'U1497', 'U14955']",5
U14781,"['U4737', 'U3869', 'U527']",3
U14782,"['U8549', 'U2715', 'U2517']",3
U14783,"['U1653', 'U4089', 'U14373']",3
U14784,"['U10504', 'U4294', 'U1605']",3
U14785,"['U11592', 'U3108', 'U9951', 'U10739', 'U10557']",5
U14786,"['U8991', 'U1301', 'U3993']",3
U14787,"['U2428', 'U10720', 'U127', 'U511', 'U9920', 'U12855']",6
U14788,['U5666'],1
U14789,"['U9678', 'U10763', 'U14618', 'U6200']",4
U14790,['U10466'],1
U14791,"['U6424', 'U9448', 'U11162', 'U11746', 'U3853']",5
U14792,"['U5447', 'U5178']",2
U14793,"['U1146', 'U1202', 'U4070', 'U10371']",4
U14794,"['U4259', 'U8168', 'U3787', 'U5760', 'U14918', 'U7695']",6
U14795,"['U6868', 'U5326', 'U12268']",3
U14796,"['U12998', 'U8732', 'U4053', 'U6061']",4
U14797,"['U8724', 'U11173']",2
U14798,"['U13686', 'U11742', 'U5571', 'U2701', 'U5225', 'U9327', 'U7460', 'U5059', 'U14070']",9
U14799,"['U12412', 'U9739', 'U4840', 'U784', 'U438', 'U9446', 'U13112']",7
U14800,"['U6857', 'U3744', 'U9475']",3
U14801,"['U2783', 'U2126', 'U14950', 'U5678', 'U3650', 'U6803', 'U9767', 'U9370', 'U3737']",9
U14802,"['U1764', 'U8041', 'U12025', 'U10820', 'U1495']",5
U14803,"['U12256', 'U10135', 'U6648', 'U1877', 'U10114', 'U14205']",6
U14804,"['U13411', 'U3126', 'U10098', 'U12185']",4
U14805,"['U698', 'U6490', 'U2818', 'U994', 'U3860', 'U12304', 'U10896', 'U315', 'U12205', 'U8507']",10
U14806,"['U8312', 'U3951', 'U3898', 'U7555']",4
U14807,"['U8216', 'U4651', 'U8028', 'U7639', 'U4229', 'U3757', 'U3835', 'U3216']",8
U14808,"['U2893', 'U13553', 'U12202']",3
U14809,"['U3663', 'U6824', 'U1402', 'U684']",4
U14810,"['U6667', 'U3928', 'U9441', 'U10700', 'U1025']",5
U14811,"['U12138', 'U6962', 'U10622', 'U9322', 'U12138']",5
U14812,"['U9693', 'U7660', 'U1885']",3
U14813,"['U13162', 'U4287']",2
U14814,"['U4066', 'U10214', 'U8262', 'U13640', 'U1197', 'U2096', 'U12841', 'U12051', 'U1737']",9
U14815,"['U6674', 'U7523', 'U6111', 'U6820']",4
U14816,"['U4932', 'U1970', 'U9880', 'U5044']",4
U14817,"['U12315', 'U8317', 'U12125', 'U2598', 'U9199']",5
U14818,"['U9819', 'U6894', 'U9462', 'U7659', 'U2029', 'U6057']",6
U14819,"['U9088', 'U9359', 'U2558', 'U3236', 'U652', 'U7329']",6
U14820,"['U7723', 'U7778', 'U703', 'U4175', 'U5704', 'U11812', 'U7443', 'U11227']",8
U14821,"['U766', 'U9752', 'U11015', 'U4354']",4
U14822,"['U8758', 'U390']",2
U14823,"['U5646', 'U5114', 'U5828', 'U12510', 'U1225', 'U9665', 'U6545']",7
U14824,"['U12247', 'U10399', 'U10537']",3
U14825,"['U5269', 'U9559', 'U9732', 'U4910', 'U6972']",5
U14826,"['U14966', 'U9669']",2
U14827,"['U3469', 'U6756', 'U5331', 'U6175', 'U3673', 'U6468', 'U4160']",7
U14828,"['U12336', 'U14450', 'U10054', 'U2430', 'U9845', 'U9962']",6
U14829,"['U12755', 'U11737', 'U7845', 'U10442']",4
U14830,"['U8963', 'U7833']",2
U14831,"['U14200', 'U4637', 'U11034', 'U10668', 'U6691', 'U4974']",6
U14832,"['U8598', 'U1639', 'U6650', 'U4037']",4
U14833,"['U11084', 'U12046', 'U7397', 'U11994', 'U8900']",5
U14834,"['U12309', 'U5767', 'U13508']",3
U14835,"['U3828', 'U10724', 'U3764', 'U2174', 'U13851', 'U3470', 'U11531']",7
U14836,[],0
U14837,"['U6496', 'U12788', 'U12163', 'U5191']",4
U14838,"['U10992', 'U12215', 'U9803', 'U11469', 'U9296']",5
U14839,"['U7204', 'U7284', 'U11949', 'U4166', 'U12620']",5
U14840,"['U335', 'U5209']",2
U14841,"['U11836', 'U2965', 'U6963', 'U5220', 'U4945']",5
U14842,"['U13169', 'U14994', 'U9502', 'U3901', 'U246', 'U435', 'U4462']",7
U14843,"['U3592', 'U10816', 'U325']",3
U14844,"['U5054', 'U13054', 'U10727', 'U7455', 'U1088', 'U11912', 'U2879']",7
U14845,"['U1528', 'U10226', 'U9239', 'U4859', 'U10472', 'U7093', 'U6639', 'U672', 'U11168']",9
U14846,"['U4357', 'U938', 'U11681', 'U14599', 'U3182', 'U1143']",6
U14847,"['U12154', 'U14943']",2
U14848,"['U12644', 'U5190', 'U12250', 'U14318', 'U10953', 'U3979', 'U7397']",7
U14849,"['U13103', 'U4164', 'U7665', 'U12962', 'U7383']",5
U14850,"['U11338', 'U8641', 'U3138', 'U13988', 'U7645', 'U13643']",6
U14851,"['U9441', 'U2367', 'U10700', 'U1775']",4
U14852,"['U13242', 'U11622', 'U121', 'U9984', 'U12082', 'U7981', 'U14102', 'U7569', 'U434']",9
U14853,"['U12821', 'U1677', 'U2704', 'U14298']",4
U14854,"['U14803', 'U7952', 'U10521', 'U4661']",4
U14855,"['U230', 'U8193', 'U12652', 'U6037']",4
U14856,['U13767'],1
U14857,"['U12478', 'U12255', 'U11348', 'U11024', 'U13721', 'U3894', 'U5977', 'U12776', 'U14201', 'U2519']",10
U14858,[],0
U14859,"['U10736', 'U11481', 'U11552']",3
U14860,"['U5072', 'U12668']",2
U14861,"['U3621', 'U7771']",2
U14862,"['U536', 'U12618', 'U9254']",3
U14863,"['U5186', 'U7850', 'U4904', 'U11995', 'U4312']",5
U14864,"['U1659', 'U13406']",2
U14865,"['U1015', 'U10567', 'U2975']",3
U14866,"['U2872', 'U6321', 'U1066', 'U8560']",4
U14867,"['U3394', 'U9812', 'U11516', 'U5290', 'U833']",5
U14868,"['U11210', 'U8552', 'U13558']",3
U14869,"['U12425', 'U12087', 'U2457', 'U1792', 'U12453']",5
U14870,"['U7565', 'U7932', 'U4133', 'U6862', 'U11550', 'U5688', 'U471']",7
U14871,"['U9446', 'U14177', 'U7242', 'U14266', 'U7499', 'U7526', 'U182', 'U13804']",8
U14872,"['U7490', 'U588', 'U14166', 'U8318', 'U1247', 'U9001', 'U7757']",7
U14873,"['U5939', 'U6652', 'U331', 'U11950', 'U8214', 'U10885']",6
U14874,['U9403'],1
U14875,"['U1815', 'U11541', 'U2716']",3
U14876,"['U1597', 'U5255']",2
U14877,"['U5891', 'U2211', 'U13862', 'U10382']",4
U14878,"['U8782', 'U3809', 'U1187', 'U10908']",4
U14879,"['U9404', 'U8171', 'U22', 'U1068']",4
U14880,"['U10374', 'U11144', 'U6338', 'U12145', 'U8960', 'U14649']",6
U14881,"['U887', 'U12860', 'U8142']",3
U14882,"['U13368', 'U3676', 'U1115', 'U1046', 'U6108']",5
U14883,[],0
U14884,"['U10967', 'U5812', 'U711', 'U8632', 'U13423', 'U7982', 'U6077']",7
U14885,"['U4306', 'U3183', 'U9221']",3
U14886,"['U749', 'U7928', 'U10609', 'U2913', 'U12440']",5
U14887,"['U10194', 'U11061', 'U13272', 'U9118', 'U366', 'U14126', 'U9571', 'U9060']",8
U14888,"['U14838', 'U3376', 'U9291', 'U5530', 'U5121', 'U1831', 'U10538']",7
U14889,"['U12034', 'U13781', 'U4555', 'U2152']",4
U14890,"['U5525', 'U12144', 'U10597', 'U1896', 'U5754', 'U13631']",6
U14891,"['U1313', 'U10361', 'U9503', 'U6327', 'U7252']",5
U14892,"['U5020', 'U11238', 'U5038', 'U14902', 'U12215']",5
U14893,"['U11214', 'U11507', 'U9601', 'U740']",4
U14894,"['U11154', 'U1843', 'U2288']",3
U14895,"['U3438', 'U8734', 'U14746', 'U2666', 'U14896']",5
U14896,"['U9870', 'U13119', 'U2432', 'U4665', 'U9429', 'U12365', 'U8508', 'U6720']",8
U14897,"['U14828', 'U10666', 'U12424', 'U5597', 'U2315', 'U10807', 'U7646']",7
U14898,"['U13928', 'U14456', 'U9461']",3
U14899,"['U13369', 'U4473', 'U5222']",3
U14900,"['U3456', 'U4554', 'U1250', 'U10996']",4
U14901,"['U14095', 'U5875', 'U8071', 'U6688', 'U2822', 'U4886']",6
U14902,"['U7716', 'U341', 'U2545', 'U11354', 'U14503', 'U8606', 'U1805', 'U2565', 'U7485']",9
U14903,"['U13376', 'U2994', 'U6178', 'U14264', 'U8592', 'U4621', 'U7950', 'U5396']",8
U14904,"['U14214', 'U12582', 'U9412', 'U9803']",4
U14905,"['U12727', 'U1783', 'U5736']",3
U14906,"['U12888', 'U14841', 'U2922', 'U12484', 'U2678', 'U12710']",6
U14907,"['U3720', 'U903', 'U13167', 'U12637', 'U3190', 'U13515']",6
U14908,"['U4817', 'U5570', 'U10903']",3
U14909,"['U882', 'U14347', 'U7891', 'U11556']",4
U14910,"['U9901', 'U12327', 'U14218']",3
U14911,"['U14784', 'U9611', 'U3817', 'U12634']",4
U14912,['U11697'],1
U14913,"['U8259', 'U8993', 'U7709', 'U9777']",4
U14914,"['U12983', 'U3294', 'U2203', 'U1360']",4
U14915,"['U13550', 'U14683', 'U8989', 'U8191']",4
U14916,"['U9416', 'U8360', 'U8614', 'U13834', 'U5340', 'U2209', 'U12869']",7
U14917,[],0
U14918,"['U10353', 'U10797', 'U14950', 'U13685', 'U9684', 'U5036']",6
U14919,"['U5238', 'U4474']",2
U14920,"['U13209', 'U11836', 'U1719', 'U12085', 'U8235', 'U772', 'U9735', 'U4822', 'U13615']",9
U14921,"['U9013', 'U13798', 'U14460', 'U5919', 'U2042', 'U5022']",6
U14922,"['U4489', 'U9449', 'U12157', 'U2604', 'U2986', 'U2848']",6
U14923,"['U12383', 'U3201', 'U9893', 'U8366', 'U10586', 'U7619']",6
U14924,"['U5604', 'U8996', 'U8437', 'U10489', 'U4419', 'U6872', 'U5883', 'U10777']",8
U14925,"['U87', 'U6749', 'U2668', 'U3894', 'U11523']",5
U14926,"['U10440', 'U4667', 'U7677', 'U12305']",4
U14927,"['U936', 'U6394', 'U13218', 'U8323']",4
U14928,"['U6053', 'U178', 'U685', 'U5282', 'U4373']",5
U14929,"['U10707', 'U8675', 'U6980', 'U9115', 'U9053', 'U2607', 'U12053']",7
U14930,"['U2712', 'U2540']",2
U14931,"['U417', 'U1907', 'U3797', 'U8027', 'U12214', 'U4190']",6
U14932,"['U1350', 'U1017', 'U1405']",3
U14933,"['U12077', 'U8489', 'U9811', 'U3052']",4
U14934,"['U14202', 'U3120', 'U11317', 'U1142', 'U10875', 'U12457', 'U7537', 'U10293']",8
U14935,"['U6167', 'U8968', 'U1400', 'U6153', 'U13031', 'U434', 'U14568', 'U14519', 'U2104', 'U6518']",10
U14936,"['U7832', 'U2857', 'U11900', 'U8077', 'U14442', 'U7356']",6
U14937,[],0
U14938,"['U9258', 'U78', 'U5444', 'U14008']",4
U14939,"['U4764', 'U8236', 'U8586']",3
U14940,"['U6390', 'U6853', 'U8110', 'U14292', 'U3992', 'U6097']",6
U14941,"['U8537', 'U704']",2
U14942,"['U13950', 'U2289', 'U3257']",3
U14943,"['U5579', 'U10968', 'U3341', 'U5574', 'U9572']",5
U14944,"['U5475', 'U1925', 'U223', 'U4355']",4
U14945,"['U1015', 'U14678']",2
U14946,"['U10689', 'U6910', 'U12208', 'U425', 'U14420', 'U8145', 'U1881']",7
U14947,"['U8092', 'U12484']",2
U14948,"['U13831', 'U12720', 'U6211', 'U1533']",4
U14949,"['U980', 'U591']",2
U14950,"['U8946', 'U11539', 'U1072', 'U10397', 'U9097', 'U2763', 'U8283', 'U14678', 'U13282']",9
U14951,['U1962'],1
U14952,"['U6694', 'U14172', 'U2614', 'U14154', 'U3974', 'U8307', 'U7075', 'U12794', 'U5969']",9
U14953,"['U13395', 'U2410', 'U11733', 'U5818']",4
U14954,"['U14360', 'U1798', 'U7326', 'U11152', 'U9821']",5
U14955,"['U6288', 'U14568', 'U1777', 'U2463']",4
U14956,"['U12928', 'U6729', 'U14337', 'U6783', 'U6971', 'U4399', 'U7309', 'U258']",8
U14957,"['U12087', 'U6392', 'U4534', 'U14089', 'U3925', 'U6699']",6
U14958,"['U5010', 'U14234', 'U6211']",3
U14959,"['U12703', 'U13139', 'U14457', 'U8166', 'U9327']",5
U14960,"['U2921', 'U11263', 'U12754']",3
U14961,"['U4748', 'U13622', 'U8314']",3
U14962,"['U9380', 'U14108', 'U4386', 'U5446']",4
U14963,"['U6099', 'U10414', 'U4985', 'U12782', 'U3922', 'U5857']",6
U14964,"['U5971', 'U4629', 'U524', 'U4792', 'U12298', 'U4529', 'U10370', 'U9027', 'U2384', 'U13079']",10
U14965,"['U10686', 'U10720']",2
U14966,"['U6731', 'U9569']",2
U14967,"['U6879', 'U14990', 'U4049']",3
U14968,"['U6292', 'U186']",2
U14969,"['U1376', 'U5746', 'U11188', 'U7458']",4
U14970,"['U4169', 'U4491', 'U945', 'U4239', 'U9180', 'U2134', 'U11103']",7
U14971,"['U8674', 'U2971', 'U9289']",3
U14972,"['U5047', 'U4556', 'U1721', 'U5575']",4
U14973,"['U14847', 'U10699', 'U12026', 'U5037', 'U5681']",5
U14974,"['U3255', 'U8318', 'U4715']",3
U14975,"['U11973', 'U10592', 'U13306', 'U5068', 'U6201']",5
U14976,"['U14529', 'U7739', 'U3769']",3
U14977,"['U1607', 'U9044']",2
U14978,"['U2590', 'U3602', 'U12447', 'U3160', 'U10345']",5
U14979,"['U9767', 'U571', 'U12523', 'U9949']",4
U14980,"['U9384', 'U3302']",2
U14981,"['U3374', 'U873', 'U5267', 'U11608', 'U6501']",5
U14982,"['U1604', 'U5087', 'U11971', 'U11929', 'U2108']",5
U14983,"['U1609', 'U6138', 'U13073', 'U12456', 'U345']",5
U14984,"['U2145', 'U2501', 'U7450']",3
U14985,"['U531', 'U3658', 'U8293', 'U3740']",4
U14986,"['U14694', 'U8587', 'U8489', 'U2728']",4
U14987,"['U13322', 'U12495', 'U6056', 'U9145', 'U942']",5
U14988,"['U13080', 'U14335', 'U8757', 'U4856']",4
U14989,"['U9781', 'U14281', 'U4136', 'U2586']",4
U14990,"['U10017', 'U7406', 'U10216', 'U13161', 'U1025']",5
U14991,"['U8682', 'U10345', 'U9411', 'U1648', 'U12035']",5
U14992,"['U2308', 'U5466', 'U13040', 'U14516', 'U1945']",5
U14993,"['U6797', 'U8624', 'U11180', 'U14920', 'U10642', 'U12970', 'U2571', 'U3195']",8
U14994,"['U14987', 'U6789', 'U11008', 'U11078', 'U11654']",5
U14995,"['U13775', 'U379', 'U5011', 'U5067', 'U7814', 'U13499', 'U6296', 'U4840', 'U8286']",9
U14996,"['U106', 'U8128', 'U10051', 'U10083', 'U14457', 'U4640', 'U2676']",7
U14997,"['U4166', 'U1047', 'U11870', 'U6637']",4
U14998,"['U14468', 'U13325', 'U5699']",3
U14999,"['U2474', 'U3459']",2
U15000,"['U657', 'U10144', 'U13965', 'U4536', 'U6641', 'U6888']",6
BOSS_0,"['MULE_0_0', 'MULE_0_1', 'MULE_0_2', 'MULE_0_3', 'MULE_0_4']",5
SHELL_0,[],0
MULE_0_0,['SHELL_0'],1
MULE_0_1,['SHELL_0'],1
MULE_0_2,['SHELL_0'],1
MULE_0_3,['SHELL_0'],1
MULE_0_4,['SHELL_0'],1
BOSS_1,"['MULE_1_0', 'MULE_1_1', 'MULE_1_2', 'MULE_1_3', 'MULE_1_4']",5
SHELL_1,[],0
MULE_1_0,['SHELL_1'],1
MULE_1_1,['SHELL_1'],1
MULE_1_2,['SHELL_1'],1
MULE_1_3,['SHELL_1'],1
MULE_1_4,['SHELL_1'],1
BOSS_2,"['MULE_2_0', 'MULE_2_1', 'MULE_2_2', 'MULE_2_3', 'MULE_2_4']",5
SHELL_2,[],0
MULE_2_0,['SHELL_2'],1
MULE_2_1,['SHELL_2'],1
MULE_2_2,['SHELL_2'],1
MULE_2_3,['SHELL_2'],1
MULE_2_4,['SHELL_2'],1
BOSS_3,"['MULE_3_0', 'MULE_3_1', 'MULE_3_2', 'MULE_3_3', 'MULE_3_4']",5
SHELL_3,[],0
MULE_3_0,['SHELL_3'],1
MULE_3_1,['SHELL_3'],1
MULE_3_2,['SHELL_3'],1
MULE_3_3,['SHELL_3'],1
MULE_3_4,['SHELL_3'],1
BOSS_4,"['MULE_4_0', 'MULE_4_1', 'MULE_4_2', 'MULE_4_3', 'MULE_4_4']",5
SHELL_4,[],0
MULE_4_0,['SHELL_4'],1
MULE_4_1,['SHELL_4'],1
MULE_4_2,['SHELL_4'],1
MULE_4_3,['SHELL_4'],1
MULE_4_4,['SHELL_4'],1
BOSS_5,"['MULE_5_0', 'MULE_5_1', 'MULE_5_2', 'MULE_5_3', 'MULE_5_4']",5
SHELL_5,[],0
MULE_5_0,['SHELL_5'],1
MULE_5_1,['SHELL_5'],1
MULE_5_2,['SHELL_5'],1
MULE_5_3,['SHELL_5'],1
MULE_5_4,['SHELL_5'],1
BOSS_6,"['MULE_6_0', 'MULE_6_1', 'MULE_6_2', 'MULE_6_3', 'MULE_6_4']",5
SHELL_6,[],0
MULE_6_0,['SHELL_6'],1
MULE_6_1,['SHELL_6'],1
MULE_6_2,['SHELL_6'],1
MULE_6_3,['SHELL_6'],1
MULE_6_4,['SHELL_6'],1
BOSS_7,"['MULE_7_0', 'MULE_7_1', 'MULE_7_2', 'MULE_7_3', 'MULE_7_4']",5
SHELL_7,[],0
MULE_7_0,['SHELL_7'],1
MULE_7_1,['SHELL_7'],1
MULE_7_2,['SHELL_7'],1
MULE_7_3,['SHELL_7'],1
MULE_7_4,['SHELL_7'],1
BOSS_8,"['MULE_8_0', 'MULE_8_1', 'MULE_8_2', 'MULE_8_3', 'MULE_8_4']",5
SHELL_8,[],0
MULE_8_0,['SHELL_8'],1
MULE_8_1,['SHELL_8'],1
MULE_8_2,['SHELL_8'],1
MULE_8_3,['SHELL_8'],1
MULE_8_4,['SHELL_8'],1
BOSS_9,"['MULE_9_0', 'MULE_9_1', 'MULE_9_2', 'MULE_9_3', 'MULE_9_4']",5
SHELL_9,[],0
MULE_9_0,['SHELL_9'],1
MULE_9_1,['SHELL_9'],1
MULE_9_2,['SHELL_9'],1
MULE_9_3,['SHELL_9'],1
MULE_9_4,['SHELL_9'],1
BOSS_10,"['MULE_10_0', 'MULE_10_1', 'MULE_10_2', 'MULE_10_3', 'MULE_10_4']",5
SHELL_10,[],0
MULE_10_0,['SHELL_10'],1
MULE_10_1,['SHELL_10'],1
MULE_10_2,['SHELL_10'],1
MULE_10_3,['SHELL_10'],1
MULE_10_4,['SHELL_10'],1
BOSS_11,"['MULE_11_0', 'MULE_11_1', 'MULE_11_2', 'MULE_11_3', 'MULE_11_4']",5
SHELL_11,[],0
MULE_11_0,['SHELL_11'],1
MULE_11_1,['SHELL_11'],1
MULE_11_2,['SHELL_11'],1
MULE_11_3,['SHELL_11'],1
MULE_11_4,['SHELL_11'],1
BOSS_12,"['MULE_12_0', 'MULE_12_1', 'MULE_12_2', 'MULE_12_3', 'MULE_12_4']",5
SHELL_12,[],0
MULE_12_0,['SHELL_12'],1
MULE_12_1,['SHELL_12'],1
MULE_12_2,['SHELL_12'],1
MULE_12_3,['SHELL_12'],1
MULE_12_4,['SHELL_12'],1
BOSS_13,"['MULE_13_0', 'MULE_13_1', 'MULE_13_2', 'MULE_13_3', 'MULE_13_4']",5
SHELL_13,[],0
MULE_13_0,['SHELL_13'],1
MULE_13_1,['SHELL_13'],1
MULE_13_2,['SHELL_13'],1
MULE_13_3,['SHELL_13'],1
MULE_13_4,['SHELL_13'],1
BOSS_14,"['MULE_14_0', 'MULE_14_1', 'MULE_14_2', 'MULE_14_3', 'MULE_14_4']",5
SHELL_14,[],0
MULE_14_0,['SHELL_14'],1
MULE_14_1,['SHELL_14'],1
MULE_14_2,['SHELL_14'],1
MULE_14_3,['SHELL_14'],1
MULE_14_4,['SHELL_14'],1
BOSS_15,"['MULE_15_0', 'MULE_15_1', 'MULE_15_2', 'MULE_15_3', 'MULE_15_4']",5
SHELL_15,[],0
MULE_15_0,['SHELL_15'],1
MULE_15_1,['SHELL_15'],1
MULE_15_2,['SHELL_15'],1
MULE_15_3,['SHELL_15'],1
MULE_15_4,['SHELL_15'],1
BOSS_16,"['MULE_16_0', 'MULE_16_1', 'MULE_16_2', 'MULE_16_3', 'MULE_16_4']",5
SHELL_16,[],0
MULE_16_0,['SHELL_16'],1
MULE_16_1,['SHELL_16'],1
MULE_16_2,['SHELL_16'],1
MULE_16_3,['SHELL_16'],1
MULE_16_4,['SHELL_16'],1
BOSS_17,"['MULE_17_0', 'MULE_17_1', 'MULE_17_2', 'MULE_17_3', 'MULE_17_4']",5
SHELL_17,[],0
MULE_17_0,['SHELL_17'],1
MULE_17_1,['SHELL_17'],1
MULE_17_2,['SHELL_17'],1
MULE_17_3,['SHELL_17'],1
MULE_17_4,['SHELL_17'],1
BOSS_18,"['MULE_18_0', 'MULE_18_1', 'MULE_18_2', 'MULE_18_3', 'MULE_18_4']",5
SHELL_18,[],0
MULE_18_0,['SHELL_18'],1
MULE_18_1,['SHELL_18'],1
MULE_18_2,['SHELL_18'],1
MULE_18_3,['SHELL_18'],1
MULE_18_4,['SHELL_18'],1
BOSS_19,"['MULE_19_0', 'MULE_19_1', 'MULE_19_2', 'MULE_19_3', 'MULE_19_4']",5
SHELL_19,[],0
MULE_19_0,['SHELL_19'],1
MULE_19_1,['SHELL_19'],1
MULE_19_2,['SHELL_19'],1
MULE_19_3,['SHELL_19'],1
MULE_19_4,['SHELL_19'],1
BOSS_20,"['MULE_20_0', 'MULE_20_1', 'MULE_20_2', 'MULE_20_3', 'MULE_20_4']",5
SHELL_20,[],0
MULE_20_0,['SHELL_20'],1
MULE_20_1,['SHELL_20'],1
MULE_20_2,['SHELL_20'],1
MULE_20_3,['SHELL_20'],1
MULE_20_4,['SHELL_20'],1
BOSS_21,"['MULE_21_0', 'MULE_21_1', 'MULE_21_2', 'MULE_21_3', 'MULE_21_4']",5
SHELL_21,[],0
MULE_21_0,['SHELL_21'],1
MULE_21_1,['SHELL_21'],1
MULE_21_2,['SHELL_21'],1
MULE_21_3,['SHELL_21'],1
MULE_21_4,['SHELL_21'],1
BOSS_22,"['MULE_22_0', 'MULE_22_1', 'MULE_22_2', 'MULE_22_3', 'MULE_22_4']",5
SHELL_22,[],0
MULE_22_0,['SHELL_22'],1
MULE_22_1,['SHELL_22'],1
MULE_22_2,['SHELL_22'],1
MULE_22_3,['SHELL_22'],1
MULE_22_4,['SHELL_22'],1
BOSS_23,"['MULE_23_0', 'MULE_23_1', 'MULE_23_2', 'MULE_23_3', 'MULE_23_4']",5
SHELL_23,[],0
MULE_23_0,['SHELL_23'],1
MULE_23_1,['SHELL_23'],1
MULE_23_2,['SHELL_23'],1
MULE_23_3,['SHELL_23'],1
MULE_23_4,['SHELL_23'],1
BOSS_24,"['MULE_24_0', 'MULE_24_1', 'MULE_24_2', 'MULE_24_3', 'MULE_24_4']",5
SHELL_24,[],0
MULE_24_0,['SHELL_24'],1
MULE_24_1,['SHELL_24'],1
MULE_24_2,['SHELL_24'],1
MULE_24_3,['SHELL_24'],1
MULE_24_4,['SHELL_24'],1
BOSS_25,"['MULE_25_0', 'MULE_25_1', 'MULE_25_2', 'MULE_25_3', 'MULE_25_4']",5
SHELL_25,[],0
MULE_25_0,['SHELL_25'],1
MULE_25_1,['SHELL_25'],1
MULE_25_2,['SHELL_25'],1
MULE_25_3,['SHELL_25'],1
MULE_25_4,['SHELL_25'],1
BOSS_26,"['MULE_26_0', 'MULE_26_1', 'MULE_26_2', 'MULE_26_3', 'MULE_26_4']",5
SHELL_26,[],0
MULE_26_0,['SHELL_26'],1
MULE_26_1,['SHELL_26'],1
MULE_26_2,['SHELL_26'],1
MULE_26_3,['SHELL_26'],1
MULE_26_4,['SHELL_26'],1
BOSS_27,"['MULE_27_0', 'MULE_27_1', 'MULE_27_2', 'MULE_27_3', 'MULE_27_4']",5
SHELL_27,[],0
MULE_27_0,['SHELL_27'],1
MULE_27_1,['SHELL_27'],1
MULE_27_2,['SHELL_27'],1
MULE_27_3,['SHELL_27'],1
MULE_27_4,['SHELL_27'],1
BOSS_28,"['MULE_28_0', 'MULE_28_1', 'MULE_28_2', 'MULE_28_3', 'MULE_28_4']",5
SHELL_28,[],0
MULE_28_0,['SHELL_28'],1
MULE_28_1,['SHELL_28'],1
MULE_28_2,['SHELL_28'],1
MULE_28_3,['SHELL_28'],1
MULE_28_4,['SHELL_28'],1
BOSS_29,"['MULE_29_0', 'MULE_29_1', 'MULE_29_2', 'MULE_29_3', 'MULE_29_4']",5
SHELL_29,[],0
MULE_29_0,['SHELL_29'],1
MULE_29_1,['SHELL_29'],1
MULE_29_2,['SHELL_29'],1
MULE_29_3,['SHELL_29'],1
MULE_29_4,['SHELL_29'],1
BOSS_30,"['MULE_30_0', 'MULE_30_1', 'MULE_30_2', 'MULE_30_3', 'MULE_30_4']",5
SHELL_30,[],0
MULE_30_0,['SHELL_30'],1
MULE_30_1,['SHELL_30'],1
MULE_30_2,['SHELL_30'],1
MULE_30_3,['SHELL_30'],1
MULE_30_4,['SHELL_30'],1
BOSS_31,"['MULE_31_0', 'MULE_31_1', 'MULE_31_2', 'MULE_31_3', 'MULE_31_4']",5
SHELL_31,[],0
MULE_31_0,['SHELL_31'],1
MULE_31_1,['SHELL_31'],1
MULE_31_2,['SHELL_31'],1
MULE_31_3,['SHELL_31'],1
MULE_31_4,['SHELL_31'],1
BOSS_32,"['MULE_32_0', 'MULE_32_1', 'MULE_32_2', 'MULE_32_3', 'MULE_32_4']",5
SHELL_32,[],0
MULE_32_0,['SHELL_32'],1
MULE_32_1,['SHELL_32'],1
MULE_32_2,['SHELL_32'],1
MULE_32_3,['SHELL_32'],1
MULE_32_4,['SHELL_32'],1
BOSS_33,"['MULE_33_0', 'MULE_33_1', 'MULE_33_2', 'MULE_33_3', 'MULE_33_4']",5
SHELL_33,[],0
MULE_33_0,['SHELL_33'],1
MULE_33_1,['SHELL_33'],1
MULE_33_2,['SHELL_33'],1
MULE_33_3,['SHELL_33'],1
MULE_33_4,['SHELL_33'],1
BOSS_34,"['MULE_34_0', 'MULE_34_1', 'MULE_34_2', 'MULE_34_3', 'MULE_34_4']",5
SHELL_34,[],0
MULE_34_0,['SHELL_34'],1
MULE_34_1,['SHELL_34'],1
MULE_34_2,['SHELL_34'],1
MULE_34_3,['SHELL_34'],1
MULE_34_4,['SHELL_34'],1
BOSS_35,"['MULE_35_0', 'MULE_35_1', 'MULE_35_2', 'MULE_35_3', 'MULE_35_4']",5
SHELL_35,[],0
MULE_35_0,['SHELL_35'],1
MULE_35_1,['SHELL_35'],1
MULE_35_2,['SHELL_35'],1
MULE_35_3,['SHELL_35'],1
MULE_35_4,['SHELL_35'],1
BOSS_36,"['MULE_36_0', 'MULE_36_1', 'MULE_36_2', 'MULE_36_3', 'MULE_36_4']",5
SHELL_36,[],0
MULE_36_0,['SHELL_36'],1
MULE_36_1,['SHELL_36'],1
MULE_36_2,['SHELL_36'],1
MULE_36_3,['SHELL_36'],1
MULE_36_4,['SHELL_36'],1
BOSS_37,"['MULE_37_0', 'MULE_37_1', 'MULE_37_2', 'MULE_37_3', 'MULE_37_4']",5
SHELL_37,[],0
MULE_37_0,['SHELL_37'],1
MULE_37_1,['SHELL_37'],1
MULE_37_2,['SHELL_37'],1
MULE_37_3,['SHELL_37'],1
MULE_37_4,['SHELL_37'],1
BOSS_38,"['MULE_38_0', 'MULE_38_1', 'MULE_38_2', 'MULE_38_3', 'MULE_38_4']",5
SHELL_38,[],0
MULE_38_0,['SHELL_38'],1
MULE_38_1,['SHELL_38'],1
MULE_38_2,['SHELL_38'],1
MULE_38_3,['SHELL_38'],1
MULE_38_4,['SHELL_38'],1
BOSS_39,"['MULE_39_0', 'MULE_39_1', 'MULE_39_2', 'MULE_39_3', 'MULE_39_4']",5
SHELL_39,[],0
MULE_39_0,['SHELL_39'],1
MULE_39_1,['SHELL_39'],1
MULE_39_2,['SHELL_39'],1
MULE_39_3,['SHELL_39'],1
MULE_39_4,['SHELL_39'],1
BOSS_40,"['MULE_40_0', 'MULE_40_1', 'MULE_40_2', 'MULE_40_3', 'MULE_40_4']",5
SHELL_40,[],0
MULE_40_0,['SHELL_40'],1
MULE_40_1,['SHELL_40'],1
MULE_40_2,['SHELL_40'],1
MULE_40_3,['SHELL_40'],1
MULE_40_4,['SHELL_40'],1
BOSS_41,"['MULE_41_0', 'MULE_41_1', 'MULE_41_2', 'MULE_41_3', 'MULE_41_4']",5
SHELL_41,[],0
MULE_41_0,['SHELL_41'],1
MULE_41_1,['SHELL_41'],1
MULE_41_2,['SHELL_41'],1
MULE_41_3,['SHELL_41'],1
MULE_41_4,['SHELL_41'],1
BOSS_42,"['MULE_42_0', 'MULE_42_1', 'MULE_42_2', 'MULE_42_3', 'MULE_42_4']",5
SHELL_42,[],0
MULE_42_0,['SHELL_42'],1
MULE_42_1,['SHELL_42'],1
MULE_42_2,['SHELL_42'],1
MULE_42_3,['SHELL_42'],1
MULE_42_4,['SHELL_42'],1
BOSS_43,"['MULE_43_0', 'MULE_43_1', 'MULE_43_2', 'MULE_43_3', 'MULE_43_4']",5
SHELL_43,[],0
MULE_43_0,['SHELL_43'],1
MULE_43_1,['SHELL_43'],1
MULE_43_2,['SHELL_43'],1
MULE_43_3,['SHELL_43'],1
MULE_43_4,['SHELL_43'],1
BOSS_44,"['MULE_44_0', 'MULE_44_1', 'MULE_44_2', 'MULE_44_3', 'MULE_44_4']",5
SHELL_44,[],0
MULE_44_0,['SHELL_44'],1
MULE_44_1,['SHELL_44'],1
MULE_44_2,['SHELL_44'],1
MULE_44_3,['SHELL_44'],1
MULE_44_4,['SHELL_44'],1
BOSS_45,"['MULE_45_0', 'MULE_45_1', 'MULE_45_2', 'MULE_45_3', 'MULE_45_4']",5
SHELL_45,[],0
MULE_45_0,['SHELL_45'],1
MULE_45_1,['SHELL_45'],1
MULE_45_2,['SHELL_45'],1
MULE_45_3,['SHELL_45'],1
MULE_45_4,['SHELL_45'],1
BOSS_46,"['MULE_46_0', 'MULE_46_1', 'MULE_46_2', 'MULE_46_3', 'MULE_46_4']",5
SHELL_46,[],0
MULE_46_0,['SHELL_46'],1
MULE_46_1,['SHELL_46'],1
MULE_46_2,['SHELL_46'],1
MULE_46_3,['SHELL_46'],1
MULE_46_4,['SHELL_46'],1
BOSS_47,"['MULE_47_0', 'MULE_47_1', 'MULE_47_2', 'MULE_47_3', 'MULE_47_4']",5
SHELL_47,[],0
MULE_47_0,['SHELL_47'],1
MULE_47_1,['SHELL_47'],1
MULE_47_2,['SHELL_47'],1
MULE_47_3,['SHELL_47'],1
MULE_47_4,['SHELL_47'],1
BOSS_48,"['MULE_48_0', 'MULE_48_1', 'MULE_48_2', 'MULE_48_3', 'MULE_48_4']",5
SHELL_48,[],0
MULE_48_0,['SHELL_48'],1
MULE_48_1,['SHELL_48'],1
MULE_48_2,['SHELL_48'],1
MULE_48_3,['SHELL_48'],1
MULE_48_4,['SHELL_48'],1
BOSS_49,"['MULE_49_0', 'MULE_49_1', 'MULE_49_2', 'MULE_49_3', 'MULE_49_4']",5
SHELL_49,[],0
MULE_49_0,['SHELL_49'],1
MULE_49_1,['SHELL_49'],1
MULE_49_2,['SHELL_49'],1
MULE_49_3,['SHELL_49'],1
MULE_49_4,['SHELL_49'],1
